PC1,PC2,Cluster,Categorie
-0.7961884866817304,-1.3001629994574309,1,Plastique
-0.9929043261675916,-1.2684211465050297,1,Papier
1.169745513867,1.0329212474928717,3,Verre
1.922182698397696,-1.5992995511424617,2,Verre
0.7673949052723407,-0.4855021791289731,2,Plastique
2.0670666768255668,1.3629693837079417,2,Plastique
-0.7405932848105957,-0.311766582996865,1,Plastique
-1.0900287906074508,-1.2687735103123474,1,Plastique
-1.1121381100040382,-1.259321754271792,1,Papier
-0.9798536467678269,-1.2774299117244023,1,Papier
-0.6788049237547524,1.6720856839772138,1,Papier
-0.8308779584138954,0.6970960448291705,1,Papier
1.6760182592021304,-0.5761250049669147,2,Verre
-0.6542576628625004,1.6729194244836265,1,Papier
2.089927259648426,-1.618167165126803,2,Verre
-1.0544235667893755,0.7181651843476857,1,Papier
-0.7394401823639821,1.6825982854244639,1,Papier
1.7016093690338914,-0.5797710747021486,2,Verre
-0.43879637793490434,0.6546295785036056,1,Plastique
1.8105928495881995,0.39579165549753736,2,Verre
0.05317451888995875,1.5894532596275386,1,Métal
-0.2692234359547762,1.6297164327090268,1,Plastique
1.2938906059872908,1.4512368222106693,2,Verre
-0.11768846124668936,1.605578406113559,1,Plastique
-0.7022604465535989,0.6775959919821808,1,Plastique
-0.5932879161777999,1.668003586603288,1,Papier
0.9547798899079625,-1.4939069173578658,2,Verre
-0.7124255892300758,-0.7055486716503563,0,Métal
-0.23480959173512975,0.25924881979372283,0,Métal
-0.6430391021096348,-0.3259223301803016,1,Plastique
-0.8577148845096566,-0.6587729172536296,0,Métal
2.1922612585419206,-0.6393434612885951,2,Verre
1.961950316591981,1.3718803032178484,2,Verre
-0.281237626078621,0.6326031289893674,1,Plastique
2.0007757191057327,0.3816124479111056,2,Verre
-0.3006989505377221,0.6427209500427147,1,Métal
-0.5273049279654639,1.6511274877161959,1,Plastique
-0.699862065374213,1.6782080834279045,1,Papier
-0.4566623277794465,0.656448672100659,1,Plastique
-0.9024479468198003,-1.2844662535847904,1,Papier
-0.5121330165224955,-1.3312285758979339,1,Verre
-0.6190551753247835,-1.642992842235653,0,Métal
-1.2988455178867944,-1.1987469675940847,1,Papier
-0.3892472317368728,-0.3431665513987514,1,Plastique
-0.7071695859180054,0.3216219169904737,0,Métal
-0.5078904519938363,-1.671169142689112,0,Métal
-0.30100987138754604,1.625952279005691,1,Plastique
-0.5902204699069805,0.6599252240835078,1,Plastique
-0.36592198475312976,0.6418189040743763,1,Plastique
-0.6445036876614609,0.6831496162174668,1,Papier
-1.0392716035547906,-0.2729884157121565,1,Papier
11.443964267760638,-0.10555862735979882,2,Verre
-0.8288205905922001,-0.29563826577522234,1,Papier
1.7569840213668566,-0.5859483625991253,2,Verre
-0.4259718144852034,1.6446676695070874,1,Plastique
0.9454962949436045,-0.49949694424794955,2,Verre
-0.2606928089715812,1.6279886622575048,1,Plastique
-0.3635829745764423,0.32227558716875504,0,Métal
1.8258585785816315,-1.5855948646673157,2,Verre
-0.9083002672362167,-0.2902770440650495,1,Papier
0.5715989508587809,1.549196938072958,1,Verre
2.6574999638096544,1.2968869763126964,2,Verre
-0.3705922650162049,1.6498346536054906,1,Papier
2.0629291067281095,1.3678800897369634,2,Verre
-0.23448113333645565,1.2677573195729648,0,Métal
-1.0544235667893755,0.7181651843476857,1,Papier
-0.8001368905629812,1.6825330974149095,1,Plastique
1.983303599460092,-0.6086104749453641,2,Verre
-0.7872619695247492,-0.29569362442818226,1,Papier
-1.0556947493106912,-0.2751095908195371,1,Papier
-0.8244191906391864,-0.29556462239835857,1,Papier
-0.5895242337955309,1.6672896689838546,1,Papier
-0.4548337168387847,-1.3334774198595845,1,Plastique
1.5167180488709628,-1.5515997824707526,2,Verre
-0.26489625559014823,1.6242930870510983,1,Plastique
-0.3540792910242916,1.6303384348870245,1,Plastique
0.1104730849677639,1.5902782461504434,1,Métal
-0.5426232947350732,0.6724878391694535,1,Plastique
-0.680149585206026,1.6767506352889587,1,Papier
-0.4548337168387847,-1.3334774198595845,1,Plastique
-0.8701738927208593,1.694102014371232,1,Papier
2.0007757191057327,0.3816124479111056,2,Verre
-0.5964372241123914,0.6644829977010407,1,Plastique
-0.7983306668312394,-1.6936219841544151,0,Métal
0.16059849592877826,1.5859436330717303,1,Métal
-0.6088071939829125,-1.3191543651194089,1,Plastique
1.5432437787256605,-0.5635357803355695,2,Verre
-0.6445036876614609,0.6831496162174668,1,Papier
-0.9117784695406165,-0.6571637570883377,0,Métal
-0.9134322338552243,0.705042795482355,1,Papier
-0.6672606730375245,-0.6766396775709508,0,Métal
1.6035598680518677,1.4124455671929457,2,Verre
-0.23972921954666515,1.272420917530732,0,Métal
-0.611008710384928,-1.3195142872511745,1,Plastique
-0.8998272402663612,-0.28590502874368773,1,Papier
-0.7588826194367508,0.6929029862434877,1,Papier
-0.611008710384928,-1.3195142872511745,1,Plastique
2.1350407589120333,1.3551403783487947,2,Verre
-0.3174872289879451,0.6339587601547818,1,Verre
-0.6552091385660138,-0.31023106045888604,1,Papier
1.569385773918365,-0.573134135435278,2,Verre
-0.22588734119635476,0.2839595276530411,0,Métal
-0.5829919790365816,-0.64581959064274,0,Métal
-0.7394401823639821,1.6825982854244639,1,Papier
-0.5459034416980083,1.6647125210044929,1,Papier
-0.8128231224418527,0.6991259173933064,1,Papier
2.664274096239459,-0.6892583871504951,2,Verre
1.420936873135522,0.44164002093487653,2,Plastique
-0.8935972693633161,0.7001830394624575,1,Papier
-0.6029553576392969,-1.6425690997274915,0,Métal
-0.8418243258081799,-1.29601318886491,1,Plastique
1.4670516321145217,-1.5507500896786268,2,Verre
-0.7540607968105223,-0.617851867592865,0,Métal
2.578632183742337,-0.6829822462458377,2,Verre
-0.7451118444011396,-0.3063551682915233,1,Plastique
-0.6315895884384479,0.6721466716654787,1,Plastique
1.9850677368596998,0.3745587597853566,2,Verre
-0.9369283996625718,-0.28323948021678946,1,Papier
-0.6951143769026371,0.6832902394873017,1,Papier
-0.8141736240100425,-0.291423848808094,1,Papier
1.8150713004320755,1.3941281835519799,2,Verre
-0.9715944083673255,-1.2747992751611728,1,Papier
-1.1287833665029363,-1.2568507759598044,1,Papier
-0.8027929184208659,-0.29642171735222034,1,Papier
-0.3869828183279489,1.6482293980789022,1,Papier
-0.734603237837965,0.6718251779310871,1,Plastique
-0.7701255952448721,-0.3123228508570872,1,Plastique
-0.9578645213361481,-1.272917539320281,1,Papier
-0.6164858156773486,0.33746223979417556,0,Métal
-0.3928908851649453,-1.7285590393590395,0,Métal
1.684556058685523,-0.5778828434023814,2,Verre
-0.37710030993846544,1.3087700526819621,0,Métal
-0.6855903661844034,1.6667694354137732,1,Plastique
-0.45242751299386685,1.6469473772246566,1,Papier
-0.5043856134523848,-1.3287473228688833,1,Plastique
-0.3084282408050044,0.6411203963552883,1,Plastique
-0.3793805670301154,-1.7193965813189465,0,Métal
-0.4234608262860532,-1.3405125386047834,1,Plastique
-0.5508032896529141,1.6648899580696905,1,Papier
-1.107862753489285,-0.6094327500156691,0,Métal
-0.2920804270952586,0.6396123721743143,1,Plastique
1.6808463850670994,-0.5734799895111833,2,Verre
-0.975413539788579,-1.6566949699266198,0,Métal
-0.639015501071573,-1.302117440341275,1,Papier
2.0861977566403347,0.3639185314538098,2,Verre
-0.8996625502921459,-0.29115356774219125,1,Plastique
-0.4310168167202475,-1.3364779486316878,1,Plastique
-1.000163276806059,-0.2755031730771167,1,Papier
-0.05326847858903122,1.247543303752497,0,Métal
-0.4310168167202475,-1.3364779486316878,1,Plastique
-0.5975339453028382,-0.32673601492158433,1,Plastique
-0.8880206288015478,1.6952171353251277,1,Papier
0.46305961366971604,1.5477813020069473,1,Métal
-0.4035692585907783,0.3282939942803951,0,Métal
-0.3647651906341267,1.6489217708656059,1,Papier
-1.3150456483167816,0.7802534149419429,1,Plastique
-0.4566623277794465,0.656448672100659,1,Plastique
3.4179960372936478,1.218774342596656,2,Verre
2.1818285195759266,1.3509252880223037,2,Verre
-0.6894178850682565,1.3530136570705074,0,Métal
-0.8383555856085874,0.6992872146016584,1,Papier
-0.8701738927208593,1.694102014371232,1,Papier
-0.41535755645816996,-0.7203156984787816,0,Métal
-0.592928360241521,1.6698642227179497,1,Papier
1.7731850638437447,0.4066539186061513,2,Verre
-0.4358660211586852,-1.3331678085483492,1,Plastique
-0.9117784695406165,-0.6571637570883377,0,Métal
-0.6319054785884691,-0.32332189871401895,1,Plastique
-0.09979819568744441,0.6132123395903186,1,Plastique
-1.2673284499065915,-1.2443424236295801,1,Papier
-0.6890362852654561,1.6810841023337189,1,Papier
2.292657340298296,1.3397923820365654,2,Verre
-0.473230284914841,-0.34112433853720847,1,Plastique
2.7729657930255653,1.2825756009002942,2,Verre
-0.56914398348202,1.6568316735935265,1,Plastique
-0.6920544387206058,0.2912536673345103,0,Métal
-0.41578030171777924,-0.34748344371061957,1,Verre
-0.16486869234545762,0.2861967278086377,0,Métal
-0.7460944221948909,-0.2998681097069418,1,Papier
-0.5133999385665494,1.651841279326714,1,Plastique
-0.48879781411962087,1.645675890797025,1,Plastique
-0.8779865874156395,-1.2859210922302369,1,Plastique
-0.4784966986762519,0.6559505078270516,1,Plastique
-0.6555595679601659,-1.315233362838497,1,Plastique
-1.3149057794683459,0.7800874105526254,1,Plastique
-0.9933044810491862,-0.6301565077212462,0,Métal
-1.0943394655780365,-0.2675683233437933,1,Plastique
-0.5895242337955309,1.6672896689838546,1,Papier
1.3257758839277232,1.4429289091009736,2,Verre
1.5579931380796663,-1.558805382982399,2,Verre
-0.7781018357972351,0.6952984645576639,1,Papier
-0.7960660065406343,-0.6401718339188833,0,Métal
-0.8837511873285853,1.6901499167673772,1,Papier
2.054895535749814,1.3607439301356312,2,Verre
-0.808930090617002,-0.2973388412577631,1,Papier
-1.5644976625619598,-1.1828563418802993,1,Plastique
8.934578584521809,-1.7383703882192296,2,Plastique
-0.539393037452385,0.28985043791651965,0,Métal
-0.3979835869839049,-1.3381662844720053,1,Plastique
2.0618772116558537,0.370852543339363,2,Verre
2.0942612656334982,0.3699295301104877,2,Verre
-0.5022805821133287,1.646679611570905,1,Plastique
1.7324985023978652,-0.59448609599032,2,Verre
-0.3538408220622724,1.6472103344123392,1,Papier
0.675750059121926,-0.5171400645091123,1,Plastique
-0.38188281054468043,-1.3423704096186062,1,Plastique
-0.6944689982116934,0.6819750348486189,1,Papier
-0.5641841397549132,1.6551423059854329,1,Plastique
-0.6903594299584992,0.6781790833723902,1,Papier
0.4025872059107255,0.5622173135686739,1,Métal
1.684556058685523,-0.5778828434023814,2,Verre
-0.2651152956532157,-0.6801925666414451,0,Métal
0.24203378129878692,-0.45140952245806987,1,Verre
-0.8427751323509718,0.6941385249220031,1,Plastique
-0.3153810559680169,0.6378504463972632,1,Plastique
-1.1149695769892027,-1.589762880363463,0,Métal
-0.849354223719224,-1.6628074430014814,0,Métal
-0.9117784695406165,-0.6571637570883377,0,Métal
1.3922484581717265,-0.5485207285851648,2,Verre
-0.5864957990422932,0.2961040289807684,0,Métal
-1.0303731597794725,-1.2675395548817407,1,Papier
-0.5458801833121547,1.6571463764933807,1,Plastique
1.1529117693251412,-0.524206162582551,2,Verre
-0.45547217103357474,-1.3328950157326032,1,Plastique
-0.31338569645877634,-1.7150469153220715,0,Métal
2.0051697680262435,1.3674021043547147,2,Verre
1.7528159485141452,-0.5882018467227826,2,Plastique
-0.702908516491379,-0.30668388762441734,1,Papier
-0.6166129066161944,-1.3188596522892428,1,Plastique
-0.3603174245846962,1.268219366023746,0,Métal
2.082071645927091,0.3701216464793118,2,Verre
-0.4644634448878373,-0.33768397121772664,1,Plastique
-0.8543722460075781,-1.6446108183092647,0,Métal
-0.5157435554459296,-1.3269433807612474,1,Plastique
-0.36592198475312976,0.6418189040743763,1,Plastique
-0.009807300414494069,0.26418987546991746,0,Métal
1.3038512097901358,1.4867195447223571,2,Verre
-0.09997261096368923,0.6134193456659702,1,Plastique
-1.0018152473292163,-0.27945615188787865,1,Papier
-0.37438043152851125,-0.35106417091301756,1,Plastique
-0.46265438569984974,-0.6613944029406145,0,Métal
-0.6759536642469255,0.6852816810881566,1,Papier
0.4619868021268482,-1.4843647109011775,1,Verre
-0.45862959225050826,1.2175517312736692,3,Métal
-0.5964372241123914,0.6644829977010407,1,Plastique
-0.13981585629395535,-1.3632920776568205,1,Métal
1.5345042785335,-1.560221577004525,2,Verre
-0.6167764370869511,-0.6640105855051113,0,Métal
-0.5427850027073725,-0.33225934092176423,1,Plastique
2.9658320686982704,0.2727252364467474,2,Verre
-0.5851167175389501,0.6741415747354182,1,Papier
-1.0900287906074508,-1.2687735103123474,1,Plastique
1.207861827764935,0.459037527700628,2,Verre
2.208798995212381,-0.6337516621535756,2,Verre
-0.483577174057758,-0.32553189681030137,1,Papier
0.9174471901699663,0.5284150406357633,2,Verre
-0.751640758506576,-1.2982945035142779,1,Plastique
-0.6457135039392177,-0.319233495784913,1,Plastique
-0.6360481566948296,0.35199946351770284,0,Métal
-0.8582957360161008,-1.2908287571283332,1,Plastique
-0.7521278995202817,1.6806756196830837,1,Papier
0.7280251521741821,1.4696117685607846,1,Verre
-0.44119526793696984,-0.7075253191506943,0,Métal
-0.5478009872520146,-1.659644540315446,0,Métal
-0.39887070883872566,-1.7232888652159435,0,Métal
-0.7916218154069345,0.3145216969635767,0,Métal
-0.7284576307200191,-1.3027224807167777,1,Papier
-0.45544926140443454,-1.330875345394464,1,Métal
2.1703610592588976,0.3550222158467202,2,Verre
-0.8804638270825674,-0.30020586238148317,1,Plastique
1.3335641246066465,-1.5324040084610493,2,Verre
-0.8137661744734068,0.6913942349556665,1,Plastique
-0.5584608971779056,-0.31673601157607645,1,Papier
-0.43552446621997865,0.6576074255296696,1,Plastique
-0.31696795982073384,1.2628590891230267,0,Métal
-0.28277209312301005,1.6261366546302274,1,Plastique
-0.7646082430115468,0.6928387560377802,1,Papier
-0.28277209312301005,1.6261366546302274,1,Plastique
-0.7064128064952109,0.6871467387900985,1,Papier
-0.536261280965457,1.6626459890703698,1,Papier
-0.8617595766569339,-0.29001438895548537,1,Papier
-0.8244191906391864,-0.29556462239835857,1,Papier
-0.23448113333645565,1.2677573195729648,0,Métal
-0.592928360241521,1.6698642227179497,1,Papier
-0.34085517611270316,1.6358889943901118,1,Plastique
2.464995408810037,0.32301104745129594,2,Verre
0.7184294527465065,0.5450003730444299,2,Verre
-0.35480404221314576,1.6389180785359618,1,Plastique
1.3910454959953222,1.4373193096580053,2,Verre
1.7688462778660352,-0.5936112566317508,2,Verre
-0.33403895795100136,0.6407501489620524,1,Plastique
-0.6122155522724698,1.6623069197639475,1,Plastique
-0.36912487485447343,0.30200108766587475,0,Métal
-0.5427850027073725,-0.33225934092176423,1,Plastique
-0.8498199098249464,-1.292640920336551,1,Plastique
-0.5749213587811339,1.3282261250945437,0,Métal
-0.18421394953073666,1.2670201493414532,0,Métal
1.801829206663734,1.3934800692919647,2,Verre
-0.34790933896275855,-1.3428438075029872,1,Plastique
-0.9261332986312321,0.708204949189642,1,Papier
1.7688462778660352,-0.5936112566317508,2,Verre
-0.9337461989282465,-1.274994517275454,1,Papier
-1.1384698552968686,-1.5958408232091355,0,Métal
-0.9083002672362167,-0.2902770440650495,1,Papier
-0.70571610192182,-1.6879489869864845,0,Métal
0.07632147490732236,1.2207477534534241,0,Métal
-0.9754231408245537,1.381175040678073,0,Métal
2.0618772116558537,0.370852543339363,2,Verre
-0.6558974297705499,1.678212644171795,1,Papier
-0.4903799585293275,-0.33224181245982254,1,Plastique
-0.609216682796993,-0.6654900129910539,0,Métal
0.552421394146576,-1.4973382356807032,1,Verre
-0.4259718144852034,1.6446676695070874,1,Papier
1.420936873135522,0.44164002093487653,2,Verre
2.6061673411979376,1.3042611806989453,2,Verre
-0.5902204699069805,0.6599252240835078,1,Plastique
-0.16486869234545762,0.2861967278086377,0,Métal
1.9918911710306393,0.37827508933215803,2,Verre
1.9623852457170576,-1.60596131284802,2,Verre
-0.8801971891831901,0.7029661043779425,1,Plastique
-0.6896357981866635,-1.2985855074778716,1,Plastique
-0.5964372241123914,0.6644829977010407,1,Plastique
-0.22588734119635476,0.2839595276530411,0,Métal
-0.408602256992902,-1.339036266334321,1,Plastique
-0.2658950144131855,1.62338124120878,1,Plastique
1.9898687109655309,0.37827742945088905,2,Verre
1.9466826675481546,-1.6093169731781596,2,Plastique
-0.8443622891298533,-1.6035500570543375,0,Métal
-0.9859258071794983,-1.2740411128879001,1,Plastique
-1.107862753489285,-0.6094327500156691,0,Métal
-0.5073998503447277,-0.3344160836841643,1,Plastique
-1.076935660651512,-1.2629509202252367,1,Papier
-0.8027929184208659,-0.29642171735222034,1,Papier
-0.9235480475932932,-1.2874143206860214,1,Plastique
-0.7450754886253405,-0.633868891285982,0,Métal
-1.043202357668781,-1.2670803857262245,1,Papier
-0.3153810559680169,0.6378504463972632,1,Plastique
1.6647584942842946,-1.570399174471992,2,Verre
-0.48217632898730234,-0.6828918923607746,0,Métal
-0.5306667287097865,-0.6862696924120323,0,Métal
-0.44592675040826857,0.3063580880791359,0,Métal
1.801829206663734,1.3934800692919647,2,Plastique
-0.9337737916472104,-0.28295956172166803,1,Papier
1.1699020704975878,0.4695523030507338,2,Verre
2.488638930951668,1.3182151166515659,2,Verre
1.7738626757115217,-0.5920879255019454,2,Verre
1.4165072044962812,-0.5531965898090021,2,Verre
1.338161101313397,0.45207715937041426,2,Verre
-0.44152113912458124,-1.3282764392511548,1,Plastique
1.8428264016285785,-1.5943445407134726,2,Verre
-0.6085579836198532,1.6606871345204046,1,Plastique
-0.6883587021483719,0.6797235059489408,1,Papier
-0.5073998503447277,-0.3344160836841643,1,Plastique
-0.6085579836198532,1.6606871345204046,1,Plastique
-0.8804638270825674,-0.30020586238148317,1,Plastique
-0.8998272402663612,-0.28590502874368773,1,Papier
2.778200328135683,-0.6983821435075748,2,Verre
-1.0392716035547906,-0.2729884157121565,1,Papier
0.9547798899079625,-1.4939069173578658,2,Verre
-0.5791041280904737,1.6664700087471267,1,Papier
-0.6818850656245297,0.684308599872473,1,Papier
-0.24978023234143445,0.26738672115526385,0,Métal
1.3770002339020782,1.439228624335225,2,Verre
1.5507528182516355,0.4232302741255396,2,Verre
-0.7161271865918365,-0.3207823645012253,1,Plastique
-0.7754370669899355,-1.3001742216685126,1,Plastique
-0.2658950144131855,1.62338124120878,1,Plastique
1.826712895309137,1.3905952886026018,2,Verre
-0.701307550984974,0.6870623571799734,1,Papier
-0.4933251764570099,-0.333637002894271,1,Plastique
-0.8658681788447449,0.7014931765847654,1,Papier
-0.3159751282503865,1.6282967702189908,1,Plastique
-0.32682045555469197,0.6401491105484365,1,Plastique
-0.6326325498597457,0.32995710789617694,0,Métal
-1.1384698552968686,-1.5958408232091355,0,Métal
-0.8955577987933987,-0.29097224730143845,1,Papier
-0.5722773309559969,-0.3252988515267985,1,Plastique
-0.7368642525756368,-0.30966123757918473,1,Plastique
1.1033627776012231,0.4735892594465423,2,Verre
-0.7027036009045038,-0.3057876947895126,1,Papier
-0.9614899924121717,-1.657340019882189,0,Métal
-0.6908449354296746,0.6782230209295512,1,Papier
0.4025872059107255,0.5622173135686739,1,Métal
1.2081601943919313,-1.4794675539055886,2,Verre
-0.6029553576392969,-1.6425690997274915,0,Métal
-0.522283346187278,0.33910273221258525,0,Métal
-0.8141982325884158,0.3775288680955864,0,Métal
-0.5378884425193817,0.6683149301993219,1,Papier
-0.05560415731325985,1.2468801544894885,0,Métal
-0.8031894269860695,1.3192385087418208,0,Métal
-0.43139868316682395,1.651476158313829,1,Papier
2.3363037890784155,-1.6507697350956283,2,Verre
-1.3149057794683459,0.7800874105526254,1,Plastique
-1.2582116448298073,-0.6499058005050623,0,Métal
2.173605059753751,1.3509929694415044,2,Verre
-0.3319342642455402,1.6358594633296895,1,Plastique
-0.8604554516028882,-1.2917518154892471,1,Plastique
-0.6342267160319892,1.6722837469522134,1,Papier
1.059835371358288,0.5162014854257295,2,Verre
-0.607697196255941,-1.3135287876170092,1,Plastique
-0.545529405493546,-0.33139479027317287,1,Plastique
-0.8201165309478446,-0.6749377736545884,0,Métal
-0.6949772023317115,-1.293350352807248,1,Papier
-0.6111038465450636,-1.3205276063038296,1,Plastique
1.1760192448788052,0.46863035750276194,2,Verre
-0.31711369381047116,-0.7340137418131141,0,Métal
-0.17245991369999825,1.2822726696787983,0,Métal
-0.2920804270952586,0.6396123721743143,1,Plastique
-0.4771057024062384,-0.3394211925159045,1,Plastique
-0.743009506750598,-0.6303159705653975,0,Métal
-0.48839432023875273,1.6457054756851173,1,Plastique
1.3268970557571251,0.4472313965106882,2,Plastique
0.25125322331753464,-0.4533433138682714,1,Verre
1.998277336146613,-1.6102105220812997,2,Verre
-0.6712016969263384,-1.6665888989662263,0,Métal
-0.8962203675931396,-0.28878705275143135,1,Papier
0.19736193280974926,-1.3371645252824624,2,Verre
1.8213425066903461,0.39498820741542606,2,Plastique
2.4990843149171913,1.3169802589847273,2,Verre
-0.6558974297705499,1.678212644171795,1,Papier
1.4165072044962812,-0.5531965898090021,2,Verre
1.2688644201949224,-0.5342261844340008,2,Verre
-0.10090077464623654,1.6050075179029244,1,Plastique
-0.44019398542641786,0.6583389630401963,1,Papier
-0.7583593898401534,-1.2899560985989769,1,Papier
-0.40920917157802084,1.63661970435863,1,Plastique
-0.7521278995202817,1.6806756196830837,1,Papier
-0.710319064410877,1.6796343801674072,1,Papier
-0.1189507740522851,1.6105851814924106,1,Plastique
0.39691115810185373,-0.3641801983329813,2,Verre
-0.6542576628625004,1.6729194244836265,1,Papier
-0.43582717583011044,0.6511248666717322,1,Plastique
-0.1544052802156436,1.6166738517048567,1,Plastique
2.039487680729956,1.368116238981542,2,Verre
-0.6457135039392177,-0.319233495784913,1,Plastique
1.7731850638437447,0.4066539186061513,2,Verre
0.0007383451702840382,0.2701021968854904,0,Métal
-0.3390903786120932,1.253658401415697,0,Métal
-0.44955236552836275,-0.345517921768304,1,Plastique
-0.8962203675931396,-0.28878705275143135,1,Papier
-0.08907304258487675,1.238792846773695,0,Métal
9.469652807081102,-0.8207034204285288,2,Verre
-0.6082104443545091,-0.31421946830402403,1,Papier
-0.6409968910564671,-0.32300759491243647,1,Plastique
-1.076935660651512,-1.2629509202252367,1,Papier
-0.4980510379707094,-0.3361242488333265,1,Plastique
-0.7442946000125042,-0.3073251209091048,1,Plastique
2.403964097061919,0.33176721109469365,2,Verre
2.464995408810037,0.32301104745129594,2,Verre
-0.2387401612475626,1.622526895076257,1,Plastique
-0.3533859980047752,-0.3492434302051677,1,Plastique
-0.7426166444342139,0.6900626558637402,1,Papier
-0.4568179945732701,0.6653416762988418,1,Papier
-0.20769650166378328,-1.3530171168061256,1,Métal
2.488638930951668,1.3182151166515659,2,Verre
0.9739415107945832,-0.4677788865763828,2,Verre
-0.6745879687167446,0.6835134527694191,1,Papier
1.3828106762141175,0.4427971508136932,2,Verre
-0.9929043261675916,-1.2684211465050297,1,Papier
-0.7972420531857902,1.6790973380135295,1,Plastique
-0.5832784014574314,1.6612067192651419,1,Plastique
-0.736024419423014,-0.3014595399499418,1,Papier
-0.8744940505457578,-1.2969609269961158,1,Plastique
-0.6803454821013522,0.6718663837445076,1,Plastique
1.8356559472894907,0.3938051353127041,2,Verre
1.9902261967645964,-0.6176086366359218,2,Verre
2.0545505357783527,-1.6148949566217219,2,Verre
0.30646326932184675,1.5266329735202817,1,Papier
-0.48217632898730234,-0.6828918923607746,0,Métal
-0.5010351429414015,-0.33143784520259123,1,Plastique
-0.9697081070060855,-0.612871761887525,0,Métal
-0.7825540279237578,-0.29730152029838286,1,Papier
1.8635783215820534,0.39989340672846985,2,Verre
1.5507528182516355,0.4232302741255396,2,Verre
2.176558451812814,-0.6334236455691544,2,Verre
-0.7778789225572764,-0.2978285929846807,1,Papier
-0.8892550462549462,-1.2860033558510509,1,Plastique
-0.43666390633588326,0.26244320978989855,0,Métal
1.7688462778660352,-0.5936112566317508,2,Verre
1.7907903389655908,-0.5963475945177907,2,Verre
-0.7972420531857902,1.6790973380135295,1,Plastique
2.488638930951668,1.3182151166515659,2,Verre
-0.5895242337955309,1.6672896689838546,1,Papier
1.967323848916529,-0.6183145166994869,2,Verre
-0.3412972296317907,-1.344797194765068,1,Plastique
-0.7123064351617717,1.6763697079118052,1,Papier
-0.6954711752498567,1.6720510737719592,1,Papier
-0.770269215946485,-0.3135566324303012,1,Plastique
-0.91129983154869,-0.6449250334378229,0,Métal
1.1671816619573536,-0.523518842635381,2,Verre
0.7669199047752203,0.08270421261153982,3,Verre
1.5432437787256605,-0.5635357803355695,2,Verre
-0.5766331989899952,-1.3174543498040714,1,Plastique
-0.7551394822191897,0.6900387858778407,1,Papier
-0.6076525822413896,-0.32315873588180133,1,Plastique
2.2191815445005734,1.344000237463394,2,Verre
-0.23480959173512975,0.25924881979372283,0,Métal
1.8428264016285785,-1.5943445407134726,2,Verre
-0.6830743652277149,1.6771529025349647,1,Papier
1.983303599460092,-0.6086104749453641,2,Verre
2.2583984930306347,0.34418864694444395,2,Verre
-0.8668269202938879,0.6984741678828381,1,Papier
3.1593232695156743,0.24955025389694274,2,Verre
-0.43139868316682395,1.651476158313829,1,Papier
2.274729612024223,-0.646777402663811,2,Verre
1.170292998927478,-0.5245959099221233,2,Verre
-0.9380689621039418,-1.6344479576647353,0,Métal
-1.0493436720378517,-0.6315553565336511,0,Métal
-0.41535755645816996,-0.7203156984787816,0,Métal
-0.48839432023875273,1.6457054756851173,1,Plastique
-0.7183757782758152,-0.635430529626668,0,Métal
1.2402619828756398,-1.5180340982605962,2,Verre
2.068814564439957,1.3631736706728483,2,Verre
1.829576436685831,-1.590007432376696,2,Verre
-0.7701255952448721,-0.3123228508570872,1,Plastique
1.8781069703158524,-0.6034467625517462,2,Verre
-0.2955583887471736,-0.6803758417062483,0,Métal
-0.3733943163274359,0.30706830622362546,0,Plastique
-0.2816632885224367,0.6304269921891021,1,Plastique
-0.8329686118904299,1.6906194561121815,1,Papier
-0.6822928695197747,-0.6572952356506343,0,Métal
-0.48173934764870907,0.6553030276577265,1,Plastique
1.8781069703158524,-0.6034467625517462,2,Verre
-1.2945760764138319,-1.2038141861518352,1,Papier
-0.9787670610393531,-0.2877323125341362,1,Plastique
-0.0577177355357302,-1.3855719517743401,1,Verre
1.5507528182516355,0.4232302741255396,2,Verre
1.1493981813404073,-0.5200360343928843,2,Verre
-0.7097036961173911,-0.31646045899800157,1,Plastique
-0.8293340951930894,-1.2832300743209115,1,Papier
-0.7394506545336532,0.6901890288925843,1,Papier
-0.9789241436265078,-1.280454885717953,1,Plastique
1.684556058685523,-0.5778828434023814,2,Verre
-0.7754229105233428,-0.3012692860942763,1,Papier
-0.9117784695406165,-0.6571637570883377,0,Métal
-0.751332236678703,0.6900377087435017,1,Papier
-0.5791041280904737,1.6664700087471267,1,Papier
0.7916233030580514,1.5299231614588449,2,Verre
-0.855863526026901,-0.2914125356722921,1,Papier
-0.7262296866953358,-0.6257897008093831,0,Métal
-0.369328802906285,0.6435985675215481,1,Plastique
-0.7091415088923221,-0.3036212885489602,1,Papier
1.8299174056747018,0.3995804661556013,2,Verre
-0.7700356642417989,1.3407014476135937,0,Métal
-0.2715390252782473,-0.675012796138656,0,Métal
-0.9950084561539059,-0.2787676825507772,1,Papier
-0.6183659278775254,1.671238446787781,1,Papier
-0.5902204699069805,0.6599252240835078,1,Plastique
1.9036224739689254,-1.6024411559641802,2,Verre
-0.34582288954954027,-0.7324263972684528,0,Métal
-0.8345958291784792,0.7009967300323241,1,Papier
-0.6076525822413896,-0.32315873588180133,1,Plastique
-0.4935772964578494,0.32089257730932874,0,Métal
1.664546084626264,-0.580203385484249,2,Verre
-0.25476774358037646,0.3009584256172275,0,Métal
-0.6865995664893539,1.309079555106169,0,Métal
-0.6872050403868691,-1.2993335715992067,1,Papier
-0.6634010538004439,-0.32404934661175044,1,Plastique
-1.1125387371696733,-0.7013079380430673,3,Plastique
1.1498498509187027,1.4652893552554203,2,Verre
-1.0018152473292163,-0.27945615188787865,1,Papier
-0.8476161520762926,-1.2932065330130031,1,Plastique
-0.6699275953344423,-1.2985261636945387,1,Papier
-0.9661786312053003,-0.6557964557793299,0,Métal
1.922182698397696,-1.5992995511424617,2,Verre
1.5579931380796663,-1.558805382982399,2,Verre
2.357358005311352,1.3342716584061416,2,Verre
-0.5129871267120466,1.6534279725650605,1,Plastique
-0.6012827397196397,0.6686224844040056,1,Papier
-0.9261332986312321,0.708204949189642,1,Papier
-0.887071139087408,0.7013180144518276,1,Papier
-0.7161271865918365,-0.3207823645012253,1,Plastique
2.1818285195759266,1.3509252880223037,2,Verre
-0.4738055422238686,1.6485157430716744,1,Plastique
-0.522283346187278,0.33910273221258525,0,Métal
-0.5696721304528861,-0.32803520416114784,1,Plastique
1.0284457679803314,1.5146400796495094,2,Verre
-0.34661417979722225,1.2818396572276016,0,Métal
1.60261025296309,-0.5701921807617876,2,Verre
1.9898687109655309,0.37827742945088905,2,Verre
1.4944250887381088,-0.5614702200894299,2,Verre
1.4937829284116917,-0.5633962664619733,2,Verre
-0.13927081612232128,0.2996278395948486,0,Métal
1.7324985023978652,-0.59448609599032,2,Verre
1.763283513799607,-1.5919239407077521,2,Verre
-0.5306667287097865,-0.6862696924120323,0,Métal
9.83743649335686,-1.8602788087832176,2,Verre
-0.9715944083673255,-1.2747992751611728,1,Papier
-0.5964372241123914,0.6644829977010407,1,Plastique
-0.7395498741072597,0.6810066880798147,1,Plastique
1.983303599460092,-0.6086104749453641,2,Verre
-0.8784526041189954,-0.29068621072658796,1,Plastique
-0.07393465054914525,0.257957422522896,0,Métal
-1.0117596370950266,-0.2836395290409923,1,Plastique
1.0638033858570657,1.4720870706261657,2,Verre
-0.8668269202938879,0.6984741678828381,1,Papier
-0.5492435773894538,1.6575728345143224,1,Papier
-0.588701321560743,-1.3147653884655564,1,Papier
-0.6334331186479537,-1.657002133117044,0,Métal
-0.8638774017244396,-1.295752573298001,1,Papier
-1.111478982213392,-1.2612775879810538,1,Papier
-1.1287833665029363,-1.2568507759598044,1,Papier
-0.806582542085397,-0.6868401190363115,0,Métal
-0.8301868976490008,-1.2860714468988788,1,Papier
-0.7394506545336532,0.6901890288925843,1,Papier
-0.5850386269032175,-0.6591656084673693,0,Métal
-0.5306667287097865,-0.6862696924120323,0,Métal
-0.48801491241422323,0.6541627918088213,1,Papier
2.3363037890784155,-1.6507697350956283,2,Verre
-0.30447484379368683,0.6362435244235274,1,Plastique
-0.4545040651524843,1.6433764300176754,1,Plastique
-0.6486802009483352,0.35986289161012475,0,Métal
1.5345042785335,-1.560221577004525,2,Verre
2.068814564439957,1.3631736706728483,2,Plastique
-0.31696795982073384,1.2628590891230267,0,Métal
-0.5190370242644465,1.6552972708472142,1,Plastique
-0.9337461989282465,-1.274994517275454,1,Papier
-0.6721655031960878,-1.6216139695158573,0,Métal
-0.4234608262860532,-1.3405125386047834,1,Plastique
2.173605059753751,1.3509929694415044,2,Verre
1.1609703522611663,0.5075741707219454,2,Verre
2.6574999638096544,1.2968869763126964,2,Verre
-0.8164437643495444,-1.6453785086017096,0,Métal
-0.6933057369130003,-0.31047744695650636,1,Plastique
-0.7663949228163751,0.6850727340196447,1,Plastique
-0.8290935637686824,-1.2873227845585706,1,Papier
-0.46745412571990674,-1.6914690032576911,0,Métal
-0.7572751672947274,-0.30334292307326827,1,Papier
-0.5373277989231504,1.654263299614436,1,Papier
-0.6227515796789628,0.278370133953181,0,Métal
-0.48971070418027396,1.6532389801577405,1,Plastique
1.9546287693916682,-0.6132949906282282,2,Verre
-0.8201165309478446,-0.6749377736545884,0,Métal
-0.2777651685200593,-0.7125804450960556,0,Plastique
-0.6037125500150741,1.6692515458497257,1,Papier
-0.8329686118904299,1.6906194561121815,1,Papier
-0.5722773309559969,-0.3252988515267985,1,Plastique
-0.5601849874271755,1.6656037303311135,1,Papier
1.0556726365464602,0.5211420583842934,2,Verre
0.48729912135234577,0.5092814490934789,1,Verre
-0.6082104443545091,-0.31421946830402403,1,Papier
-0.22588734119635476,0.2839595276530411,0,Métal
2.1350407589120333,1.3551403783487947,2,Verre
-0.6868284114902362,-1.6294293561475173,0,Plastique
-0.4882488649756205,0.3351520239147392,0,Métal
-0.5388825193070791,0.67216410328814,1,Papier
-0.11173159429959972,0.27457456093175425,0,Métal
-0.6954711752498567,1.6720510737719592,1,Papier
2.1922612585419206,-0.6393434612885951,2,Verre
-1.0349634759103088,-0.6544953251876848,0,Métal
1.079446688735241,1.4700155743226768,2,Plastique
-0.9723152213174152,-1.2694519241927127,1,Plastique
2.4299865495963053,-1.6540119413099794,2,Verre
-1.0997877713506103,-1.259396747417475,1,Papier
-0.34148538417200247,-0.6808243846516432,0,Métal
1.9639891993105656,-0.6088584999003511,2,Verre
-0.7203584898797664,-1.305673702994365,1,Plastique
-0.5836553086860149,0.6653782929620478,1,Plastique
-0.9259873952338143,-1.2784171893482883,1,Papier
-0.3319763963767439,-0.7235301037793431,0,Métal
-1.0166884443119764,-1.266114541015213,1,Papier
-0.4777563540758115,0.6522589597767363,1,Plastique
1.826712895309137,1.3905952886026018,2,Verre
0.6846283954543257,-0.4426984385989897,2,Verre
-0.639465137337752,-0.3167732203529816,1,Papier
-0.6418199338394378,-0.32011023314369424,1,Plastique
1.9639891993105656,-0.6088584999003511,2,Verre
-0.5649266500457416,0.66157153873926,1,Plastique
-0.8919097910274586,-0.2874686085561886,1,Papier
-1.0165031840070615,0.7164318128188472,1,Papier
-0.3078505546141349,-0.35203172545155437,1,Métal
-0.6439857278511388,-0.3185313191000616,1,Plastique
-0.5596017237227476,0.2797873499673651,0,Métal
-0.6910294162584709,-0.3059170423183164,1,Papier
-0.31338569645877634,-1.7150469153220715,0,Métal
-0.7460944221948909,-0.2998681097069418,1,Papier
1.9623852457170576,-1.60596131284802,2,Verre
2.5536961713464468,1.3109911476093903,2,Verre
1.170292998927478,-0.5245959099221233,2,Verre
1.7191249366240602,0.41660666644988575,2,Verre
-1.0105990384968384,-0.2777361280907107,1,Papier
-0.4179554232273607,-1.713596227994715,0,Métal
0.0007383451702840382,0.2701021968854904,0,Métal
1.9918911710306393,0.37827508933215803,2,Verre
-0.5714291502442279,-0.6991339390344404,0,Métal
-0.6866740101477201,-0.3048557745739915,1,Papier
-0.4590540136715623,0.2911609040117109,0,Métal
1.8428264016285785,-1.5943445407134726,2,Verre
-0.46184444266442926,0.6661291311011104,1,Papier
-0.8201165309478446,-0.6749377736545884,0,Métal
-0.6315895884384479,0.6721466716654787,1,Plastique
-0.9159015157911741,0.7054284193010363,1,Papier
2.064975168829211,0.3695367347888536,2,Verre
0.7358204127177186,0.5441923217448728,2,Verre
-0.06140699045125435,-1.381193331973459,1,Verre
-0.4991512055558771,1.3216790023006182,0,Métal
1.3257758839277232,1.4429289091009736,2,Verre
-0.6892218967552923,-0.6539957277703132,0,Métal
-0.6261725815828378,-0.32821746979748334,1,Plastique
-0.5404659754965208,0.6559425871866738,1,Plastique
-0.17245991369999825,1.2822726696787983,0,Métal
1.826712895309137,1.3905952886026018,2,Verre
-0.9789241436265078,-1.280454885717953,1,Plastique
-0.9317626338200934,-0.28178219354074185,1,Papier
-0.14888412299756695,0.29707462920124983,0,Métal
-0.7778155250336813,0.6937757606443273,1,Papier
-1.2176544357846049,-1.2512612102276697,1,Plastique
-1.0349634759103088,-0.6544953251876848,0,Plastique
-1.076935660651512,-1.2629509202252367,1,Papier
1.794310877562426,-0.5955627533319854,2,Verre
-0.1422631856015808,1.618398903480467,1,Métal
-0.38653545420236923,0.32092354741603457,0,Métal
-1.064466232979769,-0.6244454705004102,0,Métal
-0.45248101459381695,-0.344374966468014,1,Plastique
-0.7394401823639821,1.6825982854244639,1,Papier
-0.15639006965542657,0.3053994641146094,0,Métal
0.5260811617034334,1.5014531651145064,1,Verre
0.3973618109169421,-1.4742214258171822,1,Verre
1.6647584942842946,-1.570399174471992,2,Verre
-0.2611622823578572,1.6259022637862819,1,Plastique
1.7949101531629037,1.3885739110962263,2,Verre
-0.5966167549706543,0.6755749618662061,1,Papier
-0.5601849874271755,1.6656037303311135,1,Papier
-0.5622759666314197,-0.32801435830213266,1,Plastique
-0.5915441521466194,-0.3254323436093127,1,Plastique
2.173605059753751,1.3509929694415044,2,Verre
-0.5828236150013186,1.6606669525568216,1,Plastique
-0.539393037452385,0.28985043791651965,0,Métal
-0.5918248797704363,1.666757222350274,1,Papier
-0.8141736240100425,-0.291423848808094,1,Papier
-0.7498021612368937,-0.3082475236046376,1,Plastique
1.819199357339875,-0.597311719395702,2,Verre
-0.702908516491379,-0.30668388762441734,1,Papier
-0.7395908917577229,-0.6705019460018466,0,Métal
-0.6111038465450636,-1.3205276063038296,1,Plastique
-0.749804549961686,-0.30973113916933603,1,Papier
1.2795095021835043,1.4485013883528801,2,Verre
0.35204967817291954,1.1246557202172485,3,Verre
-0.5641841397549132,1.6551423059854329,1,Plastique
-0.739688249407706,1.3232938914982586,0,Plastique
-0.7646082430115468,0.6928387560377802,1,Papier
-0.8043809421483596,-0.2957066527954255,1,Papier
-0.41917477282682203,0.6469547156174642,1,Plastique
-0.40329692971521824,1.280639966686458,0,Métal
0.06197021882690584,0.5996739501730655,1,Métal
-0.35630719178130665,1.2763466132750938,0,Plastique
1.3910454959953222,1.4373193096580053,2,Verre
-0.6189068714640983,0.6811456052856466,1,Papier
-0.7091415088923221,-0.3036212885489602,1,Papier
-1.0117596370950266,-0.2836395290409923,1,Plastique
-0.6883587021483719,0.6797235059489408,1,Papier
-0.28277209312301005,1.6261366546302274,1,Plastique
-0.8510821445728516,-1.2886994066321646,1,Papier
-0.7262296866953358,-0.6257897008093831,0,Métal
-0.34919829943083647,-1.3413139951269626,1,Plastique
-0.26489625559014823,1.6242930870510983,1,Plastique
1.998277336146613,-1.6102105220812997,2,Verre
1.9623852457170576,-1.60596131284802,2,Verre
-0.66970237133161,1.676149158265855,1,Papier
-0.34508984980896285,1.3126984837748827,0,Métal
-0.8301868976490008,-1.2860714468988788,1,Papier
0.32812099998283795,0.5325800063512798,1,Verre
12.358082879598395,-3.234021941469618,2,Verre
-0.7668123773363635,-1.298787492739483,1,Plastique
-0.6412148296199306,-0.32043021082601153,1,Plastique
-0.6418199338394378,-0.32011023314369424,1,Plastique
-0.5373277989231504,1.654263299614436,1,Papier
-0.680149585206026,1.6767506352889587,1,Papier
1.5579931380796663,-1.558805382982399,2,Verre
-1.043202357668781,-1.2670803857262245,1,Papier
-0.16410672999054687,1.6103990485179847,1,Plastique
-0.8443622891298533,-1.6035500570543375,0,Métal
2.274729612024223,-0.646777402663811,2,Verre
-0.5138407931736694,-0.33572412185507794,1,Plastique
2.791742577783431,0.28796972545305555,2,Verre
-0.20858627467393925,1.6169755980310898,1,Plastique
1.922182698397696,-1.5992995511424617,2,Verre
1.889939640410478,-0.6010207653939572,2,Verre
0.8833852397271555,-1.4923624901834462,2,Verre
-0.7781018357972351,0.6952984645576639,1,Papier
0.0007383451702840382,0.2701021968854904,0,Métal
-0.9707461943185319,-1.272653462755729,1,Papier
-0.34085517611270316,1.6358889943901118,1,Plastique
-1.5644976625619598,-1.1828563418802993,1,Plastique
-0.7642583833750459,-0.3044840017333026,1,Plastique
-0.24978023234143445,0.26738672115526385,0,Plastique
1.6201283174911973,-0.5729642645688829,2,Verre
-0.5243016290698864,-1.7006272112030396,0,Métal
-0.7145738377225688,0.6819361021128343,1,Plastique
-0.699862065374213,1.6782080834279045,1,Papier
-0.704636785383721,-0.629637418032313,0,Plastique
-0.849354223719224,-1.6628074430014814,0,Métal
1.569385773918365,-0.573134135435278,2,Verre
2.292657340298296,1.3397923820365654,2,Verre
-0.6830743652277149,1.6771529025349647,1,Papier
-0.4579574629232004,-0.3344767585849213,1,Plastique
-0.5306667287097865,-0.6862696924120323,0,Métal
-0.7426166444342139,0.6900626558637402,1,Papier
-0.7781018357972351,0.6952984645576639,1,Papier
-0.894722767512414,-0.6589800491776416,0,Métal
0.7184294527465065,0.5450003730444299,2,Verre
-0.4784966986762519,0.6559505078270516,1,Plastique
1.4944250887381088,-0.5614702200894299,2,Verre
-0.20858627467393925,1.6169755980310898,1,Plastique
-0.894722767512414,-0.6589800491776416,0,Métal
-0.6894178850682565,1.3530136570705074,0,Métal
-0.5280579940536058,-1.678003210941433,0,Métal
2.2583984930306347,0.34418864694444395,2,Verre
-0.60134512826371,-0.3272233182930464,1,Plastique
-0.430346929306026,-1.334343480711561,1,Plastique
2.154073220007338,-1.62583204501358,2,Verre
-1.17853582471796,0.9270886444628139,3,Métal
-0.45298202051915193,1.6450355846658031,1,Plastique
2.4990843149171913,1.3169802589847273,2,Verre
-0.5775251724738499,-0.3281206332176212,1,Plastique
-0.3298893579806388,0.6393065399927418,1,Plastique
1.9502232557096577,0.38652065344392117,2,Verre
-0.03987916363254261,-1.3729044211283083,1,Métal
-0.8535573673594399,-0.6591311736772946,0,Métal
-0.6167764370869511,-0.6640105855051113,0,Métal
-1.000163276806059,-0.2755031730771167,1,Papier
-0.6047524023977793,-1.6682344900841883,0,Métal
2.8000118927428934,0.28941165547176695,2,Verre
2.1818285195759266,1.3509252880223037,2,Verre
-0.5459034416980083,1.6647125210044929,1,Papier
-0.48240313631668297,-1.6752878227119514,0,Métal
-0.4771630695091046,-0.34279712954020547,1,Plastique
-0.6445036876614609,0.6831496162174668,1,Papier
-0.4953434806707744,-0.33960556814044107,1,Plastique
-0.4711982995800523,-0.7157404350018883,0,Métal
0.2986545346626053,0.5373846135761531,1,Verre
1.3335641246066465,-1.5324040084610493,2,Plastique
-0.808930090617002,-0.2973388412577631,1,Papier
1.8937117888014905,0.38983691641136153,2,Verre
-0.5330427374604132,0.34515063991828465,0,Métal
-0.688253910880514,1.352831306224098,0,Métal
-0.9798536467678269,-1.2774299117244023,1,Papier
1.998277336146613,-1.6102105220812997,2,Verre
-0.24978023234143445,0.26738672115526385,0,Métal
-0.7711534690503803,-0.306336504652027,1,Papier
-0.2955699020262459,0.6355446151322173,1,Plastique
-0.433079511166254,0.6616227514400903,1,Papier
1.0727352658559735,-0.5132266205223323,2,Verre
-0.7054083395466261,-0.31355679448064366,1,Papier
-0.8498199098249464,-1.292640920336551,1,Plastique
1.4937829284116917,-0.5633962664619733,2,Verre
-0.9789241436265078,-1.280454885717953,1,Plastique
1.1963396138830107,-0.5283090340457274,2,Verre
-0.839127322213352,-1.2901419041674727,1,Plastique
-0.24413042499017654,-0.36201827119200214,1,Plastique
-0.39887070883872566,-1.7232888652159435,0,Métal
-0.6652777181768601,0.6713190247178111,1,Plastique
-0.9841230882407894,-1.2723626931666516,1,Papier
-0.28277209312301005,1.6261366546302274,1,Plastique
-0.41535755645816996,-0.7203156984787816,0,Métal
1.7678101976148444,-1.587673978136756,2,Verre
-0.7700356642417989,1.3407014476135937,0,Métal
-1.0733703593164705,-1.2617404157814123,1,Papier
-0.6652777181768601,0.6713190247178111,1,Plastique
2.5531782611051184,1.3102466863730282,2,Verre
-0.6360481566948296,0.35199946351770284,0,Métal
2.7729657930255653,1.2825756009002942,2,Verre
-0.15639006965542657,0.3053994641146094,0,Métal
-0.08907304258487675,1.238792846773695,0,Métal
-1.1979056552266514,-1.2547925394775914,1,Plastique
-0.9405251872373519,0.71168461158329,1,Papier
1.7949101531629037,1.3885739110962263,2,Verre
-0.37290238502707285,1.6374890295798907,1,Plastique
-0.2955699020262459,0.6355446151322173,1,Plastique
1.7528159485141452,-0.5882018467227826,2,Verre
-0.8680993154524671,-1.2808458964478786,1,Plastique
-0.8345958291784792,0.7009967300323241,1,Papier
-0.5983034162972465,1.6568668475062795,1,Plastique
-0.5468956537818025,-0.3304898750559526,1,Plastique
0.5279198205533557,-0.45626493847569294,1,Verre
-0.5032203210659971,1.2886036453617369,0,Métal
-0.6509396970930513,-0.31529827901663676,1,Papier
-1.001383677944713,-1.2850954010203606,1,Plastique
-0.36057663325426914,1.2814138318328443,0,Métal
-0.5095246073998927,-1.3292807668128286,1,Plastique
-0.3525620444985742,1.635067972090179,1,Plastique
3.1593232695156743,0.24955025389694274,2,Verre
-0.9907640740049302,-0.28259588411060843,1,Papier
-0.40108385383809486,-0.6634339050616849,0,Métal
-0.811597672988185,-0.620933781760144,0,Plastique
1.3322864668426195,-1.489222175334231,2,Verre
-0.9950084561539059,-0.2787676825507772,1,Papier
-0.22702879682503613,1.6194247339529275,1,Plastique
0.30435928472305485,-0.46090272394265963,1,Verre
-0.6542576628625004,1.6729194244836265,1,Papier
-0.6818850656245297,0.684308599872473,1,Papier
-0.2955699020262459,0.6355446151322173,1,Plastique
2.082071645927091,0.3701216464793118,2,Verre
-0.4081008283935671,1.6557108305443637,1,Papier
-0.6146047574049739,-0.322312258888114,1,Plastique
-0.5156187584985831,-1.6399928559505643,0,Métal
-0.8660558759393759,0.7031539519886494,1,Papier
1.7528159485141452,-0.5882018467227826,2,Verre
-0.4203341116629099,0.6483306855896835,1,Plastique
-0.9337461989282465,-1.274994517275454,1,Papier
-0.6644360229475041,-0.7011197525274109,0,Métal
0.9174471901699663,0.5284150406357633,2,Plastique
-0.40920917157802084,1.63661970435863,1,Plastique
-0.37710030993846544,1.3087700526819621,0,Métal
-0.7022604465535989,0.6775959919821808,1,Plastique
-0.6461399383669353,-0.32083712609749315,1,Plastique
-0.10090077464623654,1.6050075179029244,1,Plastique
-0.7642583833750459,-0.3044840017333026,1,Plastique
1.5285252245087302,-0.5673067039336086,2,Verre
-0.256219193363161,0.6335354933678985,1,Plastique
-0.5383538532621107,0.667420620611703,1,Papier
-0.7194351588555379,-1.3068999594818398,1,Plastique
1.056312868834063,-1.5037183279924864,2,Verre
2.1447519555740904,1.354734446738904,2,Verre
-0.43008213238079496,1.6463099767797276,1,Plastique
1.2222132645451456,0.5015657335295436,2,Verre
-0.2715390252782473,-0.675012796138656,0,Métal
-0.6866740101477201,-0.3048557745739915,1,Papier
2.2583984930306347,0.34418864694444395,2,Verre
-0.9117784695406165,-0.6571637570883377,0,Métal
-0.3740434451396354,-0.7331879073772938,0,Métal
-0.7383720964206539,0.6823487804112263,1,Plastique
-0.9269510994869968,-0.6421020178560093,0,Métal
-0.34790933896275855,-1.3428438075029872,1,Plastique
2.8855672692774395,0.755287723770034,0,Métal
-0.8056250528621177,1.6884097158920828,1,Papier
-0.9405251872373519,0.71168461158329,1,Papier
1.5301662137504262,-1.5599131610304688,2,Verre
-0.9045581367970423,-0.2925186243384088,1,Plastique
-1.5644976625619598,-1.1828563418802993,1,Plastique
-0.6385080760436705,1.662885968915073,1,Plastique
-0.7203584898797664,-1.305673702994365,1,Plastique
1.7419070567253119,-0.5897162736023569,2,Verre
-0.6183659278775254,1.671238446787781,1,Papier
-0.48240313631668297,-1.6752878227119514,0,Métal
-0.6188301736315099,-0.32101730106847803,1,Papier
-0.8290935637686824,-1.2873227845585706,1,Papier
-1.0349634759103088,-0.6544953251876848,0,Métal
-0.7714781113134025,1.68551007699366,1,Papier
-0.7937961360535258,-1.2976091689005627,1,Plastique
1.889939640410478,-0.6010207653939572,2,Verre
-0.6189068714640983,0.6811456052856466,1,Papier
-0.6051634132059688,-1.3199913406565311,1,Métal
-0.36099434288719334,1.2686847815643463,0,Métal
2.31712886389263,0.34044855320519396,2,Verre
-0.8904533260394515,-0.6640472677353924,0,Métal
-0.2524944427079837,1.2597174140824785,0,Métal
-0.3869828183279489,1.6482293980789022,1,Papier
1.5484774867382316,-1.5623984740839731,2,Verre
1.7327506010330875,-0.5831984574174646,2,Verre
-0.6634010538004439,-0.32404934661175044,1,Plastique
-0.054421101128248384,1.600445966861254,1,Plastique
-0.9380689621039418,-1.6344479576647353,0,Métal
-0.7960660065406343,-0.6401718339188833,0,Métal
2.054895535749814,1.3607439301356312,2,Verre
-0.9414017226479275,-1.275283054220382,1,Papier
-0.3540792910242916,1.6303384348870245,1,Plastique
-0.8195386945695512,1.6890052043446564,1,Papier
-0.6712016969263384,-1.6665888989662263,0,Métal
-0.369328802906285,0.6435985675215481,1,Plastique
-0.743009506750598,-0.6303159705653975,0,Plastique
-0.48217632898730234,-0.6828918923607746,0,Métal
0.8655925548460168,-0.5470596032016337,1,Plastique
-0.6439857278511388,-0.3185313191000616,1,Plastique
2.0776432612048863,-1.6193040939469543,2,Verre
-0.5904971625965353,-0.33157099791026146,1,Plastique
-0.820647149062352,-0.3036265783750127,1,Papier
-0.5403390720432416,-0.3277809391554731,1,Papier
-0.639250468128505,-1.3020806298671588,1,Papier
-0.767976161989331,-0.6416579052696131,0,Métal
13.928432884519985,-3.4668190723567163,2,Verre
2.069142289655625,-1.6235081340431767,2,Verre
10.38168781632104,-1.9536894374067753,2,Verre
2.791742577783431,0.28796972545305555,2,Verre
-0.6698632434922048,-0.6551971706281741,0,Métal
1.1498498509187027,1.4652893552554203,2,Verre
-0.9787670610393531,-0.2877323125341362,1,Plastique
1.889939640410478,-0.6010207653939572,2,Verre
-0.540361053327665,1.657188152240421,1,Papier
-0.9681289126151577,-1.2704617792583945,1,Papier
-0.32133342989129887,0.6385236524756472,1,Plastique
-0.5022805821133287,1.646679611570905,1,Plastique
-0.8510821445728516,-1.2886994066321646,1,Papier
-0.8758748154397742,-1.2884274646008638,1,Plastique
-0.6712016969263384,-1.6665888989662263,0,Métal
-0.4379414076174276,0.6493293298804923,1,Plastique
0.7673949052723407,-0.4855021791289731,2,Verre
1.1529117693251412,-0.524206162582551,2,Verre
-1.1697567501077821,-0.584382806468059,0,Métal
2.2583984930306347,0.34418864694444395,2,Verre
1.8052017804011071,-1.5861502688732896,2,Verre
-0.7118875220697267,-1.6787875915679005,0,Métal
-0.46265438569984974,-0.6613944029406145,0,Métal
1.5301662137504262,-1.5599131610304688,2,Plastique
-0.1681904722270357,1.2772054511210473,0,Métal
-0.23448113333645565,1.2677573195729648,0,Métal
-0.34556515843491065,0.6432964191892363,1,Plastique
0.45753150682365484,-1.4141864554162298,2,Verre
-0.8657448802223873,-0.628836739330542,0,Métal
-0.8498199098249464,-1.292640920336551,1,Plastique
1.9546287693916682,-0.6132949906282282,2,Verre
-0.40061448832144986,0.6507941100253374,1,Plastique
-0.6445036876614609,0.6831496162174668,1,Papier
1.8065971038426678,-0.6005745033426946,2,Verre
-0.36099434288719334,1.2686847815643463,0,Métal
0.13172840214347306,-1.4310240253920377,1,Verre
-0.8917796922076858,-1.2795928189938135,1,Papier
-0.9714321085669924,-0.2815466078433184,1,Papier
-0.5283039040188745,-0.32146047478635786,1,Papier
-0.22691264693283655,0.6322829338154785,1,Plastique
-0.29783547068685057,-1.3446518832254384,1,Métal
-0.5508032896529141,1.6648899580696905,1,Papier
-0.6583368553038791,-1.3128498435462306,1,Plastique
-0.702908516491379,-0.30668388762441734,1,Plastique
-0.584076983008122,-0.3283935472183279,1,Plastique
-0.6262088961241602,-1.3150528873217433,1,Plastique
-0.9024479468198003,-1.2844662535847904,1,Papier
-0.5932879161777999,1.668003586603288,1,Papier
-0.7765907027930472,-0.2973155250009536,1,Papier
-0.26489625559014823,1.6242930870510983,1,Plastique
-0.8657448802223873,-0.628836739330542,0,Métal
1.7678101976148444,-1.587673978136756,2,Verre
-0.2951792487243863,0.6389502968396419,1,Plastique
-0.15639006965542657,0.3053994641146094,0,Métal
2.5536961713464468,1.3109911476093903,2,Verre
-0.545529405493546,-0.33139479027317287,1,Plastique
-0.5251361569373165,1.6532127365262663,1,Papier
2.0861977566403347,0.3639185314538098,2,Verre
-0.5479233945638241,-0.31838684072757517,1,Papier
-0.7118875220697267,-1.6787875915679005,0,Plastique
-0.6037125500150741,1.6692515458497257,1,Papier
-0.7945552240873017,-0.29857838873646947,1,Papier
0.7184294527465065,0.5450003730444299,2,Verre
-0.963365513145539,1.696241420998686,1,Plastique
-0.4217043929240377,1.6362990415730783,1,Plastique
-0.7701255952448721,-0.3123228508570872,1,Plastique
-0.9405251872373519,0.71168461158329,1,Papier
2.701078364298307,-0.6947605356837439,2,Verre
-0.5133999385665494,1.651841279326714,1,Plastique
-0.3100523472512204,1.2797667913635264,0,Métal
0.29452873745136343,-0.3543856017093965,2,Verre
-0.259374127548347,1.6276610522021808,1,Plastique
-0.7375459407724952,1.3089546507333252,0,Métal
-1.000002816956471,-0.2844360498394247,1,Plastique
1.637020912258993,1.413783094564972,2,Verre
-0.5622759666314197,-0.32801435830213266,1,Plastique
-0.5636031289199049,-0.662880159152418,0,Métal
-0.7170532683067711,-0.3063303462235005,1,Papier
-0.2620354969870718,-0.6965821957644283,0,Métal
1.7434020530072873,0.4031496404808137,2,Verre
-0.8582957360161008,-1.2908287571283332,1,Plastique
1.60261025296309,-0.5701921807617876,2,Verre
-0.5807901453679234,-0.3242952393160974,1,Papier
-1.171540839600162,-1.2527287690161086,1,Papier
-0.4034674703958562,-0.3464287312888781,1,Plastique
-0.70571610192182,-1.6879489869864845,0,Métal
0.7757993009816218,0.46250947147288946,1,Verre
-1.3149057794683459,0.7800874105526254,1,Plastique
2.1818285195759266,1.3509252880223037,2,Verre
-0.6409968910564671,-0.32300759491243647,1,Plastique
-0.37290238502707285,1.6374890295798907,1,Plastique
1.2537052124081973,1.4912187095525662,2,Verre
-0.8801971891831901,0.7029661043779425,1,Papier
-1.0668302785946435,-0.27553723600231406,1,Papier
0.3809784058176019,-1.4706819697928062,1,Verre
-0.009807300414494069,0.26418987546991746,0,Métal
-0.41345902708322413,0.264045101778666,0,Métal
0.42174986224449684,0.5194435459115254,1,Verre
-0.8137661744734068,0.6913942349556665,1,Plastique
-1.0392716035547906,-0.2729884157121565,1,Papier
0.35204967817291954,1.1246557202172485,3,Verre
-0.7714781113134025,1.68551007699366,1,Papier
2.1703610592588976,0.3550222158467202,2,Verre
-0.4272077785377081,1.642898528414065,1,Plastique
2.0235108375509574,0.3724466144486678,2,Verre
-0.8593240176344521,-1.2930946663604994,1,Plastique
-0.7227406942065647,-1.3022405910207335,1,Plastique
-0.38444819036789946,-1.339325669380283,1,Plastique
2.6574999638096544,1.2968869763126964,2,Verre
-1.0868431275281067,1.2870983136053706,3,Papier
0.33070880198369246,0.5697804286494559,1,Métal
0.1680182264919103,-1.4329475397062144,1,Verre
-0.7754370669899355,-1.3001742216685126,1,Plastique
-0.49673038918625123,-0.33360251787561346,1,Plastique
1.1095176005069074,-0.4788383024237747,2,Verre
-0.9960149815468511,-0.2824412248480932,1,Papier
-0.23702353377255223,0.6345991596893394,1,Métal
-0.5373277989231504,1.654263299614436,1,Papier
-0.7171392910835055,-0.6924101587788114,0,Métal
1.8635783215820534,0.39989340672846985,2,Verre
-0.8713251338560306,1.6914978726018293,1,Papier
-0.8801971891831901,0.7029661043779425,1,Papier
-0.48879781411962087,1.645675890797025,1,Plastique
1.2688644201949224,-0.5342261844340008,2,Verre
1.1760192448788052,0.46863035750276194,2,Verre
-0.8582957360161008,-1.2908287571283332,1,Plastique
-0.2955583887471736,-0.6803758417062483,0,Métal
-0.5810890946223405,0.6724776019415899,1,Papier
2.1624706678296293,0.3596702825439049,2,Plastique
-0.4644634448878373,-0.33768397121772664,1,Plastique
-0.29783547068685057,-1.3446518832254384,1,Métal
-0.4878489258518762,-0.334457868496836,1,Plastique
-0.7161334997112356,0.32602629440147535,0,Métal
0.22741577665155185,-0.449148825224031,1,Verre
1.6521138951321588,1.4107818546438147,2,Verre
0.9646252434279918,-0.5047558554351751,2,Verre
-1.135998214941523,-1.258087455686123,1,Plastique
-1.290159556815612,-0.6802219496532936,3,Plastique
-0.6844467357991766,0.2924337957154759,0,Métal
-0.33206083885165144,1.6324631262872231,1,Plastique
-0.4716752313585917,0.6619159974835445,1,Plastique
-0.7778155250336813,0.6937757606443273,1,Papier
-0.48173934764870907,0.6553030276577265,1,Plastique
-0.5932879161777999,1.668003586603288,1,Papier
1.0824748545250302,-1.467559515753311,2,Verre
-1.0117596370950266,-0.2836395290409923,1,Plastique
-0.8668269202938879,0.6984741678828381,1,Papier
2.133623948458909,-0.6331950207449297,2,Verre
-0.6997855399498616,-0.31960920109039326,1,Plastique
-0.8094004487281377,-1.6096360895003647,0,Métal
-0.43431758630914497,1.645966839658086,1,Plastique
-0.6672606730375245,-0.6766396775709508,0,Métal
-0.6698632434922048,-0.6551971706281741,0,Métal
1.3038512097901358,1.4867195447223571,2,Verre
-0.2524944427079837,1.2597174140824785,0,Métal
-0.5094196861453688,0.6563976712851198,1,Plastique
2.45960489600341,1.3243668799417365,2,Plastique
-0.775496656467258,-1.2895657757107455,1,Papier
-0.7107687131331943,-0.3103513658982251,1,Plastique
-0.5975339453028382,-0.32673601492158433,1,Plastique
-0.672939899232476,0.6759848595880891,1,Plastique
-0.48862578310850224,1.6552490141393201,1,Papier
-0.41917477282682203,0.6469547156174642,1,Plastique
0.9646252434279918,-0.5047558554351751,2,Verre
1.998277336146613,-1.6102105220812997,2,Verre
1.7688462778660352,-0.5936112566317508,2,Plastique
-0.12645755194539227,0.6202147438915329,1,Métal
0.04926524303937635,-1.3837974107211126,1,Métal
-0.7091415088923221,-0.3036212885489602,1,Papier
1.169745513867,1.0329212474928717,3,Verre
-0.7021433650222484,0.682079520232348,1,Papier
-0.704636785383721,-0.629637418032313,0,Métal
-0.540361053327665,1.657188152240421,1,Papier
-0.31338569645877634,-1.7150469153220715,0,Métal
-0.14715177488877412,1.2847334624944888,0,Métal
-0.680149585206026,1.6767506352889587,1,Papier
-0.5746749219786876,1.3258625518093579,0,Métal
1.3181849074584269,-0.5410019564110311,2,Verre
1.4670516321145217,-1.5507500896786268,2,Verre
-0.7537867131868617,-0.3082251493862336,1,Plastique
0.8371077597954381,-0.45586528839161855,2,Plastique
-0.6740604103526813,-0.31185407069543025,1,Papier
-1.0300980927925258,-1.6123796443208804,0,Métal
-1.5526213733107526,0.4537732834231354,0,Métal
-0.08087501292678881,-0.749034957572452,0,Métal
-1.1782107313687327,-1.2588082977826176,1,Papier
-0.04747775962766437,-0.3809154374456898,1,Métal
-0.5129871267120466,1.6534279725650605,1,Plastique
-0.8668269202938879,0.6984741678828381,1,Papier
-0.9261332986312321,0.708204949189642,1,Papier
-0.855863526026901,-0.2914125356722921,1,Papier
-0.6047524023977793,-1.6682344900841883,0,Métal
1.763283513799607,-1.5919239407077521,2,Verre
-0.45862959225050826,1.2175517312736692,3,Métal
-0.36592198475312976,0.6418189040743763,1,Plastique
10.584262760425489,-1.9759846663106602,2,Verre
1.2795095021835043,1.4485013883528801,2,Verre
-1.1462923840975963,1.3682244939450772,0,Métal
-0.3892472317368728,-0.3431665513987514,1,Plastique
-0.7124255892300758,-0.7055486716503563,0,Métal
0.8912187611227058,-1.5592286697516113,1,Plastique
-0.2951792487243863,0.6389502968396419,1,Plastique
1.6114010634370484,1.4145321570426674,2,Verre
-0.743891543465902,-0.3004322788010707,1,Papier
-0.8575849550135124,0.34271803878750884,0,Métal
-0.5144733363293691,-0.3347091268588984,1,Plastique
-0.8273096540329419,0.7007851726700844,1,Papier
-0.10090077464623654,1.6050075179029244,1,Plastique
-0.4761966670669102,-0.6603610900644958,0,Métal
-0.9806698622665229,-1.6544515810343865,0,Métal
0.1357158086115495,-0.43463664338023245,1,Verre
-1.105460177415803,-0.2657016380221682,1,Papier
0.7184294527465065,0.5450003730444299,2,Verre
2.1350407589120333,1.3551403783487947,2,Verre
-0.5918248797704363,1.666757222350274,1,Papier
-0.7166549454672555,0.36203679223465746,0,Métal
-0.7668123773363635,-1.298787492739483,1,Plastique
-0.5645614835983442,1.649014932188473,1,Plastique
2.2651197940444767,0.34928378191713083,2,Verre
-0.9739775484790479,-0.6078045433297743,0,Plastique
-0.6555342764304238,-1.2995295713833108,1,Papier
1.8937117888014905,0.38983691641136153,2,Verre
-0.5775251724738499,-0.3281206332176212,1,Plastique
1.8454947045862538,0.3922446998255542,2,Verre
-0.592928360241521,1.6698642227179497,1,Papier
-0.26768646676318375,-0.36109139623344233,1,Plastique
-0.9859258071794983,-1.2740411128879001,1,Plastique
-0.910932979115021,-0.2913846886173994,1,Plastique
-0.739688249407706,1.3232938914982586,0,Métal
-0.7916218154069345,0.3145216969635767,0,Métal
-0.7712695887339711,-1.6624494101180352,0,Métal
-0.7022604465535989,0.6775959919821808,1,Plastique
-0.8222814014280203,-1.2993369323677377,1,Plastique
-0.975413539788579,-1.6566949699266198,0,Métal
-0.500625453387885,-0.335031182586468,1,Plastique
1.1529117693251412,-0.524206162582551,2,Verre
-0.7960660065406343,-0.6401718339188833,0,Métal
-1.0733703593164705,-1.2617404157814123,1,Papier
1.9087302417597436,1.3765498841600239,2,Verre
-0.17378544853894506,1.2415680161012401,0,Métal
-0.8476161520762926,-1.2932065330130031,1,Plastique
-0.9882841712259446,-1.273207422498419,1,Plastique
1.5167180488709628,-1.5515997824707526,2,Verre
-0.8293340951930894,-1.2832300743209115,1,Papier
-1.0696463091719777,-0.2743131923415387,1,Plastique
-0.18421394953073666,1.2670201493414532,0,Métal
-0.678758503778051,-0.3158532311539626,1,Papier
0.9836080948201618,-0.46878905308317964,2,Verre
-0.37710030993846544,1.3087700526819621,0,Métal
1.7676167073087523,-0.5936775439282835,2,Verre
-0.6954711752498567,1.6720510737719592,1,Papier
-0.36267650311648814,0.6413104595318087,1,Plastique
-0.396906652332896,-1.6709321895648825,0,Métal
-0.5986859161663343,-1.6476363182852423,0,Métal
-1.0394620128442849,-1.2662826100031703,1,Papier
-0.26489625559014823,1.6242930870510983,1,Plastique
1.2938906059872908,1.4512368222106693,2,Plastique
0.8371077597954381,-0.45586528839161855,2,Verre
-0.2394528971309235,1.6257478043150908,1,Métal
1.7266374601260739,0.4090511640884986,2,Plastique
2.440558517315604,-1.6600404516175498,2,Verre
0.007177788428238602,0.25992144217043234,0,Métal
-0.7395908917577229,-0.6705019460018466,0,Métal
2.1126625033120265,-1.6216706243308945,2,Verre
-1.4146072258231073,-1.1887716929327505,1,Papier
-0.7460944221948909,-0.2998681097069418,1,Papier
1.0863568685832572,-0.4772695377504129,2,Verre
-0.4358660211586852,-1.3331678085483492,1,Plastique
0.2466665145514755,1.5718593263356617,1,Métal
0.12319426011146314,-1.3932852247557976,1,Métal
-0.8330195023318113,-0.6819773739048735,0,Métal
-0.856049424078365,-0.28987593732957806,1,Papier
2.1393754334667614,-0.6256166390303662,2,Verre
2.6574999638096544,1.2968869763126964,2,Verre
-0.907509028067654,-0.6622309756460885,0,Métal
-0.5435015062577915,-0.32398968930360783,1,Plastique
-0.43666390633588326,0.26244320978989855,0,Métal
-0.5536037742362334,1.654137851560509,1,Plastique
-1.064466232979769,-0.6244454705004102,0,Métal
-0.3864565360846951,1.6412626078300343,1,Papier
2.3063505229387906,-0.6525439923709996,2,Verre
-0.7551394822191897,0.6900387858778407,1,Plastique
-0.853984060559966,-0.6287540795311488,0,Métal
0.9454962949436045,-0.49949694424794955,2,Verre
-0.6291636771749911,-1.6620693516747944,0,Métal
2.1126625033120265,-1.6216706243308945,2,Verre
2.1126625033120265,-1.6216706243308945,2,Verre
-0.7227406942065647,-1.3022405910207335,1,Plastique
-0.8141982325884158,0.3775288680955864,0,Métal
-0.6334331186479537,-1.657002133117044,0,Métal
1.5285252245087302,-0.5673067039336086,2,Verre
-0.3146005551625106,1.6282395985333087,1,Plastique
0.6624805791231325,0.5503392655582222,2,Verre
1.9087302417597436,1.3765498841600239,2,Verre
-0.9369283996625718,-0.28323948021678946,1,Papier
-0.8094004487281377,-1.6096360895003647,0,Métal
-0.30346519001769695,1.3102396102988145,0,Métal
1.4944250887381088,-0.5614702200894299,2,Verre
3.4179960372936478,1.218774342596656,2,Verre
-0.49394835437346085,-0.3337272573348393,1,Plastique
-0.48173934764870907,0.6553030276577265,1,Plastique
-0.8617108853387647,-0.6483284271003908,0,Métal
1.4552417875228822,0.4812013487874518,2,Verre
-0.8917796922076858,-1.2795928189938135,1,Papier
-0.6567387135840499,-1.3060394655714977,1,Plastique
-0.44119526793696984,-0.7075253191506943,0,Métal
-0.48862578310850224,1.6552490141393201,1,Plastique
1.5258147018444035,0.4279786126876226,2,Verre
-0.5641841397549132,1.6551423059854329,1,Plastique
1.17671401822141,0.5107118302102305,2,Verre
-0.736024419423014,-0.3014595399499418,1,Papier
-0.7402370509812366,-0.30084532614163884,1,Papier
1.8388006927506912,1.3882215211805329,2,Verre
1.9363913786600833,1.3764527811792637,2,Verre
-0.5373277989231504,1.654263299614436,1,Papier
-0.3412972296317907,-1.344797194765068,1,Plastique
-0.5404659754965208,0.6559425871866738,1,Plastique
-0.4469455469357193,-0.3391026519922422,1,Plastique
-1.6100406490353818,-1.1719310458025294,1,Papier
-0.5932505051247486,1.667584181909682,1,Papier
1.967323848916529,-0.6183145166994869,2,Verre
-0.3390903786120932,1.253658401415697,0,Métal
-0.483577174057758,-0.32553189681030137,1,Papier
0.3942133414141661,-1.4723742198246128,1,Verre
2.208798995212381,-0.6337516621535756,2,Plastique
-0.5131749028598043,-1.3299920053027139,1,Verre
-0.2974241142664117,1.633973606382604,1,Plastique
-0.9159015157911741,0.7054284193010363,1,Papier
1.6559589650050899,1.4062183046948686,2,Verre
0.152653600492455,1.586118016194909,1,Métal
0.8299850617848569,-0.4546195377106963,2,Verre
1.3268970557571251,0.4472313965106882,2,Verre
-0.887071139087408,0.7013180144518276,1,Papier
2.664274096239459,-0.6892583871504951,2,Verre
-0.6360481566948296,0.35199946351770284,0,Métal
-0.7460944221948909,-0.2998681097069418,1,Papier
-0.6818850656245297,0.684308599872473,1,Papier
-0.318543103631164,0.6383448463916619,1,Plastique
1.7613557622801956,-0.5911369960131299,2,Verre
-0.23389759288757397,-0.3655318976757316,1,Plastique
-0.41535755645816996,-0.7203156984787816,0,Métal
-0.14231814356955297,1.614780253357669,1,Plastique
-0.5465338481799517,1.65982273951194,1,Papier
-0.6512070549553579,0.6682251831940189,1,Plastique
-0.9787670610393531,-0.2877323125341362,1,Plastique
-0.430346929306026,-1.334343480711561,1,Plastique
1.967323848916529,-0.6183145166994869,2,Verre
-0.7168241342555814,-0.31534238361715294,1,Plastique
-0.5948128086324146,0.6633656479779375,1,Papier
-0.5746749219786876,1.3258625518093579,0,Métal
-0.4345265442795575,-0.3415629460583962,1,Plastique
0.4025872059107255,0.5622173135686739,1,Métal
-0.3100523472512204,1.2797667913635264,0,Métal
-0.36099434288719334,1.2686847815643463,0,Métal
-0.9235480475932932,-1.2874143206860214,1,Plastique
-0.6997855399498616,-0.31960920109039326,1,Plastique
-0.6685672061453768,-1.6633755739856206,0,Métal
-0.4813918890219451,1.6480705333420131,1,Plastique
-0.4693064950461685,0.6578892568278374,1,Plastique
0.08231051975614942,-1.4232119562276984,1,Verre
-0.5779198846397141,0.6657752088656761,1,Plastique
1.7324985023978652,-0.59448609599032,2,Verre
-0.5427850027073725,-0.33225934092176423,1,Plastique
-1.1565823119835485,-1.6031114153625903,0,Métal
-0.5373277989231504,1.654263299614436,1,Papier
1.8356559472894907,0.3938051353127041,2,Verre
-0.432379261047134,1.6436663238175904,1,Plastique
1.9087302417597436,1.3765498841600239,2,Verre
1.5258147018444035,0.4279786126876226,2,Verre
-0.4680537008507826,0.6671018876259363,1,Papier
-0.6315895884384479,0.6721466716654787,1,Plastique
-0.5094965528362246,-1.3250313858999017,1,Plastique
-0.8427751323509718,0.6941385249220031,1,Plastique
-0.41345902708322413,0.264045101778666,0,Métal
-0.8912977526623647,0.3147451630770264,0,Métal
2.4143561368362643,1.3257867602623106,2,Verre
-0.917183813818258,-1.2844693043671538,1,Plastique
0.19736193280974926,-1.3371645252824624,2,Verre
-0.4195093913200536,0.2567246239801133,0,Métal
2.54753716955863,0.3181963390978686,2,Verre
-0.36057663325426914,1.2814138318328443,0,Métal
-0.8441166648015376,-1.2921811042578017,1,Plastique
-0.6326325498597457,0.32995710789617694,0,Métal
-0.8244191906391864,-0.29556462239835857,1,Papier
-0.6745879687167446,0.6835134527694191,1,Papier
-0.28879454431171253,1.6328469995146804,1,Plastique
1.9363913786600833,1.3764527811792637,2,Verre
0.28353930754022216,-0.45771737923875855,1,Verre
-0.7498021612368937,-0.3082475236046376,1,Plastique
-1.3861581179303535,-1.6171374765455582,0,Métal
-0.281237626078621,0.6326031289893674,1,Plastique
-0.8137661744734068,0.6913942349556665,1,Plastique
-0.536261280965457,1.6626459890703698,1,Papier
-0.8725396303436437,-1.2864830080451184,1,Plastique
-1.000002816956471,-0.2844360498394247,1,Plastique
-0.8287311710707169,-0.6203205344467073,0,Métal
-0.6883587021483719,0.6797235059489408,1,Papier
2.142501718851785,0.36374460937864717,2,Verre
-0.6600507272761185,0.30848094411801275,0,Métal
-1.4975495211168461,-0.19047263085370103,1,Papier
-0.2726825072885051,1.2867200265280323,0,Métal
-0.6082104443545091,-0.31421946830402403,1,Papier
-0.5622759666314197,-0.32801435830213266,1,Plastique
1.983303599460092,-0.6086104749453641,2,Verre
-0.5194461019745802,-0.3360807287161769,1,Plastique
-0.4078387000637409,0.3333612128381458,0,Métal
-0.6920544387206058,0.2912536673345103,0,Métal
-0.5412620175707316,1.6637550861011359,1,Papier
-0.37710030993846544,1.3087700526819621,0,Métal
-0.5282295436636871,-0.33189106320900463,1,Plastique
1.559177765468777,-1.5613040574076298,2,Verre
-0.6409968910564671,-0.32300759491243647,1,Plastique
-0.6681391515070969,-0.31704210407445754,1,Plastique
1.1498498509187027,1.4652893552554203,2,Verre
-0.9942133883773274,-0.27894116420495996,1,Papier
2.6574999638096544,1.2968869763126964,2,Verre
-0.40920917157802084,1.63661970435863,1,Plastique
2.270714526169941,-1.6362384517384296,2,Verre
-0.23480959173512975,0.25924881979372283,0,Métal
-0.7368642525756368,-0.30966123757918473,1,Plastique
2.142501718851785,0.36374460937864717,2,Verre
-0.8125714984445611,-0.30432246334783764,1,Papier
-0.5373277989231504,1.654263299614436,1,Papier
-0.1544052802156436,1.6166738517048567,1,Plastique
-0.39881491991715834,0.6432690506730887,1,Plastique
-0.4917312773433484,-0.33552873398347205,1,Plastique
-0.08087501292678881,-0.749034957572452,0,Métal
-0.7572751672947274,-0.30334292307326827,1,Papier
-0.4579574629232004,-0.3344767585849213,1,Plastique
-0.7329207488240747,-1.3049949686571984,1,Plastique
1.5842064741050217,-0.5727775813897279,2,Verre
-0.6552091385660138,-0.31023106045888604,1,Papier
-0.6222743013325562,-1.689686163365501,0,Métal
1.6426397367905095,1.4106854841198564,2,Verre
3.0540031100874767,0.25799175717841205,2,Verre
-0.7192769597079302,-0.6625995850286438,0,Métal
-0.8660558759393759,0.7031539519886494,1,Papier
1.420936873135522,0.44164002093487653,2,Verre
-0.430346929306026,-1.334343480711561,1,Plastique
-0.45298202051915193,1.6450355846658031,1,Plastique
-0.8962203675931396,-0.28878705275143135,1,Papier
-0.33403895795100136,0.6407501489620524,1,Plastique
1.4898240360586694,-1.5499432488124067,2,Verre
-0.7262296866953358,-0.6257897008093831,0,Métal
-0.9942133883773274,-0.27894116420495996,1,Papier
0.9836080948201618,-0.46878905308317964,2,Verre
-1.0002844230198136,-0.2773740062903425,1,Papier
-0.44119526793696984,-0.7075253191506943,0,Métal
-0.5423519276050067,-0.6631737744677588,0,Métal
-0.23480959173512975,0.25924881979372283,0,Métal
1.0638033858570657,1.4720870706261657,2,Verre
-0.7492029729954954,-1.3009348387509636,1,Papier
1.794310877562426,-0.5955627533319854,2,Verre
1.2029664918323568,-0.5321815673504822,2,Verre
-0.6830743652277149,1.6771529025349647,1,Papier
-0.8912977526623647,0.3147451630770264,0,Métal
-0.9110038057936755,-1.6197946324136132,0,Métal
-0.5734202261206166,-0.3311226617034586,1,Plastique
1.4165072044962812,-0.5531965898090021,2,Verre
-1.063049170962041,0.7566575160314957,1,Plastique
-0.9369283996625718,-0.28323948021678946,1,Papier
-0.4385345814983086,0.33187770225304636,0,Métal
-0.751332236678703,0.6900377087435017,1,Papier
1.569385773918365,-0.573134135435278,2,Verre
-0.6707145072720583,-0.6401996260149515,0,Métal
-1.043202357668781,-1.2670803857262245,1,Papier
-0.054421101128248384,1.600445966861254,1,Plastique
2.1845598060478246,1.3479492105102102,2,Verre
-0.7315098253978163,-0.6465440735832932,0,Métal
-0.8758748154397742,-1.2884274646008638,1,Plastique
-0.5378884425193817,0.6683149301993219,1,Papier
-0.7961884866817304,-1.3001629994574309,1,Plastique
-0.5734202261206166,-0.3311226617034586,1,Plastique
-0.635693988583889,0.6816596436414801,1,Papier
2.082071645927091,0.3701216464793118,2,Verre
-0.44592675040826857,0.3063580880791359,0,Métal
-0.8418243258081799,-1.29601318886491,1,Plastique
1.0121185953923484,-0.47087260965292455,2,Verre
-0.6418199338394378,-0.32011023314369424,1,Plastique
-0.20858627467393925,1.6169755980310898,1,Plastique
1.569385773918365,-0.573134135435278,2,Verre
-0.8658681788447449,0.7014931765847654,1,Papier
-0.710319064410877,1.6796343801674072,1,Papier
-0.7778789225572764,-0.2978285929846807,1,Papier
-0.5427850027073725,-0.33225934092176423,1,Plastique
-0.23480959173512975,0.25924881979372283,0,Plastique
-0.3936037165974692,1.6438474430072836,1,Plastique
-0.6698632434922048,-0.6551971706281741,0,Métal
1.0637267694073882,-0.5775899885344185,2,Plastique
-0.44152113912458124,-1.3282764392511548,1,Plastique
-1.043202357668781,-1.2670803857262245,1,Papier
-0.680840892247854,-1.2955649793307917,1,Papier
-0.22588734119635476,0.2839595276530411,0,Métal
2.7028450881012795,-0.6933672681012989,2,Verre
-0.9505105811518335,-1.6709447981934233,0,Métal
0.39691115810185373,-0.3641801983329813,2,Verre
1.6456442913798457,-0.5796195505109072,2,Verre
1.1033627776012231,0.4735892594465423,2,Verre
1.9546287693916682,-0.6132949906282282,2,Verre
1.6961141597596452,-0.5835470698328395,2,Verre
-0.4958803332164604,-0.3387005660129354,1,Plastique
2.2191815445005734,1.344000237463394,2,Verre
-0.4500063057720447,0.650129075716227,1,Plastique
-0.635693988583889,0.6816596436414801,1,Papier
-0.7617567452710687,0.3474040658426305,0,Métal
-0.8358240768912928,-1.6489629218709538,0,Métal
-0.3770955409609996,1.2664239081116915,0,Métal
-0.4162457037096573,1.6359278521808338,1,Plastique
4.2493510133822054,0.9563321628557857,2,Métal
-1.0509543339172827,-0.2690170360438653,1,Papier
-0.8919097910274586,-0.2874686085561886,1,Papier
1.452249241969751,-1.556496723889539,2,Verre
-0.8291138071548492,-1.2857365243230154,1,Papier
-0.9024479468198003,-1.2844662535847904,1,Papier
1.646235248365673,-0.5796292830922523,2,Verre
-0.49394835437346085,-0.3337272573348393,1,Plastique
-0.3065943185890948,0.6402536933979455,1,Plastique
-0.8443622891298533,-1.6035500570543375,0,Métal
-0.9159015157911741,0.7054284193010363,1,Papier
-0.7194351588555379,-1.3068999594818398,1,Plastique
0.2595944239642376,-0.4535045331630869,1,Verre
-0.5641841397549132,1.6551423059854329,1,Plastique
2.142501718851785,0.36374460937864717,2,Verre
1.7266374601260739,0.4090511640884986,2,Verre
-0.8128231224418527,0.6991259173933064,1,Papier
-0.5478009872520146,-1.659644540315446,0,Métal
-0.710319064410877,1.6796343801674072,1,Papier
-0.9929043261675916,-1.2684211465050297,1,Papier
1.6559589650050899,1.4062183046948686,2,Verre
1.5579931380796663,-1.558805382982399,2,Verre
-0.7765907027930472,-0.2973155250009536,1,Papier
-0.5094965528362246,-1.3250313858999017,1,Plastique
-0.6466537707965103,-0.3196018429448655,1,Plastique
-0.7022604465535989,0.6775959919821808,1,Plastique
-0.18662163522728886,1.301263521057493,0,Métal
-0.7370231157635043,-1.3003682318748786,1,Plastique
-0.9723152213174152,-1.2694519241927127,1,Papier
-0.7027036009045038,-0.3057876947895126,1,Papier
-0.6652777181768601,0.6713190247178111,1,Plastique
2.7755246397487245,0.2901916138925098,2,Verre
-0.2920804270952586,0.6396123721743143,1,Plastique
-0.5669957571633245,-0.3282221873020017,1,Plastique
1.169745513867,1.0329212474928717,3,Verre
1.1612946174995453,1.497881204537,2,Verre
2.0115152983539932,-1.613105106939644,2,Verre
2.082071645927091,0.3701216464793118,2,Verre
-0.8996625502921459,-0.29115356774219125,1,Plastique
-0.6849162559076836,0.672661850583846,1,Plastique
-0.6699275953344423,-1.2985261636945387,1,Papier
-0.4571518148957,1.6465189316118691,1,Plastique
-0.2726825072885051,1.2867200265280323,0,Métal
-0.6672606730375245,-0.6766396775709508,0,Métal
-0.7091415088923221,-0.3036212885489602,1,Papier
-0.584076983008122,-0.3283935472183279,1,Plastique
-0.4693064950461685,0.6578892568278374,1,Plastique
-0.20858627467393925,1.6169755980310898,1,Plastique
1.4123282270668354,-0.5049267461383717,2,Verre
-0.6997855399498616,-0.31960920109039326,1,Plastique
-0.8657448802223873,-0.628836739330542,0,Métal
1.8530564510680436,-0.5962582701291448,2,Verre
-0.6534133585489156,-0.6527505434056451,0,Métal
1.9850677368596998,0.3745587597853566,2,Verre
1.637020912258993,1.413783094564972,2,Verre
-0.4951056009277559,1.3362002929037284,0,Métal
2.133623948458909,-0.6331950207449297,2,Verre
-0.22583173038107035,1.2629176037024015,0,Métal
-0.6997855399498616,-0.31960920109039326,1,Plastique
-0.7754229105233428,-0.3012692860942763,1,Papier
-0.038052281928549245,-0.7631352469489898,0,Métal
-0.5373277989231504,1.654263299614436,1,Papier
1.983303599460092,-0.6086104749453641,2,Verre
0.7677601995655549,1.4625189565755667,1,Verre
-1.5644976625619598,-1.1828563418802993,1,Plastique
-0.866294701108097,-1.2908449552366668,1,Papier
-0.5779198846397141,0.6657752088656761,1,Plastique
-0.7583825392721533,0.3529658943346565,0,Métal
-0.4771630695091046,-0.34279712954020547,1,Plastique
-0.672939899232476,0.6759848595880891,1,Plastique
-0.3412972296317907,-1.344797194765068,1,Plastique
-1.048067333866515,-1.619625893077357,0,Métal
-0.3319342642455402,1.6358594633296895,1,Plastique
-0.8208016190232102,1.6894422954303472,1,Plastique
-0.46265438569984974,-0.6613944029406145,0,Métal
-0.6404253340155753,-0.3084637464110618,1,Papier
-0.8617108853387647,-0.6483284271003908,0,Métal
-0.6607540637849005,1.3407280051756578,0,Métal
2.173605059753751,1.3509929694415044,2,Verre
-0.4579574629232004,-0.3344767585849213,1,Plastique
-0.2920804270952586,0.6396123721743143,1,Plastique
-0.3691283263457642,0.3251135073639835,0,Métal
2.133623948458909,-0.6331950207449297,2,Verre
1.5842064741050217,-0.5727775813897279,2,Verre
-0.5345518352218331,-0.330812998103595,1,Plastique
-0.7998425236035972,-0.6652149983909225,0,Métal
-0.8476161520762926,-1.2932065330130031,1,Plastique
2.7568772177192047,1.2864159342162742,2,Verre
-0.6803454821013522,0.6718663837445076,1,Plastique
-0.40563613448221836,-0.6616637904767921,0,Métal
1.8222911860573263,0.39305065101139025,2,Verre
-0.6910294162584709,-0.3059170423183164,1,Papier
1.6317772274296547,1.4200066011398926,2,Verre
1.818476703353801,1.3900864556138257,2,Verre
1.963826942654217,-1.6020870208147786,2,Verre
1.368595973196045,-0.5495747086187178,2,Verre
1.175266689819234,1.4611040475877803,2,Verre
1.2402619828756398,-1.5180340982605962,2,Verre
-0.37438043152851125,-0.35106417091301756,1,Plastique
2.0629291067281095,1.3678800897369634,2,Verre
-0.2651152956532157,-0.6801925666414451,0,Métal
-0.7855977964578778,-0.30990447656552433,1,Plastique
1.274427128788684,-1.485742282071418,2,Verre
-0.432379261047134,1.6436663238175904,1,Plastique
-0.8638774017244396,-1.295752573298001,1,Papier
0.9836080948201618,-0.46878905308317964,2,Verre
2.1703610592588976,0.3550222158467202,2,Verre
-0.9031364306425226,-1.285324613518144,1,Plastique
1.815181766825315,1.4415072171529928,2,Verre
-0.7124255892300758,-0.7055486716503563,0,Métal
-0.9321403197956872,-1.2830891874562156,1,Plastique
1.9898687109655309,0.37827742945088905,2,Verre
-0.20858627467393925,1.6169755980310898,1,Plastique
1.2670602423907145,-0.5355851547044662,2,Verre
-0.45298202051915193,1.6450355846658031,1,Plastique
-0.34790933896275855,-1.3428438075029872,1,Plastique
-0.536261280965457,1.6626459890703698,1,Papier
-0.26503385005150737,0.6351057674140164,1,Plastique
1.9638828827247337,-0.6142305802281527,2,Verre
-0.4310168167202475,-1.3364779486316878,1,Plastique
-0.9657594338851342,-1.6522728013244383,0,Métal
-1.0216740461372191,-1.2664917377609406,1,Papier
0.9547798899079625,-1.4939069173578658,2,Verre
-0.7124459244221616,1.3202432961956376,0,Plastique
-0.8295689102923998,-1.2940096446410667,1,Papier
-0.281237626078621,0.6326031289893674,1,Plastique
1.889939640410478,-0.6010207653939572,2,Verre
1.664546084626264,-0.580203385484249,2,Verre
-0.09642845947133014,-0.7126767266875754,0,Métal
-0.5755140193878766,-0.320413741044812,1,Papier
-0.7426166444342139,0.6900626558637402,1,Papier
-0.5775251724738499,-0.3281206332176212,1,Plastique
-0.3065943185890948,0.6402536933979455,1,Plastique
-0.6047524023977793,-1.6682344900841883,0,Métal
-0.40939130879904506,-0.34731096067895817,1,Plastique
-0.7451685835286328,0.687543619890939,1,Papier
-1.048067333866515,-1.619625893077357,0,Métal
-0.3979835869839049,-1.3381662844720053,1,Plastique
-0.7027036009045038,-0.3057876947895126,1,Papier
-0.38188281054468043,-1.3423704096186062,1,Plastique
1.5842064741050217,-0.5727775813897279,2,Verre
-0.6493135984212209,-1.6933798695807076,0,Plastique
-0.6319054785884691,-0.32332189871401895,1,Plastique
-0.771675763699287,0.6943567563308817,1,Papier
-0.9578645213361481,-1.272917539320281,1,Papier
-0.6883587021483719,0.6797235059489408,1,Papier
1.5842064741050217,-0.5727775813897279,2,Verre
1.6035598680518677,1.4124455671929457,2,Verre
-0.34790933896275855,-1.3428438075029872,1,Plastique
1.5167180488709628,-1.5515997824707526,2,Verre
-0.7111941255668539,-1.3042100901222549,1,Papier
-0.20858627467393925,1.6169755980310898,1,Plastique
-0.5887285200155368,-1.321728841589371,1,Plastique
-0.8293340951930894,-1.2832300743209115,1,Papier
2.440558517315604,-1.6600404516175498,2,Verre
-0.6985970172426359,0.6836740750457933,1,Papier
-0.8308779584138954,0.6970960448291705,1,Papier
1.3268970557571251,0.4472313965106882,2,Verre
-0.23693391086650764,0.6280733357951755,1,Plastique
-0.9504655831311739,-1.2731683939218656,1,Papier
-0.6088071939829125,-1.3191543651194089,1,Plastique
2.039487680729956,1.368116238981542,2,Verre
-0.6802050592429182,1.678712792803003,1,Plastique
-0.5251361569373165,1.6532127365262663,1,Papier
0.9646252434279918,-0.5047558554351751,2,Verre
-0.8563446862676307,0.6906013668671986,1,Papier
-0.7583593898401534,-1.2899560985989769,1,Papier
-0.32682045555469197,0.6401491105484365,1,Plastique
-0.26489625559014823,1.6242930870510983,1,Plastique
-0.6171985456909103,-0.32850185895075223,1,Plastique
-0.2439986610196277,1.2774881360884824,0,Métal
-0.6830743652277149,1.6771529025349647,1,Papier
-0.4566623277794465,0.656448672100659,1,Plastique
-0.6085579836198532,1.6606871345204046,1,Plastique
2.582417395350346,-0.6740052289449923,2,Verre
-0.7395908917577229,-0.6705019460018466,0,Métal
1.8388006927506912,1.3882215211805329,2,Verre
-0.699862065374213,1.6782080834279045,1,Papier
-0.9973080255112141,-0.28306332038022686,1,Plastique
0.2825275465140248,1.5754212734332567,1,Métal
1.9036224739689254,-1.6024411559641802,2,Verre
-0.9714321085669924,-0.2815466078433184,1,Papier
2.664274096239459,-0.6892583871504951,2,Verre
-0.7613929058215607,0.6927698986034223,1,Papier
-0.9975230362692978,-0.6463193384043113,0,Métal
-0.2840334904426872,0.6379941884297338,1,Plastique
-0.6953317204851555,0.6767909569103583,1,Plastique
1.7949101531629037,1.3885739110962263,2,Verre
-0.5501496247851172,1.6622135950511312,1,Papier
-0.5931039788455251,-1.3175778363808577,1,Plastique
-0.5950508993530641,0.666325567520279,1,Plastique
-0.01073158964956264,0.6083007966317748,1,Métal
-0.5915441521466194,-0.3254323436093127,1,Plastique
-0.611008710384928,-1.3195142872511745,1,Plastique
-0.8027929184208659,-0.29642171735222034,1,Papier
2.2651197940444767,0.34928378191713083,2,Verre
-0.3979835869839049,-1.3381662844720053,1,Plastique
-0.5459034416980083,1.6647125210044929,1,Papier
-0.48862578310850224,1.6552490141393201,1,Papier
1.175266689819234,1.4611040475877803,2,Verre
-0.3153810559680169,0.6378504463972632,1,Plastique
-0.4841487400351191,0.2814202918395532,0,Métal
0.28159669673928855,1.5384669604209644,1,Verre
-0.7370231157635043,-1.3003682318748786,1,Plastique
-0.22588734119635476,0.2839595276530411,0,Métal
-0.14888412299756695,0.29707462920124983,0,Métal
-0.9337737916472104,-0.28295956172166803,1,Papier
-0.8962203675931396,-0.28878705275143135,1,Papier
-0.3102714670547665,0.6433080432215299,1,Plastique
-0.5345518352218331,-0.330812998103595,1,Plastique
2.039487680729956,1.368116238981542,2,Verre
-0.4693064950461685,0.6578892568278374,1,Plastique
-0.5915441521466194,-0.3254323436093127,1,Plastique
-0.6146047574049739,-0.322312258888114,1,Plastique
-0.6553465262312996,-0.318613470532064,1,Plastique
-0.8767284858254923,-1.2888511610681994,1,Plastique
-1.0349634759103088,-0.6544953251876848,0,Métal
-0.6558974297705499,1.678212644171795,1,Papier
2.2024833355265576,1.3473330455646997,2,Verre
1.9580872148753636,0.37957458027434887,2,Verre
2.039487680729956,1.368116238981542,2,Verre
-0.9027024889777379,-1.2877076683886612,1,Papier
-0.17245991369999825,1.2822726696787983,0,Métal
-0.5696721304528861,-0.32803520416114784,1,Plastique
-0.059365125929696894,1.2738342983214281,0,Métal
-0.685148443595294,1.3479464385127564,0,Métal
-0.7769506488854385,0.6937197732257989,1,Papier
-0.584076983008122,-0.3283935472183279,1,Plastique
-0.9105891425579085,-0.6406710480375397,0,Métal
-0.3710736532588975,1.6455470226897748,1,Plastique
-0.7855977964578778,-0.30990447656552433,1,Plastique
-0.7731183103700952,-0.2968461702809908,1,Papier
-0.6672606730375245,-0.6766396775709508,0,Métal
-0.5439749870633245,-0.6408457355269965,0,Métal
2.180024288492194,-0.6375370997647691,2,Verre
-0.7663949228163751,0.6850727340196447,1,Plastique
-0.23641402482256527,-0.3671886078414086,1,Métal
-0.5779198846397141,0.6657752088656761,1,Plastique
0.9836080948201618,-0.46878905308317964,2,Verre
-0.2524944427079837,1.2597174140824785,0,Métal
-0.22152048711687966,1.618161987206394,1,Verre
1.4657119905054667,-0.5558537543883324,2,Verre
-0.5983034162972465,1.6568668475062795,1,Plastique
1.8635783215820534,0.39989340672846985,2,Verre
1.5542096089849355,-1.5543148731665315,2,Verre
-0.396906652332896,-1.6709321895648825,0,Métal
-0.6890362852654561,1.6810841023337189,1,Papier
-1.0900287906074508,-1.2687735103123474,1,Plastique
-0.1834338112463702,-0.7012047960859582,0,Métal
1.1033627776012231,0.4735892594465423,2,Verre
-0.4903799585293275,-0.33224181245982254,1,Plastique
-0.792088241613332,-0.3032244322779849,1,Plastique
-0.3810912377753014,-1.3408126783598313,1,Plastique
1.5507528182516355,0.4232302741255396,2,Verre
-0.5716390301728508,0.6590645775749795,1,Plastique
-0.9035090192187983,-1.2781613986733111,1,Papier
-0.26088761769016405,1.6284826634685945,1,Plastique
1.9580872148753636,0.37957458027434887,2,Verre
2.047678729464164,-0.620123497624052,2,Verre
2.180024288492194,-0.6375370997647691,2,Verre
1.637020912258993,1.413783094564972,2,Verre
-0.7451685835286328,0.687543619890939,1,Papier
-1.0544235667893755,0.7181651843476857,1,Papier
-0.23480959173512975,0.25924881979372283,0,Métal
-0.701051813344313,-0.30657465568942044,1,Papier
-0.9235480475932932,-1.2874143206860214,1,Plastique
-0.8208016190232102,1.6894422954303472,1,Papier
-0.7443406263978807,0.6809498916056216,1,Papier
-0.9035090192187983,-1.2781613986733111,1,Papier
-0.6761597288636587,-1.3120060947285368,1,Plastique
-0.11380816864364854,1.1435260472480253,3,Verre
-0.9578645213361481,-1.272917539320281,1,Papier
-0.28457349388453057,0.6357582230616285,1,Plastique
-0.5314458349795215,-0.6610175814359949,0,Métal
-0.6008526932593711,1.3115895024018214,0,Métal
-0.4991512055558771,1.3216790023006182,0,Métal
-0.5074741936904199,1.657263033219173,1,Plastique
-0.7394506545336532,0.6901890288925843,1,Papier
-0.3635829745764423,0.32227558716875504,0,Métal
-1.0139282462395738,-0.6711473401555164,0,Métal
-0.44152113912458124,-1.3282764392511548,1,Plastique
-0.66970237133161,1.676149158265855,1,Papier
-0.5508032896529141,1.6648899580696905,1,Papier
3.4179960372936478,1.218774342596656,2,Verre
-0.23693391086650764,0.6280733357951755,1,Plastique
-0.866294701108097,-1.2908449552366668,1,Papier
-0.9199601006087802,-0.6654655576167918,0,Métal
-0.6338896103063858,-0.3249078659013238,1,Plastique
-0.39376152323495694,1.3255856502609051,0,Métal
-0.2934254539091693,-1.3509214569717458,1,Plastique
0.7673949052723407,-0.4855021791289731,2,Verre
-0.7849852709451784,1.6806313677816285,1,Plastique
-0.7368642525756368,-0.30966123757918473,1,Plastique
-0.8804638270825674,-0.30020586238148317,1,Plastique
-0.43427903033790727,0.3217613421370711,0,Métal
-0.1330915524635909,-0.3628737685148067,1,Métal
1.4372902531679512,-1.5493670675251308,2,Verre
1.8388006927506912,1.3882215211805329,2,Verre
-0.05326847858903122,1.247543303752497,0,Métal
-0.48240313631668297,-1.6752878227119514,0,Métal
-0.9714321085669924,-0.2815466078433184,1,Papier
-0.8912977526623647,0.3147451630770264,0,Métal
1.7528159485141452,-0.5882018467227826,2,Verre
-0.8713251338560306,1.6914978726018293,1,Papier
-0.7442946000125042,-0.3073251209091048,1,Plastique
-0.48028854863331993,1.6467610255461664,1,Plastique
-0.704636785383721,-0.629637418032313,0,Métal
-0.2945983614706549,-1.3495293828562616,1,Plastique
-0.7230486788175693,1.6702670094794516,1,Papier
1.983833831657937,-1.6111430440731924,2,Verre
1.6647584942842946,-1.570399174471992,2,Verre
1.794310877562426,-0.5955627533319854,2,Verre
-1.0018152473292163,-0.27945615188787865,1,Papier
-1.0165031840070615,0.7164318128188472,1,Papier
-0.6644360229475041,-0.7011197525274109,0,Métal
1.7094302992010537,-1.5833534269157605,2,Verre
0.32350636164853674,-1.4253367257723135,1,Verre
0.08059091638028484,1.2156805348956736,0,Métal
-0.6395187322466209,-1.6459526980408248,0,Métal
0.39691115810185373,-0.3641801983329813,2,Verre
-0.8998272402663612,-0.28590502874368773,1,Papier
-0.7903431438553862,1.6861172835081912,1,Plastique
-0.8535573673594399,-0.6591311736772946,0,Métal
-0.6855903661844034,1.6667694354137732,1,Plastique
2.0776432612048863,-1.6193040939469543,2,Verre
-0.66970237133161,1.676149158265855,1,Papier
-0.7020795209940158,0.6864760490851431,1,Papier
-0.48435634163553976,1.6501817955815696,1,Papier
-0.6855903661844034,1.6667694354137732,1,Plastique
-1.0303731597794725,-1.2675395548817407,1,Papier
-1.001383677944713,-1.2850954010203606,1,Plastique
1.170292998927478,-0.5245959099221233,2,Verre
-0.4831842711703369,-1.327920314565455,1,Métal
-0.6395187322466209,-1.6459526980408248,0,Métal
-0.9337461989282465,-1.274994517275454,1,Papier
-0.5142366230995781,-0.33698910222498446,1,Plastique
-0.6497023090243648,-0.31973082205408687,1,Plastique
-0.9859258071794983,-1.2740411128879001,1,Plastique
-0.9664767528455694,-1.2777206813134798,1,Papier
-0.6890362852654561,1.6810841023337189,1,Papier
-0.7868580477844462,-0.6312383988803856,0,Métal
-0.5228334585366392,-0.3223174872308141,1,Papier
-0.4272077785377081,1.642898528414065,1,Plastique
1.4657119905054667,-0.5558537543883324,2,Verre
-0.5939498481455623,-0.6497118020586539,0,Métal
-0.652084469091131,1.6638812774061702,1,Plastique
-0.611008710384928,-1.3195142872511745,1,Plastique
-0.8996625502921459,-0.29115356774219125,1,Plastique
-0.0577177355357302,-1.3855719517743401,1,Verre
1.4657119905054667,-0.5558537543883324,2,Verre
-0.7797760873777331,-0.6437983594300378,0,Métal
-0.7838578430787592,-0.29826817816227735,1,Papier
-0.609216682796993,-0.6654900129910539,0,Métal
-0.7778078863087922,-1.304958868623763,1,Plastique
-0.4579574629232004,-0.3344767585849213,1,Plastique
0.8833852397271555,-1.4923624901834462,2,Verre
-0.502001849600446,0.28472089832375613,0,Plastique
-0.7700356642417989,1.3407014476135937,0,Métal
-0.23154855902328142,-1.3538273835208503,1,Métal
-0.6822928695197747,-0.6572952356506343,0,Métal
1.3686473673086872,-0.548187174403014,2,Verre
-0.2201391944090219,1.6218659748740418,1,Plastique
2.0670666768255668,1.3629693837079417,2,Plastique
-0.5900382357452549,-0.31655464802614075,1,Papier
-0.3100523472512204,1.2797667913635264,0,Métal
-0.10090077464623654,1.6050075179029244,1,Plastique
2.978109084287743,0.26702546811631334,2,Verre
-0.6759536642469255,0.6852816810881566,1,Papier
-0.6315895884384479,0.6721466716654787,1,Plastique
-0.771675763699287,0.6943567563308817,1,Papier
-0.6872218168792226,1.668231179275521,1,Plastique
2.241817891389328,0.3544167571329453,2,Verre
-0.15212062818246405,0.30033224555685867,0,Métal
-0.4566623277794465,0.656448672100659,1,Plastique
1.8937117888014905,0.38983691641136153,2,Verre
-0.7492922120974896,1.684494740744196,1,Papier
2.064975168829211,0.3695367347888536,2,Verre
1.826712895309137,1.3905952886026018,2,Verre
2.1873312101090865,-0.6334921964176112,2,Verre
-0.7383720964206539,0.6823487804112263,1,Plastique
1.8920227322568466,-0.6040059172838974,2,Verre
-0.7572751672947274,-0.30334292307326827,1,Papier
-0.6456835137657614,-0.3213788370505366,1,Plastique
2.3548946713852223,0.33954808219437194,2,Verre
1.4903947647951572,-1.556353801334604,2,Verre
2.0618772116558537,0.370852543339363,2,Verre
1.8222911860573263,0.39305065101139025,2,Verre
2.1703610592588976,0.3550222158467202,2,Verre
2.54753716955863,0.3181963390978686,2,Verre
-0.31542736372309904,1.6354278454407558,1,Plastique
-0.8535573673594399,-0.6591311736772946,0,Métal
-0.5829919790365816,-0.64581959064274,0,Plastique
-0.4545040651524843,1.6433764300176754,1,Plastique
-0.514387096153239,-0.33076005212800363,1,Plastique
-0.3979835869839049,-1.3381662844720053,1,Plastique
2.0235108375509574,0.3724466144486678,2,Verre
-0.34790933896275855,-1.3428438075029872,1,Plastique
-0.43879637793490434,0.6546295785036056,1,Plastique
-0.6106094838331237,-1.6766120248540561,0,Métal
-1.3149057794683459,0.7800874105526254,1,Plastique
0.8371077597954381,-0.45586528839161855,2,Verre
-0.7452063581136881,-1.30945571704749,1,Plastique
-0.9578645213361481,-1.272917539320281,1,Plastique
-0.48551756245118527,1.2574220493813282,0,Métal
-0.3611588492386028,-0.35387467595042055,1,Plastique
-0.9235480475932932,-1.2874143206860214,1,Plastique
0.851854565802581,-1.4490036599776135,2,Verre
-0.3726621478800962,1.63733565984413,1,Plastique
-0.7394506545336532,0.6901890288925843,1,Papier
-0.7451685835286328,0.687543619890939,1,Papier
-0.639465137337752,-0.3167732203529816,1,Papier
-0.4784966986762519,0.6559505078270516,1,Plastique
-1.105460177415803,-0.2657016380221682,1,Papier
1.6426397367905095,1.4106854841198564,2,Verre
-0.4188704585966022,-0.3438158678972738,1,Plastique
-1.5644976625619598,-1.1828563418802993,1,Plastique
-0.23389759288757397,-0.3655318976757316,1,Plastique
-0.038052281928549245,-0.7631352469489898,0,Métal
1.6961141597596452,-0.5835470698328395,2,Verre
-0.3869828183279489,1.6482293980789022,1,Papier
1.170292998927478,-0.5245959099221233,2,Verre
-0.7583593898401534,-1.2899560985989769,1,Papier
-0.8892550462549462,-1.2860033558510509,1,Plastique
-0.15639006965542657,0.3053994641146094,0,Métal
2.5531782611051184,1.3102466863730282,2,Verre
-0.41759020883470144,1.6527036676905287,1,Papier
-0.5775251724738499,-0.3281206332176212,1,Plastique
-0.5982773190555647,-0.33086437060623464,1,Plastique
-0.5649266500457416,0.66157153873926,1,Plastique
-0.3068844787742892,1.6285189403955116,1,Plastique
1.169745513867,1.0329212474928717,3,Verre
-0.48839432023875273,1.6457054756851173,1,Plastique
-1.0359319889364065,0.7118604489359865,1,Plastique
0.8076899683230038,-0.4538847325542552,2,Verre
-1.1782107313687327,-1.2588082977826176,1,Papier
-0.5306667287097865,-0.6862696924120323,0,Métal
-0.866294701108097,-1.2908449552366668,1,Papier
2.0776432612048863,-1.6193040939469543,2,Verre
-0.6486802009483352,0.35986289161012475,0,Métal
-0.4162457037096573,1.6359278521808338,1,Plastique
-0.8767284858254923,-1.2888511610681994,1,Plastique
1.998277336146613,-1.6102105220812997,2,Verre
-0.5336190010464192,0.6632477116415709,1,Papier
-0.8758646554079121,-0.2971850341586313,1,Plastique
-0.66970237133161,1.676149158265855,1,Papier
-0.08648826726909928,1.6053262744653078,1,Métal
-0.6270210211519253,0.2834373525109317,0,Métal
-0.6439857278511388,-0.3185313191000616,1,Plastique
-0.48839432023875273,1.6457054756851173,1,Plastique
-0.3691283263457642,0.3251135073639835,0,Métal
8.875778355919408,-2.713984462188298,2,Verre
-1.6100406490353818,-1.1719310458025294,1,Papier
-0.48217632898730234,-0.6828918923607746,0,Métal
-0.57699510972612,1.3487215357177174,0,Métal
-0.8735793896769177,-0.28987453918266315,1,Papier
-0.8996625502921459,-0.29115356774219125,1,Plastique
-0.6997855399498616,-0.31960920109039326,1,Plastique
0.39691115810185373,-0.3641801983329813,2,Verre
1.8213425066903461,0.39498820741542606,2,Verre
-0.48173934764870907,0.6553030276577265,1,Plastique
-0.43879637793490434,0.6546295785036056,1,Plastique
-0.9030287090365763,-0.6733711965485272,0,Métal
2.274729612024223,-0.646777402663811,2,Verre
-0.5330427374604132,0.34515063991828465,0,Métal
-0.5828236150013186,1.6606669525568216,1,Plastique
2.1624706678296293,0.3596702825439049,2,Verre
-1.1330987935780208,-0.2709184746370794,1,Plastique
-0.19154876230126944,1.6244672563119964,1,Métal
-1.1910232253474509,-1.2486971518323253,1,Papier
-0.734603237837965,0.6718251779310871,1,Plastique
-0.8535573673594399,-0.6591311736772946,0,Métal
1.5145828372399135,-1.5546853767518218,2,Verre
0.9454962949436045,-0.49949694424794955,2,Verre
-0.7972420531857902,1.6790973380135295,1,Plastique
-0.561871532860338,1.6563782518866745,1,Plastique
-0.6705762698385546,-1.2971730584481105,1,Papier
1.3091981458556918,1.4864129246700724,2,Verre
-0.37543978060025096,-0.34980687454077564,1,Plastique
-1.1979056552266514,-1.2547925394775914,1,Plastique
1.983833831657937,-1.6111430440731924,2,Verre
-0.3635829745764423,0.32227558716875504,0,Métal
-0.855863526026901,-0.2914125356722921,1,Papier
1.1529117693251412,-0.524206162582551,2,Verre
-0.5078904519938363,-1.671169142689112,0,Métal
-0.5460109170514853,-1.3218849152869112,1,Plastique
-0.7903431438553862,1.6861172835081912,1,Papier
-1.5526213733107526,0.4537732834231354,0,Métal
-0.8935972693633161,0.7001830394624575,1,Papier
2.3860537565669206,1.3230693665381,2,Verre
-0.5983034162972465,1.6568668475062795,1,Plastique
-0.4034354387158561,-0.3464667483279593,1,Plastique
3.1593232695156743,0.24955025389694274,2,Verre
2.1500408022625255,-1.6210461398410847,2,Verre
-0.4034674703958562,-0.3464287312888781,1,Plastique
-0.08907304258487675,1.238792846773695,0,Métal
1.1671816619573536,-0.523518842635381,2,Verre
-0.12127778498087483,1.6133470118245772,1,Plastique
-0.5984933795927152,-1.3146890637137556,1,Plastique
-0.8996625502921459,-0.29115356774219125,1,Plastique
-0.6944689982116934,0.6819750348486189,1,Papier
2.4143561368362643,1.3257867602623106,2,Verre
-0.33532699062294996,1.6319728271483,1,Plastique
-0.39169610712015923,1.6487424714232508,1,Papier
1.5145663380480643,0.430343106699012,2,Verre
-0.6920544387206058,0.2912536673345103,0,Métal
0.07956018962778005,0.26565680625670973,0,Métal
-0.5932879161777999,1.668003586603288,1,Papier
-0.28457349388453057,0.6357582230616285,1,Plastique
-0.743009506750598,-0.6303159705653975,0,Métal
1.9623852457170576,-1.60596131284802,2,Verre
-0.66970237133161,1.676149158265855,1,Papier
-0.7657662227688364,1.3356342290558432,0,Métal
-0.5094965528362246,-1.3250313858999017,1,Plastique
-0.15309050384081224,1.613183679705066,1,Plastique
1.8635783215820534,0.39989340672846985,2,Verre
-0.7825540279237578,-0.29730152029838286,1,Papier
-0.743009506750598,-0.6303159705653975,0,Métal
-0.44592675040826857,0.3063580880791359,0,Métal
1.5507528182516355,0.4232302741255396,2,Verre
-0.5129871267120466,1.6534279725650605,1,Plastique
-0.5932505051247486,1.667584181909682,1,Papier
-1.064466232979769,-0.6244454705004102,0,Métal
-0.35642028124262304,1.6331168566438194,1,Plastique
1.734122961994921,0.40887508563244856,2,Verre
1.9569564772505674,1.3778072788059872,2,Verre
-0.701051813344313,-0.30657465568942044,1,Papier
2.956836305445863,-0.7247871663946539,2,Verre
-0.8660558759393759,0.7031539519886494,1,Papier
2.7755246397487245,0.2901916138925098,2,Verre
1.1275898097315493,1.5564532142815948,2,Verre
0.5279198205533557,-0.45626493847569294,1,Verre
-0.29894808477067014,1.3070651311964452,0,Métal
2.180024288492194,-0.6375370997647691,2,Verre
-0.4903799585293275,-0.33224181245982254,1,Plastique
1.1760192448788052,0.46863035750276194,2,Verre
-0.8657448802223873,-0.628836739330542,0,Métal
-0.6830743652277149,1.6771529025349647,1,Papier
-0.6822928695197747,-0.6572952356506343,0,Métal
-0.45242751299386685,1.6469473772246566,1,Papier
2.444954401089233,1.3229200290320524,2,Verre
-0.4428040229712712,0.3369449208107971,0,Métal
0.152653600492455,1.586118016194909,1,Métal
-1.290159556815612,-0.6802219496532936,3,Plastique
-0.3998941438360375,0.6564238562370937,1,Papier
-0.3495214421570145,1.6465336505219395,1,Papier
2.545065340345822,0.31389745340551434,2,Verre
-0.4162457037096573,1.6359278521808338,1,Plastique
-0.40329692971521824,1.280639966686458,0,Métal
1.8344283459131536,-0.6007623510003622,2,Verre
-1.0300980927925258,-1.6123796443208804,0,Métal
-0.6173438263124202,-1.30991093238736,1,Plastique
0.7184294527465065,0.5450003730444299,2,Verre
-0.8285603253152175,-0.29327410019391853,1,Papier
-0.539393037452385,0.28985043791651965,0,Plastique
1.5446312920744074,-1.5578335891685398,2,Plastique
-0.3793805670301154,-1.7193965813189465,0,Métal
-0.8962203675931396,-0.28878705275143135,1,Papier
-0.529040259335026,-0.33322113987884516,1,Plastique
-0.7437392831012231,0.6803614352839207,1,Plastique
-0.8476161520762926,-1.2932065330130031,1,Plastique
1.5145663380480643,0.430343106699012,2,Verre
-0.839127322213352,-1.2901419041674727,1,Plastique
-0.4958803332164604,-0.3387005660129354,1,Plastique
-0.5282295436636871,-0.33189106320900463,1,Plastique
-0.4486723516219231,-1.3375437133930423,1,Plastique
0.41992622924854495,-1.476457353005352,1,Verre
-0.9933044810491862,-0.6301565077212462,0,Plastique
-0.5458513668226614,1.651518602091824,1,Plastique
-0.6761597288636587,-1.3120060947285368,1,Plastique
1.4944250887381088,-0.5614702200894299,2,Verre
-0.4272077785377081,1.642898528414065,1,Plastique
1.7324985023978652,-0.59448609599032,2,Verre
-0.9024479468198003,-1.2844662535847904,1,Papier
0.8091542022893161,0.4588108778382831,1,Verre
-0.5458513668226614,1.651518602091824,1,Plastique
-0.5966167549706543,0.6755749618662061,1,Papier
0.9388931495245805,-0.46391428658370093,2,Plastique
-0.36977400366667285,-0.7382551259350445,0,Plastique
-0.7460944221948909,-0.2998681097069418,1,Papier
-0.6867599747855084,-0.3109842608760671,1,Papier
-0.7701255952448721,-0.3123228508570872,1,Plastique
0.36114351841223136,-1.4679810919804932,1,Verre
-0.7960660065406343,-0.6401718339188833,0,Métal
-0.90265299333016,-0.6681769284481954,0,Métal
1.9502232557096577,0.38652065344392117,2,Verre
-0.3829440810819441,1.6517697172331876,1,Papier
1.4898240360586694,-1.5499432488124067,2,Verre
0.4619868021268482,-1.4843647109011775,1,Verre
-1.1384698552968686,-1.5958408232091355,0,Métal
1.2688644201949224,-0.5342261844340008,2,Verre
-0.43427903033790727,0.3217613421370711,0,Métal
1.6961141597596452,-0.5835470698328395,2,Verre
-0.6367787371070937,-0.3165219358376352,1,Plastique
-0.9422952082026705,-0.2835036864301044,1,Papier
1.143670426207248,1.499436852877854,2,Verre
-0.6431851095713752,0.35982163730138117,0,Métal
-0.6571684765441023,-1.6477829074841608,0,Métal
-0.7183757782758152,-0.635430529626668,0,Métal
-0.743009506750598,-0.6303159705653975,0,Métal
-0.1189507740522851,1.6105851814924106,1,Plastique
-0.6082104443545091,-0.31421946830402403,1,Papier
2.241817891389328,0.3544167571329453,2,Verre
-0.81462377762891,-1.2984347096915831,1,Plastique
-0.5198416008519738,0.6690991068795114,1,Papier
-0.11768846124668936,1.605578406113559,1,Plastique
2.2297868363059585,-0.6415166132664987,2,Verre
-0.9715944083673255,-1.2747992751611728,1,Papier
-0.8617595766569339,-0.29001438895548537,1,Papier
-0.8495158990528712,-0.2918594543422679,1,Papier
1.922182698397696,-1.5992995511424617,2,Verre
-0.7663949228163751,0.6850727340196447,1,Plastique
-1.3149057794683459,0.7800874105526254,1,Plastique
-0.45298202051915193,1.6450355846658031,1,Plastique
-0.408602256992902,-1.339036266334321,1,Plastique
-0.8301868976490008,-1.2860714468988788,1,Papier
-0.7498021612368937,-0.3082475236046376,1,Plastique
-0.3770955409609996,1.2664239081116915,0,Plastique
1.459718572323884,-0.5551983790192874,2,Verre
-0.36624601077493474,-1.333934532256884,1,Métal
-1.290159556815612,-0.6802219496532936,3,Plastique
-0.9629589049276568,-0.2807624298434286,1,Papier
2.054895535749814,1.3607439301356312,2,Verre
-0.5734202261206166,-0.3311226617034586,1,Plastique
0.9836080948201618,-0.46878905308317964,2,Verre
-0.9159015157911741,0.7054284193010363,1,Papier
-0.47364269872526266,-1.3326509322134619,1,Plastique
-0.6855903661844034,1.6667694354137732,1,Plastique
1.9898687109655309,0.37827742945088905,2,Verre
-0.30346519001769695,1.3102396102988145,0,Métal
-0.40814189288454594,-1.3339367153639032,1,Plastique
1.7528159485141452,-0.5882018467227826,2,Verre
-0.09979819568744441,0.6132123395903186,1,Plastique
-0.27368102686362106,0.6355823364553939,1,Plastique
-0.6872218168792226,1.668231179275521,1,Plastique
2.0905843175250185,0.37429354348534405,2,Verre
-0.8735793896769177,-0.28987453918266315,1,Papier
-0.6451741253002613,-1.3140839757241145,1,Plastique
-0.8128231224418527,0.6991259173933064,1,Plastique
-0.6409968910564671,-0.32300759491243647,1,Plastique
2.322073224966372,0.337901266795098,2,Verre
-0.5139370419034494,-0.33774868273076364,1,Plastique
-1.0544235667893755,0.7181651843476857,1,Papier
-0.9537437255276902,-1.6462644630739456,0,Métal
1.7678101976148444,-1.587673978136756,2,Verre
-0.8293340951930894,-1.2832300743209115,1,Papier
-1.0122563850390653,-0.2830499600267551,1,Plastique
1.9580872148753636,0.37957458027434887,2,Verre
0.6916469308351553,-1.4670365454005556,2,Verre
1.5301662137504262,-1.5599131610304688,2,Verre
-1.1576259102034672,-1.5752121909156327,0,Métal
-0.483577174057758,-0.32553189681030137,1,Papier
-0.808930090617002,-0.2973388412577631,1,Papier
0.2202204901099891,-0.4431243687603209,1,Verre
-0.3721864503780795,1.6500844023139523,1,Papier
1.9363913786600833,1.3764527811792637,2,Verre
-1.111478982213392,-1.2612775879810538,1,Plastique
-0.7621572129928379,-0.31031574278743346,1,Plastique
-0.6457135039392177,-0.319233495784913,1,Plastique
0.10372558086623074,1.587438595808084,1,Plastique
-0.5273049279654639,1.6511274877161959,1,Plastique
-0.7394506545336532,0.6901890288925843,1,Papier
-0.46412384783169836,1.6407018907024018,1,Plastique
1.7528159485141452,-0.5882018467227826,2,Verre
-1.0900287906074508,-1.2687735103123474,1,Plastique
-0.8676137976537466,-1.2795363509679325,1,Papier
-0.6583368553038791,-1.3128498435462306,1,Plastique
1.4944250887381088,-0.5614702200894299,2,Verre
-0.5273049279654639,1.6511274877161959,1,Plastique
-1.002620966708996,-0.276617823844409,1,Papier
-0.45298202051915193,1.6450355846658031,1,Plastique
-0.5722773309559969,-0.3252988515267985,1,Plastique
1.7678101976148444,-1.587673978136756,2,Verre
-0.6257322924500522,-0.3140816888323028,1,Papier
2.2191815445005734,1.344000237463394,2,Verre
-0.7368642525756368,-0.30966123757918473,1,Plastique
-0.8744940505457578,-1.2969609269961158,1,Plastique
-0.6183659278775254,1.671238446787781,1,Papier
1.3732279437455923,1.4437057951331427,2,Verre
10.323263851226463,-0.9435046642085787,2,Verre
-0.5850386269032175,-0.6591656084673693,0,Métal
2.047678729464164,-0.620123497624052,2,Verre
2.0861977566403347,0.3639185314538098,2,Verre
-0.5075084705360261,1.657303714949853,1,Plastique
-0.1544052802156436,1.6166738517048567,1,Plastique
1.0604621590748542,-1.508642944161318,2,Verre
2.292657340298296,1.3397923820365654,2,Verre
-0.6262088961241602,-1.3150528873217433,1,Plastique
-0.7064128064952109,0.6871467387900985,1,Papier
-0.5501496247851172,1.6622135950511312,1,Plastique
-0.8510821445728516,-1.2886994066321646,1,Papier
-0.8080989490855923,-0.6858814845159925,0,Métal
-0.702908516491379,-0.30668388762441734,1,Papier
-0.607697196255941,-1.3135287876170092,1,Plastique
1.692222614848919,-0.5789283606375428,2,Verre
-0.5271037432931641,1.6473868132906306,1,Plastique
-0.6362338455031588,1.3047395025161552,0,Métal
-0.8128231224418527,0.6991259173933064,1,Papier
-0.6595437753827321,-0.6841549927222046,0,Métal
-0.5129871267120466,1.6534279725650605,1,Plastique
-0.6404253340155753,-0.3084637464110618,1,Plastique
-0.9789241436265078,-1.280454885717953,1,Plastique
-0.30556029528666273,0.6376820528274638,1,Plastique
-0.8758748154397742,-1.2884274646008638,1,Plastique
-0.11173159429959972,0.27457456093175425,0,Métal
-0.5389106596255188,-1.3198233521355291,1,Plastique
-0.81462377762891,-1.2984347096915831,1,Plastique
2.0051697680262435,1.3674021043547147,2,Verre
-0.8002383685510026,-0.30602658703815466,1,Plastique
-0.5306667287097865,-0.6862696924120323,0,Métal
-0.592928360241521,1.6698642227179497,1,Papier
-0.6412148296199306,-0.32043021082601153,1,Plastique
-0.5360366039771107,-1.3240806112682955,1,Plastique
-0.8575849550135124,0.34271803878750884,0,Métal
1.7266374601260739,0.4090511640884986,2,Verre
-0.839127322213352,-1.2901419041674727,1,Plastique
-0.743009506750598,-0.6303159705653975,0,Métal
-0.34582288954954027,-0.7324263972684528,0,Métal
-1.2176544357846049,-1.2512612102276697,1,Plastique
2.8000118927428934,0.28941165547176695,2,Verre
-0.3268832392955927,0.6402236259010958,1,Plastique
-0.38916772616866224,1.6390594438568755,1,Plastique
1.0134212097544906,-0.4721415037658475,2,Verre
-0.4991512055558771,1.3216790023006182,0,Métal
-0.34790933896275855,-1.3428438075029872,1,Plastique
-1.0018152473292163,-0.27945615188787865,1,Papier
-0.6418199338394378,-0.32011023314369424,1,Plastique
-0.9817146563972893,-1.2785128200627343,1,Plastique
-0.5306667287097865,-0.6862696924120323,0,Métal
-1.0209750694189785,-1.6282992660641855,0,Métal
2.4990843149171913,1.3169802589847273,2,Verre
-0.34694703698304863,-0.7153922024178021,0,Métal
2.2529318915755487,-0.6432506558745413,2,Verre
-0.6920544387206058,0.2912536673345103,0,Métal
-0.16940075464475102,1.2903803775906681,0,Plastique
1.5568853769654982,0.4275805445537786,2,Verre
-0.9793188802284067,-0.2849264793645032,1,Plastique
-0.6262088961241602,-1.3150528873217433,1,Plastique
-0.5074897625389596,1.2936708639194874,0,Plastique
-0.7442946000125042,-0.3073251209091048,1,Plastique
-0.775496656467258,-1.2895657757107455,1,Papier
-0.44244512782386536,1.649035911308497,1,Plastique
-0.3576729105812925,-0.6982256391941228,0,Métal
0.5961833469746859,1.4897165220458823,1,Verre
-0.652084469091131,1.6638812774061702,1,Plastique
-0.5964372241123914,0.6644829977010407,1,Plastique
1.3770002339020782,1.439228624335225,2,Verre
-0.5094965528362246,-1.3250313858999017,1,Plastique
-0.48839432023875273,1.6457054756851173,1,Plastique
-0.41917477282682203,0.6469547156174642,1,Plastique
-0.6573467104324129,-0.3155388864333233,1,Plastique
1.1529117693251412,-0.524206162582551,2,Verre
-0.6644360229475041,-0.7011197525274109,0,Métal
-0.8880206288015478,1.6952171353251277,1,Papier
-0.3412972296317907,-1.344797194765068,1,Plastique
-0.4162457037096573,1.6359278521808338,1,Plastique
-0.45508054308062096,-0.34128969663280184,1,Plastique
-0.8744940505457578,-1.2969609269961158,1,Plastique
-1.17853582471796,0.9270886444628139,3,Métal
-0.6409968910564671,-0.32300759491243647,1,Plastique
-1.000163276806059,-0.2755031730771167,1,Papier
-0.702908516491379,-0.30668388762441734,1,Papier
1.1760192448788052,0.46863035750276194,2,Verre
-0.36592198475312976,0.6418189040743763,1,Plastique
-0.6486802009483352,0.35986289161012475,0,Métal
2.6574999638096544,1.2968869763126964,2,Verre
-0.7118568658078139,0.6817316664896087,1,Plastique
-0.054421101128248384,1.600445966861254,1,Plastique
0.9524760526530409,-0.4650153697349355,2,Verre
2.0051697680262435,1.3674021043547147,2,Verre
-0.5828236150013186,1.6606669525568216,1,Plastique
-0.5243016290698864,-1.7006272112030396,0,Métal
-0.545529405493546,-0.33139479027317287,1,Plastique
-0.08087501292678881,-0.749034957572452,0,Métal
-0.8935972693633161,0.7001830394624575,1,Papier
-0.9657594338851342,-1.6522728013244383,0,Métal
-0.5427850027073725,-0.33225934092176423,1,Plastique
-0.15639006965542657,0.3053994641146094,0,Plastique
-0.4179554232273607,-1.713596227994715,0,Métal
-0.9537437255276902,-1.6462644630739456,0,Métal
-0.7668123773363635,-1.298787492739483,1,Plastique
1.998277336146613,-1.6102105220812997,2,Verre
-0.4903799585293275,-0.33224181245982254,1,Plastique
-0.5780476534292546,-0.33034116696514926,1,Plastique
-0.4548337168387847,-1.3334774198595845,1,Plastique
-0.6542576628625004,1.6729194244836265,1,Plastique
-0.9505105811518335,-1.6709447981934233,0,Métal
-1.0303731597794725,-1.2675395548817407,1,Papier
-0.81462377762891,-1.2984347096915831,1,Plastique
-0.7115729818194954,0.6813947366539466,1,Plastique
0.24092159297539437,1.578686818222488,1,Plastique
-0.8511021448367233,-0.2946443700309358,1,Plastique
0.5338106023228258,1.4894557254655647,1,Plastique
1.9466826675481546,-1.6093169731781596,2,Verre
-0.7329207488240747,-1.3049949686571984,1,Plastique
-0.3928908851649453,-1.7285590393590395,0,Métal
-0.7754370669899355,-1.3001742216685126,1,Plastique
-0.7700356642417989,1.3407014476135937,0,Métal
1.3181849074584269,-0.5410019564110311,2,Verre
-0.8229512834394771,-0.2910804044443127,1,Papier
-0.5810890946223405,0.6724776019415899,1,Papier
-0.34085517611270316,1.6358889943901118,1,Plastique
-0.855863526026901,-0.2914125356722921,1,Papier
1.963826942654217,-1.6020870208147786,2,Verre
3.4179960372936478,1.218774342596656,2,Verre
1.6513764136265496,-0.5715359495934655,2,Verre
-0.8923183059568482,0.7047093487639435,1,Papier
-1.0349634759103088,-0.6544953251876848,0,Métal
-0.4841487400351191,0.2814202918395532,0,Métal
-0.609216682796993,-0.6654900129910539,0,Métal
-0.6458120066885715,-0.31911658705980783,1,Plastique
-0.26399204459698866,0.6289042476226452,1,Plastique
-0.4500063057720447,0.650129075716227,1,Plastique
-0.6397900993766873,-0.3102910844036122,1,Papier
-0.9122757026772939,0.704701675315843,1,Papier
-0.5779198846397141,0.6657752088656761,1,Plastique
-1.1462923840975963,1.3682244939450772,0,Métal
-0.6190551753247835,-1.642992842235653,0,Plastique
0.07632147490732236,1.2207477534534241,0,Métal
-0.408602256992902,-1.339036266334321,1,Plastique
-0.9629589049276568,-0.2807624298434286,1,Papier
1.5390889577769842,1.430488915198721,2,Verre
-0.7714781113134025,1.68551007699366,1,Papier
-0.8880206288015478,1.6952171353251277,1,Papier
1.6426397367905095,1.4106854841198564,2,Verre
-0.7960660065406343,-0.6401718339188833,0,Métal
-0.1654294885508747,1.2586210098117518,0,Métal
-0.7492922120974896,1.684494740744196,1,Papier
-0.3525620444985742,1.635067972090179,1,Plastique
-1.105460177415803,-0.2657016380221682,1,Papier
-0.7160736761057124,-0.3016333182874191,1,Papier
-0.26489625559014823,1.6242930870510983,1,Plastique
-0.3078505546141349,-0.35203172545155437,1,Métal
1.5619208238397602,-1.5656104978486511,2,Verre
-0.48971070418027396,1.6532389801577405,1,Plastique
-0.849354223719224,-1.6628074430014814,0,Métal
1.4218894340917716,-0.5615914095839692,2,Verre
-0.16951600706598252,1.2365007975434896,0,Métal
-1.0997877713506103,-1.259396747417475,1,Papier
-0.634373141278284,-1.316449610593052,1,Plastique
-0.005537858941531554,0.25912265691216674,0,Métal
-0.639465137337752,-0.3167732203529816,1,Papier
-0.7849852709451784,1.6806313677816285,1,Plastique
1.4762265445525715,1.4703396565635607,2,Plastique
-0.5989188244162456,1.3015493759120351,0,Métal
-1.2673284499065915,-1.2443424236295801,1,Papier
0.6624805791231325,0.5503392655582222,2,Verre
-0.7370231157635043,-1.3003682318748786,1,Plastique
-0.37283086846550295,1.3037028341242116,0,Métal
-0.6319567061885151,-1.634108712961647,0,Métal
-0.7127838268338086,-0.31139756478125125,1,Papier
2.132620031664344,-1.6242955368395646,2,Verre
-0.8912977526623647,0.3147451630770264,0,Métal
-0.739688249407706,1.3232938914982586,0,Métal
-0.4379414076174276,0.6493293298804923,1,Plastique
-0.4196459845796816,-0.3428954290814794,1,Plastique
-0.5562208183131764,-0.691618019561355,0,Métal
1.2795095021835043,1.4485013883528801,2,Verre
-0.8617108853387647,-0.6483284271003908,0,Métal
-0.734603237837965,0.6718251779310871,1,Plastique
-0.4234608262860532,-1.3405125386047834,1,Plastique
-0.7769506488854385,0.6937197732257989,1,Papier
-0.35480404221314576,1.6389180785359618,1,Plastique
-0.30346519001769695,1.3102396102988145,0,Métal
-0.5271037432931641,1.6473868132906306,1,Plastique
1.3335641246066465,-1.5324040084610493,2,Verre
-0.5601849874271755,1.6656037303311135,1,Papier
-0.37794086250123704,-0.6668570195103913,0,Métal
-0.8273096540329419,0.7007851726700844,1,Papier
-1.064466232979769,-0.6244454705004102,0,Métal
1.5572796124309594,0.4268460965375558,2,Verre
-0.5094196861453688,0.6563976712851198,1,Plastique
1.5258147018444035,0.4279786126876226,2,Verre
-0.7161334997112356,0.32602629440147535,0,Métal
-0.8495158990528712,-0.2918594543422679,1,Papier
-0.5864957990422932,0.2961040289807684,0,Plastique
-0.17762851808392302,-0.3683707764533335,1,Métal
-0.591115159015075,-1.3165061809079053,1,Plastique
2.1086821029956075,-0.6303261833665781,2,Verre
-0.6331834124381616,-0.3200307934711706,1,Plastique
-0.6222743013325562,-1.689686163365501,0,Métal
-0.8383555856085874,0.6992872146016584,1,Papier
-0.9626290614354107,-0.2794272986548012,1,Papier
-0.7651464800252776,-0.3064838658651803,1,Plastique
1.711830621805303,1.4501353133131392,2,Verre
-0.5864957990422932,0.2961040289807684,0,Métal
0.9271220402265052,0.4485304794674039,1,Papier
-1.20816008547112,-0.6930681735320013,3,Plastique
-1.0493436720378517,-0.6315553565336511,0,Métal
-1.2176544357846049,-1.2512612102276697,1,Plastique
-1.0493436720378517,-0.6315553565336511,0,Métal
2.0545505357783527,-1.6148949566217219,2,Verre
-0.6890362852654561,1.6810841023337189,1,Papier
1.3335641246066465,-1.5324040084610493,2,Verre
-0.36926951963667665,1.3026776879937139,0,Métal
0.7673949052723407,-0.4855021791289731,2,Verre
-0.3869828183279489,1.6482293980789022,1,Papier
-0.9737925784825799,-1.2700186133879976,1,Papier
2.133623948458909,-0.6331950207449297,2,Verre
0.25488287353130545,0.1418767966441823,3,Verre
-0.6552091385660138,-0.31023106045888604,1,Papier
-0.824579948150941,-0.2919002800282686,1,Papier
-1.0997877713506103,-1.259396747417475,1,Papier
1.059835371358288,0.5162014854257295,2,Verre
-0.9045838392774539,-0.6805696310975946,0,Métal
0.0007383451702840382,0.2701021968854904,0,Métal
-0.7521278995202817,1.6806756196830837,1,Papier
-0.5533787833371718,-1.32380127595624,1,Plastique
-0.4217043929240377,1.6362990415730783,1,Plastique
-0.336357878792954,0.6420717621590721,1,Plastique
-0.8680993154524671,-1.2808458964478786,1,Papier
1.818476703353801,1.3900864556138257,2,Verre
-0.16156810316878373,1.6129240063329464,1,Plastique
-0.43212203750190037,-1.3326157651281876,1,Métal
-0.6716687453423104,1.6658395614257417,1,Plastique
-0.8201165309478446,-0.6749377736545884,0,Métal
-0.5596017237227476,0.2797873499673651,0,Métal
-0.36592198475312976,0.6418189040743763,1,Plastique
-0.6951143769026371,0.6832902394873017,1,Papier
-0.975413539788579,-1.6566949699266198,0,Métal
-0.7161334997112356,0.32602629440147535,0,Métal
-0.5904971625965353,-0.33157099791026146,1,Plastique
-0.8676137976537466,-1.2795363509679325,1,Papier
-0.7583593898401534,-1.2899560985989769,1,Papier
-0.5427850027073725,-0.33225934092176423,1,Plastique
-0.6189068714640983,0.6811456052856466,1,Papier
1.169745513867,1.0329212474928717,3,Verre
-0.1834338112463702,-0.7012047960859582,0,Métal
-0.7298370489742791,0.37227756625727193,0,Métal
-0.5074125519676359,-1.3251547782433664,1,Plastique
0.9470137477756211,-0.4648611013046161,2,Verre
-0.8676137976537466,-1.2795363509679325,1,Papier
1.8635783215820534,0.39989340672846985,2,Verre
2.367828604168423,-0.65976787612177,2,Verre
1.7731850638437447,0.4066539186061513,2,Verre
1.338161101313397,0.45207715937041426,2,Verre
-0.8141982325884158,0.3775288680955864,0,Métal
-0.9035090192187983,-1.2781613986733111,1,Papier
-0.31734519494610647,-0.35245880634223203,1,Plastique
2.440558517315604,-1.6600404516175498,2,Verre
-0.44119526793696984,-0.7075253191506943,0,Métal
-0.8476161520762926,-1.2932065330130031,1,Plastique
-0.892152295507876,-1.2807095225128915,1,Papier
-0.8912977526623647,0.3147451630770264,0,Métal
1.9087302417597436,1.3765498841600239,2,Verre
-0.6146047574049739,-0.322312258888114,1,Plastique
-0.7668123773363635,-1.298787492739483,1,Plastique
-0.7020795209940158,0.6864760490851431,1,Papier
-0.43666390633588326,0.26244320978989855,0,Métal
1.9537393205631512,0.3847349111713769,2,Verre
-0.4738055422238686,1.6485157430716744,1,Plastique
-0.7368642525756368,-0.30966123757918473,1,Plastique
-0.6687406987834634,0.6742767460623533,1,Plastique
-0.8617595766569339,-0.29001438895548537,1,Papier
1.7613557622801956,-0.5911369960131299,2,Verre
-0.7145738377225688,0.6819361021128343,1,Plastique
-0.975413539788579,-1.6566949699266198,0,Métal
-0.6822835221805642,-0.30863734883764793,1,Papier
2.047678729464164,-0.620123497624052,2,Verre
-0.2387401612475626,1.622526895076257,1,Plastique
-1.290159556815612,-0.6802219496532936,3,Plastique
1.829576436685831,-1.590007432376696,2,Verre
-0.6872050403868691,-1.2993335715992067,1,Plastique
-0.5829919790365816,-0.64581959064274,0,Métal
-0.9973080255112141,-0.28306332038022686,1,Plastique
-0.9555133835387105,-1.2736377450120757,1,Papier
-0.9929043261675916,-1.2684211465050297,1,Papier
-0.7945552240873017,-0.29857838873646947,1,Papier
1.8105928495881995,0.39579165549753736,2,Verre
1.8781069703158524,-0.6034467625517462,2,Verre
-1.1979056552266514,-1.2547925394775914,1,Plastique
2.2605021110526073,0.3502666969277375,2,Verre
-0.9806698622665229,-1.6544515810343865,0,Métal
-0.931642998527467,-0.28379991003068517,1,Papier
-0.6430391021096348,-0.3259223301803016,1,Plastique
-0.8680993154524671,-1.2808458964478786,1,Papier
1.7266374601260739,0.4090511640884986,2,Verre
-0.3611588492386028,-0.35387467595042055,1,Plastique
-0.5898185332343572,-0.32591814091779825,1,Plastique
-0.4164371892873727,-0.3467038117835679,1,Plastique
-1.0117596370950266,-0.2836395290409923,1,Plastique
1.3686473673086872,-0.548187174403014,2,Verre
-0.44592675040826857,0.3063580880791359,0,Métal
-0.6944689982116934,0.6819750348486189,1,Papier
-0.7203584898797664,-1.305673702994365,1,Plastique
1.9639891993105656,-0.6088584999003511,2,Verre
-1.0733703593164705,-1.2617404157814123,1,Papier
-0.4483343023268961,-1.6706240016570466,0,Métal
3.3599085289658945,0.691087631395215,2,Métal
-0.6731257571261867,-0.6981036160340759,0,Métal
1.8937117888014905,0.38983691641136153,2,Plastique
-0.6456835137657614,-0.3213788370505366,1,Plastique
-0.31542736372309904,1.6354278454407558,1,Plastique
-0.8511021448367233,-0.2946443700309358,1,Papier
-0.6307894225957078,-0.32358521684552155,1,Plastique
-0.5881313591069774,-0.3120877694560238,1,Papier
-0.38916772616866224,1.6390594438568755,1,Plastique
1.5568853769654982,0.4275805445537786,2,Verre
-0.5975053473918642,1.6594488448618454,1,Papier
-0.968860990836321,1.2686149634473722,3,Papier
-0.8290935637686824,-1.2873227845585706,1,Papier
-0.6513565210403328,-0.32574661758499235,1,Plastique
1.7434020530072873,0.4031496404808137,2,Verre
2.1447519555740904,1.354734446738904,2,Verre
2.3363037890784155,-1.6507697350956283,2,Verre
-0.5459034416980083,1.6647125210044929,1,Papier
-0.545529405493546,-0.33139479027317287,1,Plastique
-0.3100523472512204,1.2797667913635264,0,Métal
-0.6258189671859666,-1.31194325240348,1,Plastique
-0.6146047574049739,-0.322312258888114,1,Plastique
-0.8660558759393759,0.7031539519886494,1,Papier
-0.8038295076126298,-0.6909487030737432,0,Métal
-0.5404659754965208,0.6559425871866738,1,Plastique
-0.6404253340155753,-0.3084637464110618,1,Papier
-0.22053420090832287,1.6169914060400041,1,Verre
-0.3659438284510086,0.28419001508154307,0,Métal
-0.699862065374213,1.6782080834279045,1,Plastique
-0.16143554860937206,0.23683360804677456,0,Métal
-0.620157977536439,-1.3094700610492946,1,Papier
-0.5003358108553579,1.337883462673928,0,Métal
-0.7437392831012231,0.6803614352839207,1,Plastique
-0.6696817764170503,1.3430715078736195,0,Métal
-0.27141399580580683,1.628762146025798,1,Plastique
-0.34582288954954027,-0.7324263972684528,0,Métal
-0.4152399498470911,0.2516574054223626,0,Métal
-1.071099720067606,-0.27047001744456334,1,Papier
-0.3702736491881341,0.6447199654008553,1,Plastique
-0.702908516491379,-0.30668388762441734,1,Papier
-0.6360481566948296,0.35199946351770284,0,Métal
-1.0429534762885118,-0.27262732514511545,1,Papier
-0.07393465054914525,0.257957422522896,0,Plastique
1.3257758839277232,1.4429289091009736,2,Verre
-0.6122155522724698,1.6623069197639475,1,Plastique
-0.6395187322466209,-1.6459526980408248,0,Métal
1.8937117888014905,0.38983691641136153,2,Verre
0.35204967817291954,1.1246557202172485,3,Verre
-0.6920544387206058,0.2912536673345103,0,Métal
2.3135879254846095,0.344651142449385,2,Verre
-0.6111038465450636,-1.3205276063038296,1,Plastique
1.143670426207248,1.499436852877854,2,Verre
-0.856576920886076,-0.6634855395008795,0,Métal
-0.6146047574049739,-0.322312258888114,1,Plastique
-0.5388825193070791,0.67216410328814,1,Papier
-0.9504655831311739,-1.2731683939218656,1,Papier
-0.513422897778367,-1.3296976706780266,1,Verre
2.069142289655625,-1.6235081340431767,2,Verre
-0.7192196615810773,1.3200872359260878,0,Métal
-0.36926951963667665,1.3026776879937139,0,Métal
-0.8164337466855252,-0.2933291909336464,1,Papier
-0.7194351588555379,-1.3068999594818398,1,Plastique
-0.5601849874271755,1.6656037303311135,1,Papier
-0.3153810559680169,0.6378504463972632,1,Plastique
0.7669199047752203,0.08270421261153982,3,Verre
2.4639834694031695,-0.6696814508304607,2,Verre
-0.4644634448878373,-0.33768397121772664,1,Plastique
-0.6457135039392177,-0.319233495784913,1,Plastique
-0.5918248797704363,1.666757222350274,1,Papier
-0.7937961360535258,-1.2976091689005627,1,Plastique
-0.28457349388453057,0.6357582230616285,1,Plastique
-0.9950084561539059,-0.2787676825507772,1,Papier
1.0012964062255796,-0.5033745766878419,2,Verre
-0.5749213587811339,1.3282261250945437,0,Métal
-0.3068844787742892,1.6285189403955116,1,Plastique
0.19736193280974926,-1.3371645252824624,2,Verre
-1.0394620128442849,-1.2662826100031703,1,Papier
-0.5282295436636871,-0.33189106320900463,1,Plastique
-0.9737925784825799,-1.2700186133879976,1,Papier
-0.8141982325884158,0.3775288680955864,0,Métal
-0.16486869234545762,0.2861967278086377,0,Métal
-0.9681289126151577,-1.2704617792583945,1,Papier
1.9898687109655309,0.37827742945088905,2,Verre
-0.5075084705360261,1.657303714949853,1,Plastique
0.9836080948201618,-0.46878905308317964,2,Verre
1.3401994415008542,0.4485840580423761,2,Verre
-0.7370231157635043,-1.3003682318748786,1,Plastique
-0.8244191906391864,-0.29556462239835857,1,Papier
-0.8849499947911371,-1.6346461665645051,0,Métal
-1.184009932169721,0.30431939003230446,3,Papier
-1.5655772666481422,0.4548897026331431,0,Métal
-0.7183757782758152,-0.635430529626668,0,Métal
-0.5494869661548962,0.6631770806282005,1,Plastique
-0.9754231408245537,1.381175040678073,0,Métal
-0.11768846124668936,1.605578406113559,1,Plastique
-0.5459034416980083,1.6647125210044929,1,Papier
1.4165072044962812,-0.5531965898090021,2,Verre
-0.6338896103063858,-0.3249078659013238,1,Plastique
-0.7405932848105957,-0.311766582996865,1,Plastique
-0.1189507740522851,1.6105851814924106,1,Plastique
-0.5078904519938363,-1.671169142689112,0,Métal
-1.0216740461372191,-1.2664917377609406,1,Papier
-1.2582116448298073,-0.6499058005050623,0,Métal
-0.9929043261675916,-1.2684211465050297,1,Plastique
-0.577632913181487,-1.638072795079811,0,Métal
2.4299865495963053,-1.6540119413099794,2,Verre
-0.30346519001769695,1.3102396102988145,0,Métal
-0.500625453387885,-0.335031182586468,1,Plastique
-0.907509028067654,-0.6622309756460885,0,Métal
-1.071099720067606,-0.27047001744456334,1,Papier
0.2986545346626053,0.5373846135761531,1,Verre
-0.8917796922076858,-1.2795928189938135,1,Papier
-0.37618205271031097,-1.3426957323921067,1,Métal
-0.9856995201611705,-1.636669286250153,0,Métal
-0.009807300414494069,0.26418987546991746,0,Métal
-0.6896912431428321,0.3515405246926804,0,Métal
-1.1979056552266514,-1.2547925394775914,1,Plastique
-0.4483343023268961,-1.6706240016570466,0,Métal
-0.47645684407142874,-1.6951673586864988,0,Métal
1.5572796124309594,0.4268460965375558,2,Verre
-0.839127322213352,-1.2901419041674727,1,Plastique
-0.5121886739004965,1.3103242812374838,0,Métal
-0.19424013702611456,-1.3598781151621706,1,Métal
-0.594820645399215,-1.3174698772651472,1,Plastique
2.701078364298307,-0.6947605356837439,2,Verre
-0.48851109061975917,1.28798293592224,0,Métal
-1.1910232253474509,-1.2486971518323253,1,Papier
-0.31338569645877634,-1.7150469153220715,0,Métal
-1.1979056552266514,-1.2547925394775914,1,Plastique
0.007177788428238602,0.25992144217043234,0,Métal
2.357358005311352,1.3342716584061416,2,Verre
-0.5975339453028382,-0.32673601492158433,1,Plastique
-0.7383472029612514,0.6849954373059897,1,Papier
-1.000002816956471,-0.2844360498394247,1,Plastique
-0.9337461989282465,-1.274994517275454,1,Papier
-0.7961884866817304,-1.3001629994574309,1,Plastique
1.4657119905054667,-0.5558537543883324,2,Verre
1.8889655951417774,0.39000794471675215,2,Verre
-0.8128231224418527,0.6991259173933064,1,Papier
-0.866294701108097,-1.2908449552366668,1,Papier
1.9504353407441122,-0.6083179884610674,2,Verre
-0.38188281054468043,-1.3423704096186062,1,Plastique
-0.5850386269032175,-0.6591656084673693,0,Métal
-0.3984809632768396,1.327396766361103,0,Métal
1.7266374601260739,0.4090511640884986,2,Verre
1.6426397367905095,1.4106854841198564,2,Verre
-0.8651498686989986,-0.29174259248924206,1,Papier
2.0618772116558537,0.370852543339363,2,Verre
-0.824579948150941,-0.2919002800282686,1,Papier
-0.4548337168387847,-1.3334774198595845,1,Plastique
-0.5073998503447277,-0.3344160836841643,1,Plastique
-0.5481155314029094,-0.3332232751234032,1,Plastique
-0.9841230882407894,-1.2723626931666516,1,Papier
2.0861977566403347,0.3639185314538098,2,Verre
-0.892152295507876,-1.2807095225128915,1,Papier
-1.0633454358469145,-1.6385753793523958,0,Métal
-0.7916218154069345,0.3145216969635767,0,Métal
-0.4566623277794465,0.656448672100659,1,Plastique
-0.6189068714640983,0.6811456052856466,1,Papier
-0.4993441908332764,-0.7183554491991243,0,Métal
-0.2934254539091693,-1.3509214569717458,1,Plastique
-0.7131138815819223,1.2967320385525174,0,Métal
-0.6088071939829125,-1.3191543651194089,1,Plastique
-0.6817424552162119,-0.32303724231556896,1,Plastique
0.9547798899079625,-1.4939069173578658,2,Verre
-0.6933057369130003,-0.31047744695650636,1,Plastique
-0.9737925784825799,-1.2700186133879976,1,Papier
-0.500625453387885,-0.335031182586468,1,Plastique
1.4871140616040386,1.4751162829735047,2,Verre
2.133623948458909,-0.6331950207449297,2,Verre
2.047678729464164,-0.620123497624052,2,Verre
-0.7194351588555379,-1.3068999594818398,1,Plastique
1.2643270430883318,-0.536731317970806,2,Verre
-0.24875471041147673,-0.36511188028487807,1,Plastique
-0.7937961360535258,-1.2976091689005627,1,Plastique
-0.8725396303436437,-1.2864830080451184,1,Plastique
-0.41759020883470144,1.6527036676905287,1,Papier
-0.44592675040826857,0.3063580880791359,0,Métal
8.875778355919408,-2.713984462188298,2,Verre
-0.8701738927208593,1.694102014371232,1,Papier
-0.35480404221314576,1.6389180785359618,1,Plastique
-0.40939130879904506,-0.34731096067895817,1,Plastique
-0.7492922120974896,1.684494740744196,1,Papier
-1.0349634759103088,-0.6544953251876848,0,Métal
-0.7701255952448721,-0.3123228508570872,1,Plastique
2.292657340298296,1.3397923820365654,2,Verre
0.5715989508587809,1.549196938072958,1,Verre
0.6916469308351553,-1.4670365454005556,2,Verre
-0.5394782381364231,0.6590076991176812,1,Plastique
-0.5902204699069805,0.6599252240835078,1,Plastique
-0.6330166663505441,0.6695971168581083,1,Plastique
-0.2777651685200593,-0.7125804450960556,0,Métal
-0.4188399015214701,-1.3366106510665818,1,Métal
-0.5820440314611292,1.6685845271151007,1,Papier
-0.23389759288757397,-0.3655318976757316,1,Plastique
-0.6944689982116934,0.6819750348486189,1,Papier
1.4165072044962812,-0.5531965898090021,2,Verre
2.464995408810037,0.32301104745129594,2,Verre
2.3625501859496736,-1.653715562903939,2,Verre
-0.4903799585293275,-0.33224181245982254,1,Plastique
-0.2653458631834327,0.6354760825342416,1,Plastique
-0.3980454726865439,0.6451796043778566,1,Plastique
1.0638033858570657,1.4720870706261657,2,Verre
-0.8917796922076858,-1.2795928189938135,1,Papier
0.053534684512338865,-1.3888646292788633,1,Métal
-0.3540792910242916,1.6303384348870245,1,Plastique
0.46305961366971604,1.5477813020069473,1,Métal
-1.043202357668781,-1.2670803857262245,1,Papier
-0.6933057369130003,-0.31047744695650636,1,Plastique
0.011356252912694237,1.5952792694601314,1,Plastique
-0.7332149613364437,-0.630779460055363,0,Métal
-0.8080989490855923,-0.6858814845159925,0,Métal
1.5390889577769842,1.430488915198721,2,Verre
-0.3740434451396354,-0.7331879073772938,0,Métal
1.998277336146613,-1.6102105220812997,2,Verre
-0.8701738927208593,1.694102014371232,1,Papier
2.292657340298296,1.3397923820365654,2,Plastique
2.322073224966372,0.337901266795098,2,Verre
-0.5168263780106152,-1.325658224698265,1,Papier
-0.3635829745764423,0.32227558716875504,0,Métal
-0.7426166444342139,0.6900626558637402,1,Papier
-0.5829919790365816,-0.64581959064274,0,Plastique
-0.7769506488854385,0.6937197732257989,1,Papier
2.7729657930255653,1.2825756009002942,2,Verre
1.9036224739689254,-1.6024411559641802,2,Verre
-0.40108385383809486,-0.6634339050616849,0,Métal
1.4613938516739429,1.4299726924416658,2,Verre
-0.7540607968105223,-0.617851867592865,0,Métal
-0.8418243258081799,-1.29601318886491,1,Plastique
-0.2715390252782473,-0.675012796138656,0,Métal
-0.6935936780877673,1.6782792544572198,1,Papier
-0.05560415731325985,1.2468801544894885,0,Métal
-0.34508984980896285,1.3126984837748827,0,Métal
-0.6830743652277149,1.6771529025349647,1,Papier
-0.3576729105812925,-0.6982256391941228,0,Métal
-0.4217043929240377,1.6362990415730783,1,Plastique
-0.30346519001769695,1.3102396102988145,0,Métal
-0.11768846124668936,1.605578406113559,1,Plastique
-0.256219193363161,0.6335354933678985,1,Plastique
2.3625501859496736,-1.653715562903939,2,Verre
-0.7190372190685038,-0.3170817010676823,1,Papier
-0.4802064753544676,-0.3334953626659929,1,Plastique
-0.33206083885165144,1.6324631262872231,1,Plastique
-1.1565823119835485,-1.6031114153625903,0,Métal
-0.3247926347747891,1.6307175531369567,1,Plastique
2.274729612024223,-0.646777402663811,2,Verre
1.8243490409759158,1.3893762743105464,2,Verre
-0.751640758506576,-1.2982945035142779,1,Plastique
-0.6003315866422831,1.347916399805542,0,Métal
1.7634248660391374,-1.5824692145434296,2,Verre
-0.7551394822191897,0.6900387858778407,1,Plastique
-0.8087623630337011,-1.2884030909100204,1,Plastique
1.8171608768130711,0.39995120612379553,2,Verre
-0.7123064351617717,1.6763697079118052,1,Papier
-0.8530814808976882,-1.2887699003045674,1,Plastique
-0.8880206288015478,1.6952171353251277,1,Papier
-0.8329686118904299,1.6906194561121815,1,Papier
-0.66970237133161,1.676149158265855,1,Papier
2.322073224966372,0.337901266795098,2,Verre
-0.9859258071794983,-1.2740411128879001,1,Plastique
-0.24978023234143445,0.26738672115526385,0,Métal
2.176558451812814,-0.6334236455691544,2,Verre
-0.24978023234143445,0.26738672115526385,0,Métal
-1.135998214941523,-1.258087455686123,1,Plastique
1.8344283459131536,-0.6007623510003622,2,Verre
2.4035173275804045,0.3302349312020665,2,Verre
2.089927259648426,-1.618167165126803,2,Verre
-0.7064128064952109,0.6871467387900985,1,Papier
-0.4483343023268961,-1.6706240016570466,0,Métal
-0.12045564983542763,-1.3551144751169955,1,Métal
-0.41759020883470144,1.6527036676905287,1,Papier
-0.6542576628625004,1.6729194244836265,1,Papier
-0.23448113333645565,1.2677573195729648,0,Métal
-0.5388825193070791,0.67216410328814,1,Papier
1.961950316591981,1.3718803032178484,2,Verre
-0.7916218154069345,0.3145216969635767,0,Métal
-0.6951143769026371,0.6832902394873017,1,Papier
-0.6745879687167446,0.6835134527694191,1,Papier
1.9880300458609965,0.38285769463013763,2,Verre
-0.26399204459698866,0.6289042476226452,1,Plastique
-0.5156187584985831,-1.6399928559505643,0,Métal
-0.751640758506576,-1.2982945035142779,1,Plastique
-0.6208092614869715,-0.3257174302379293,1,Plastique
-0.7797760873777331,-0.6437983594300378,0,Métal
-0.46265438569984974,-0.6613944029406145,0,Métal
-0.8758646554079121,-0.2971850341586313,1,Plastique
-0.6954711752498567,1.6720510737719592,1,Papier
-1.000163276806059,-0.2755031730771167,1,Papier
-0.4958803332164604,-0.3387005660129354,1,Plastique
-0.5501496247851172,1.6622135950511312,1,Papier
-0.38228472102812094,-0.3414006031264136,1,Papier
-0.6910294162584709,-0.3059170423183164,1,Papier
-0.5179191258182173,1.6624030427274603,1,Papier
-0.2658950144131855,1.62338124120878,1,Plastique
1.7738626757115217,-0.5920879255019454,2,Verre
-0.34320622843696413,0.638203318699597,1,Plastique
-0.9774493558847646,-0.27932027052738295,1,Papier
0.9174471901699663,0.5284150406357633,2,Verre
-0.2439986610196277,1.2774881360884824,0,Métal
1.967323848916529,-0.6183145166994869,2,Verre
-0.8379853401162072,-1.2885489318276224,1,Papier
14.007119422799212,-0.4811702491514924,2,Verre
1.8144619267744257,1.392593582577249,2,Verre
2.2024833355265576,1.3473330455646997,2,Verre
-0.3819154934723692,0.31690218573574924,0,Métal
-0.5043856134523848,-1.3287473228688833,1,Plastique
-0.4917312773433484,-0.33552873398347205,1,Plastique
-0.8785074692694552,0.6921583973263294,1,Plastique
1.102148212039932,-1.5106267103190993,2,Verre
-1.000163276806059,-0.2755031730771167,1,Papier
-0.8996625502921459,-0.29115356774219125,1,Plastique
-0.8657448802223873,-0.628836739330542,0,Métal
-0.8273096540329419,0.7007851726700844,1,Papier
-0.8017235471794557,-0.30471999921537063,1,Plastique
1.9790671207378692,-1.6054856375513882,2,Verre
-1.1121381100040382,-1.259321754271792,1,Papier
-0.908906734351594,-0.6567579566383035,0,Métal
-0.5226528258846062,-0.6562596211374256,0,Métal
-0.46265438569984974,-0.6613944029406145,0,Métal
-1.107862753489285,-0.6094327500156691,0,Métal
-0.4217043929240377,1.6362990415730783,1,Plastique
-0.6571684765441023,-1.6477829074841608,0,Métal
-0.5722773309559969,-0.3252988515267985,1,Plastique
-0.6451741253002613,-1.3140839757241145,1,Plastique
-0.9703443795099247,-0.278143936318606,1,Papier
-0.8048368396164096,-0.6291599946140203,0,Métal
-0.48573504024041314,-0.7114258380708898,0,Métal
-0.5939986937370613,-0.32311089396070236,1,Plastique
1.9087302417597436,1.3765498841600239,2,Plastique
-0.15127051848350226,-1.7461117888432116,0,Métal
2.978109084287743,0.26702546811631334,2,Verre
-0.26265836551913413,-1.7105391816735334,0,Métal
-0.7937961360535258,-1.2976091689005627,1,Plastique
1.420936873135522,0.44164002093487653,2,Verre
-0.8701738927208593,1.694102014371232,1,Papier
1.169745513867,1.0329212474928717,3,Verre
-0.6307894225957078,-0.32358521684552155,1,Plastique
-0.5755140193878766,-0.320413741044812,1,Papier
2.3548946713852223,0.33954808219437194,2,Verre
-0.6817424552162119,-0.32303724231556896,1,Plastique
-0.4777563540758115,0.6522589597767363,1,Plastique
1.559177765468777,-1.5613040574076298,2,Verre
-0.04960981443342517,-1.4031618863234054,1,Verre
-0.6620934546873557,-0.32120738483380573,1,Plastique
-0.6583368553038791,-1.3128498435462306,1,Plastique
-0.47824468121482955,-0.34102291826567876,1,Plastique
-0.6534133585489156,-0.6527505434056451,0,Métal
0.41258250927088014,-0.47326024065539085,1,Verre
-0.9045838392774539,-0.6805696310975946,0,Métal
2.0942612656334982,0.3699295301104877,2,Verre
-0.43139868316682395,1.651476158313829,1,Papier
-0.6445036876614609,0.6831496162174668,1,Papier
1.8428264016285785,-1.5943445407134726,2,Verre
-1.0900287906074508,-1.2687735103123474,1,Plastique
0.3809784058176019,-1.4706819697928062,1,Verre
-0.483577174057758,-0.32553189681030137,1,Papier
0.07632147490732236,1.2207477534534241,0,Métal
-0.8200170091766438,-0.30169038079408783,1,Plastique
1.998277336146613,-1.6102105220812997,2,Verre
-0.8801971891831901,0.7029661043779425,1,Papier
3.8153357511504837,-0.33735116251091024,2,Métal
-0.6859086164068178,-0.6393062524421322,0,Métal
-0.701307550984974,0.6870623571799734,1,Papier
1.7678101976148444,-1.587673978136756,2,Verre
-0.7176837303088315,-1.6430212082252742,0,Métal
-0.4545040651524843,1.6433764300176754,1,Plastique
-1.1121381100040382,-1.259321754271792,1,Plastique
-0.5902204699069805,0.6599252240835078,1,Plastique
-0.5133999385665494,1.651841279326714,1,Plastique
1.4937829284116917,-0.5633962664619733,2,Verre
-0.702908516491379,-0.30668388762441734,1,Papier
-1.0192231110306518,-1.631417404177422,0,Métal
-0.7097036961173911,-0.31646045899800157,1,Plastique
1.175266689819234,1.4611040475877803,2,Verre
1.3257758839277232,1.4429289091009736,2,Verre
1.3686473673086872,-0.548187174403014,2,Verre
2.241817891389328,0.3544167571329453,2,Verre
1.3451538803935108,2.0029186279017788,3,Verre
-0.3390903786120932,1.253658401415697,0,Métal
-0.7203584898797664,-1.305673702994365,1,Plastique
-1.0303731597794725,-1.2675395548817407,1,Papier
-0.516205254523169,-0.3329178432106361,1,Plastique
-0.78922124336222,-0.6915252562385555,0,Métal
-0.8563446862676307,0.6906013668671986,1,Papier
-0.10090077464623654,1.6050075179029244,1,Plastique
1.3038512097901358,1.4867195447223571,2,Verre
-1.0303731597794725,-1.2675395548817407,1,Papier
-0.009807300414494069,0.26418987546991746,0,Métal
1.3828106762141175,0.4427971508136932,2,Verre
-0.34582288954954027,-0.7324263972684528,0,Plastique
-0.8680993154524671,-1.2808458964478786,1,Papier
1.9363913786600833,1.3764527811792637,2,Verre
-0.9626290614354107,-0.2794272986548012,1,Papier
-0.432379261047134,1.6436663238175904,1,Plastique
-0.545529405493546,-0.33139479027317287,1,Plastique
-0.8056250528621177,1.6884097158920828,1,Papier
-0.7403519142129893,-0.6229572862716848,0,Métal
-0.5508032896529141,1.6648899580696905,1,Papier
1.862821760832301,-1.5946915047565375,2,Verre
-0.672939899232476,0.6759848595880891,1,Plastique
-0.7889677686835062,-0.3059047998141391,1,Plastique
-1.1910232253474509,-1.2486971518323253,1,Papier
-0.4330737705307909,-0.34303095206987466,1,Plastique
-0.5427850027073725,-0.33225934092176423,1,Plastique
-0.8880206288015478,1.6952171353251277,1,Papier
-0.5057549264555546,-0.6983304106236577,0,Métal
-0.8301868976490008,-1.2860714468988788,1,Papier
1.8889655951417774,0.39000794471675215,2,Verre
-0.054421101128248384,1.600445966861254,1,Plastique
-0.8804638270825674,-0.30020586238148317,1,Plastique
1.7016093690338914,-0.5797710747021486,2,Verre
-0.8418243258081799,-1.29601318886491,1,Plastique
1.7419070567253119,-0.5897162736023569,2,Verre
-0.18421394953073666,1.2670201493414532,0,Plastique
-0.824579948150941,-0.2919002800282686,1,Papier
-0.6896912431428321,0.3515405246926804,0,Métal
-1.1979056552266514,-1.2547925394775914,1,Plastique
1.7731850638437447,0.4066539186061513,2,Verre
-0.477039501315735,-0.33793482897184135,1,Plastique
0.32350636164853674,-1.4253367257723135,1,Verre
-0.6409968910564671,-0.32300759491243647,1,Plastique
-0.6404253340155753,-0.3084637464110618,1,Papier
2.6810335234940688,-1.6811610670806407,2,Verre
-0.9942133883773274,-0.27894116420495996,1,Papier
2.142501718851785,0.36374460937864717,2,Verre
-0.44955236552836275,-0.345517921768304,1,Plastique
-0.672939899232476,0.6759848595880891,1,Plastique
-0.3390903786120932,1.253658401415697,0,Métal
-0.6338896103063858,-0.3249078659013238,1,Plastique
-0.6167764370869511,-0.6640105855051113,0,Métal
-0.05560415731325985,1.2468801544894885,0,Métal
-0.256219193363161,0.6335354933678985,1,Plastique
1.8093967968050289,1.3968349273885294,2,Verre
-0.9960149815468511,-0.2824412248480932,1,Papier
-0.508368791383059,-0.3289819130563647,1,Plastique
1.7738626757115217,-0.5920879255019454,2,Verre
-0.26503385005150737,0.6351057674140164,1,Plastique
-0.5935427275666555,-1.3106001104219327,1,Papier
-0.9380689621039418,-1.6344479576647353,0,Métal
-0.40563613448221836,-0.6616637904767921,0,Métal
1.1275898097315493,1.5564532142815948,2,Verre
-0.3153810559680169,0.6378504463972632,1,Plastique
-0.5901713715018593,-1.314759234830492,1,Métal
-0.5156187584985831,-1.6399928559505643,0,Métal
-0.5790903201135489,-0.7138512372531521,0,Métal
-0.6920544387206058,0.2912536673345103,0,Métal
-0.734603237837965,0.6718251779310871,1,Plastique
-0.6491439170759531,-0.6578177619633957,0,Métal
-0.7437392831012231,0.6803614352839207,1,Plastique
-0.931642998527467,-0.28379991003068517,1,Papier
0.12319426011146314,-1.3932852247557976,1,Plastique
0.0007383451702840382,0.2701021968854904,0,Métal
1.8746060188359834,-1.5940379919333376,2,Verre
2.1845598060478246,1.3479492105102102,2,Plastique
-0.6059559743399326,-0.6531810932974362,0,Métal
-0.4711982995800523,-0.7157404350018883,0,Métal
-0.8379853401162072,-1.2885489318276224,1,Papier
0.38066286568507646,-0.47203483531448887,1,Verre
-0.7651464800252776,-0.3064838658651803,1,Plastique
-0.751332236678703,0.6900377087435017,1,Papier
0.9139882373912858,-1.4948782594554126,2,Verre
-0.6499940390718246,-1.3003975175820217,1,Papier
-0.8651498686989986,-0.29174259248924206,1,Papier
-0.5746749219786876,1.3258625518093579,0,Métal
-0.6573467104324129,-0.3155388864333233,1,Plastique
11.228313713795533,-3.0624350134237464,2,Verre
-0.5990822501053771,0.668432866535688,1,Papier
2.0629291067281095,1.3678800897369634,2,Verre
-0.45503993388718744,-0.3378067397276032,1,Plastique
-0.3928908851649453,-1.7285590393590395,0,Métal
2.3548946713852223,0.33954808219437194,2,Verre
-0.11768846124668936,1.605578406113559,1,Plastique
-0.4882488649756205,0.3351520239147392,0,Métal
-0.43008213238079496,1.6463099767797276,1,Plastique
-0.43879637793490434,0.6546295785036056,1,Plastique
-0.48971070418027396,1.6532389801577405,1,Plastique
1.338161101313397,0.45207715937041426,2,Verre
-0.9380689621039418,-1.6344479576647353,0,Métal
-1.17853582471796,0.9270886444628139,3,Métal
-0.7426166444342139,0.6900626558637402,1,Papier
-0.5734202261206166,-0.3311226617034586,1,Plastique
1.5285252245087302,-0.5673067039336086,2,Verre
2.0235108375509574,0.3724466144486678,2,Verre
-0.43139868316682395,1.651476158313829,1,Papier
1.2409942966717826,-0.5307017642026517,2,Verre
1.397413789079677,1.4779519547980124,2,Verre
-1.6100406490353818,-1.1719310458025294,1,Papier
2.0545505357783527,-1.6148949566217219,2,Verre
-0.4395796847183119,1.6458402700634454,1,Plastique
-0.2951792487243863,0.6389502968396419,1,Plastique
2.463208699398891,1.320089678916798,2,Verre
-1.0300980927925258,-1.6123796443208804,0,Métal
-0.8658681788447449,0.7014931765847654,1,Papier
-0.4991512055558771,1.3216790023006182,0,Métal
-0.34320622843696413,0.638203318699597,1,Plastique
-0.9973080255112141,-0.28306332038022686,1,Plastique
-0.6409968910564671,-0.32300759491243647,1,Plastique
-0.7545185967104038,-0.2999541168150184,1,Papier
-0.8701738927208593,1.694102014371232,1,Papier
-0.824579948150941,-0.2919002800282686,1,Papier
2.956836305445863,-0.7247871663946539,2,Verre
-0.7945552240873017,-0.29857838873646947,1,Papier
-1.02610371830651,-1.2726067734394915,1,Papier
-0.3153810559680169,0.6378504463972632,1,Plastique
2.274729612024223,-0.646777402663811,2,Verre
0.15692304196541748,1.5810507976371586,1,Métal
1.7422379481123769,1.3988891688626837,2,Verre
-0.6818850656245297,0.684308599872473,1,Papier
1.722032552698261,-1.580090642968768,2,Verre
11.929491026263019,-3.1845851562154284,2,Verre
1.8144619267744257,1.392593582577249,2,Verre
-0.1834338112463702,-0.7012047960859582,0,Métal
-0.3928908851649453,-1.7285590393590395,0,Métal
-0.6193247493101475,-1.3184348088384357,1,Plastique
-0.8017235471794557,-0.30471999921537063,1,Plastique
0.6470565883477231,0.48435995490984807,1,Verre
0.1620581509379593,1.5808319466766447,1,Métal
-0.40563613448221836,-0.6616637904767921,0,Métal
-0.5094965528362246,-1.3250313858999017,1,Plastique
-0.34320622843696413,0.638203318699597,1,Plastique
2.241817891389328,0.3544167571329453,2,Verre
0.23844907127860535,-1.448472686097668,1,Verre
1.7422379481123769,1.3988891688626837,2,Verre
-0.26768646676318375,-0.36109139623344233,1,Plastique
2.664274096239459,-0.6892583871504951,2,Verre
-1.0392716035547906,-0.2729884157121565,1,Papier
1.7434020530072873,0.4031496404808137,2,Verre
2.4990843149171913,1.3169802589847273,2,Verre
2.6061673411979376,1.3042611806989453,2,Verre
-0.5823987971452674,-1.317282520141313,1,Plastique
2.241817891389328,0.3544167571329453,2,Verre
-0.6270210211519253,0.2834373525109317,0,Métal
-0.6262088961241602,-1.3150528873217433,1,Plastique
0.7338633143655584,-1.523700711700211,1,Plastique
-1.1384698552968686,-1.5958408232091355,0,Métal
-0.3176129797674966,0.6341080084084065,1,Verre
-0.4234608262860532,-1.3405125386047834,1,Plastique
2.7729657930255653,1.2825756009002942,2,Verre
1.3335641246066465,-1.5324040084610493,2,Verre
-0.771675763699287,0.6943567563308817,1,Plastique
2.444954401089233,1.3229200290320524,2,Plastique
2.664274096239459,-0.6892583871504951,2,Verre
1.7731850638437447,0.4066539186061513,2,Verre
-0.7811279081252506,1.6848000637808969,1,Papier
1.059835371358288,0.5162014854257295,2,Verre
-0.699862065374213,1.6782080834279045,1,Papier
-0.41764648699892004,1.6394998395319418,1,Plastique
1.3268970557571251,0.4472313965106882,2,Verre
-0.10090077464623654,1.6050075179029244,1,Plastique
-0.7875841144079769,-0.29797366523644997,1,Papier
0.9454962949436045,-0.49949694424794955,2,Verre
2.1818285195759266,1.3509252880223037,2,Verre
1.0471972327860437,0.5218723903903,2,Verre
-0.7170532683067711,-0.3063303462235005,1,Papier
-1.0216740461372191,-1.2664917377609406,1,Papier
1.889939640410478,-0.6010207653939572,2,Verre
-0.2842242104358121,1.6267118005347598,1,Plastique
-0.8476161520762926,-1.2932065330130031,1,Plastique
1.8746060188359834,-1.5940379919333376,2,Verre
-0.3576729105812925,-0.6982256391941228,0,Métal
0.12319426011146314,-1.3932852247557976,1,Métal
-0.14715177488877412,1.2847334624944888,0,Métal
-0.6418199338394378,-0.32011023314369424,1,Plastique
1.1699020704975878,0.4695523030507338,2,Verre
-0.9159015157911741,0.7054284193010363,1,Papier
-0.5074897625389596,1.2936708639194874,0,Métal
-0.7329207488240747,-1.3049949686571984,1,Plastique
-1.0359319889364065,0.7118604489359865,1,Plastique
-0.713414288835869,-1.648088426783025,0,Métal
2.241817891389328,0.3544167571329453,2,Verre
-0.57699510972612,1.3487215357177174,0,Métal
1.7266374601260739,0.4090511640884986,2,Plastique
1.7738626757115217,-0.5920879255019454,2,Verre
2.701078364298307,-0.6947605356837439,2,Verre
-0.8883081146121451,-0.28838103025012285,1,Papier
-0.8998272402663612,-0.28590502874368773,1,Papier
-0.5935427275666555,-1.3106001104219327,1,Papier
-0.57699510972612,1.3487215357177174,0,Métal
-0.6456835137657614,-0.3213788370505366,1,Plastique
1.3770002339020782,1.439228624335225,2,Verre
1.8213425066903461,0.39498820741542606,2,Verre
-0.8923183059568482,0.7047093487639435,1,Papier
-0.7012489875877316,-0.7049923562333331,0,Métal
2.2191815445005734,1.344000237463394,2,Verre
-0.9387212529248612,-1.2846039040287576,1,Papier
-0.8229512834394771,-0.2910804044443127,1,Papier
-0.6431851095713752,0.35982163730138117,0,Métal
-0.9030287090365763,-0.6733711965485272,0,Métal
-0.6803454821013522,0.6718663837445076,1,Plastique
1.3678273065043836,0.4529492414586933,2,Verre
-0.4217043929240377,1.6362990415730783,1,Plastique
2.3063505229387906,-0.6525439923709996,2,Verre
-0.43139868316682395,1.651476158313829,1,Papier
-1.2176544357846049,-1.2512612102276697,1,Plastique
-0.2955699020262459,0.6355446151322173,1,Plastique
-1.0166884443119764,-1.266114541015213,1,Papier
1.065221608627899,-1.4672311617003806,2,Plastique
-0.6117353672125374,-1.3186518491582069,1,Plastique
-0.81462377762891,-1.2984347096915831,1,Plastique
-0.038052281928549245,-0.7631352469489898,0,Métal
-0.894722767512414,-0.6589800491776416,0,Métal
-0.5274090211887735,1.6512510315371454,1,Plastique
-0.561871532860338,1.6563782518866745,1,Papier
-0.5243016290698864,-1.7006272112030396,0,Métal
-0.5850386269032175,-0.6591656084673693,0,Métal
-0.7395498741072597,0.6810066880798147,1,Plastique
0.35204967817291954,1.1246557202172485,3,Verre
-1.0130683204327882,-0.27735050427202945,1,Papier
-0.8962203675931396,-0.28878705275143135,1,Papier
-0.9707461943185319,-1.272653462755729,1,Papier
-0.6866740101477201,-0.3048557745739915,1,Papier
-0.963365513145539,1.696241420998686,1,Plastique
-0.7107687131331943,-0.3103513658982251,1,Plastique
1.3922484581717265,-0.5485207285851648,2,Verre
2.6751908044678445,-0.21375358578134263,0,Métal
-0.6553465262312996,-0.318613470532064,1,Plastique
-0.9715944083673255,-1.2747992751611728,1,Papier
-0.5389106596255188,-1.3198233521355291,1,Plastique
-0.7227406942065647,-1.3022405910207335,1,Plastique
0.2017683210959801,-1.4429012003378525,1,Plastique
-0.2920804270952586,0.6396123721743143,1,Plastique
-0.5389106596255188,-1.3198233521355291,1,Plastique
-0.5458513668226614,1.651518602091824,1,Plastique
-0.8986834233504724,-1.2775168910585597,1,Papier
-0.4771630695091046,-0.34279712954020547,1,Plastique
-0.7071695859180054,0.3216219169904737,0,Métal
1.734122961994921,0.40887508563244856,2,Verre
0.1990130425316924,-1.4417010316900438,1,Plastique
-0.7262296866953358,-0.6257897008093831,0,Métal
-0.038052281928549245,-0.7631352469489898,0,Métal
-0.6412148296199306,-0.32043021082601153,1,Plastique
-0.3187617394610164,0.6354714224461124,1,Verre
-0.5426232947350732,0.6724878391694535,1,Papier
-0.5094196861453688,0.6563976712851198,1,Plastique
-0.6552091385660138,-0.31023106045888604,1,Papier
-0.5074230661927525,-1.6765921445171612,0,Métal
-1.0002844230198136,-0.2773740062903425,1,Papier
-0.6997855399498616,-0.31960920109039326,1,Plastique
-0.8383555856085874,0.6992872146016584,1,Papier
1.059835371358288,0.5162014854257295,2,Verre
-0.3102799174888371,1.6344277185091058,1,Plastique
0.05317451888995875,1.5894532596275386,1,Métal
2.1845598060478246,1.3479492105102102,2,Verre
0.9646252434279918,-0.5047558554351751,2,Verre
1.9756060038151562,-0.6102145149154562,2,Verre
-1.1782107313687327,-1.2588082977826176,1,Papier
1.2938906059872908,1.4512368222106693,2,Verre
-0.6606316167998283,-0.31082147943975835,1,Papier
-1.4975495211168461,-0.19047263085370103,1,Papier
-0.6920544387206058,0.2912536673345103,0,Métal
2.248034125870655,-1.6382697709603018,2,Verre
-0.6589715194704434,-1.303389443198539,1,Plastique
-0.6082104443545091,-0.31421946830402403,1,Papier
-0.611008710384928,-1.3195142872511745,1,Plastique
-0.699862065374213,1.6782080834279045,1,Papier
2.270714526169941,-1.6362384517384296,2,Verre
2.064975168829211,0.3695367347888536,2,Verre
-0.18421394953073666,1.2670201493414532,0,Métal
1.3828106762141175,0.4427971508136932,2,Verre
-0.9235480475932932,-1.2874143206860214,1,Plastique
-1.5526213733107526,0.4537732834231354,0,Métal
-1.0216740461372191,-1.2664917377609406,1,Papier
-0.4644634448878373,-0.33768397121772664,1,Plastique
-0.3856497420916105,0.6468738268454814,1,Plastique
1.4944250887381088,-0.5614702200894299,2,Verre
-0.7394401823639821,1.6825982854244639,1,Papier
-0.6803454821013522,0.6718663837445076,1,Plastique
-0.598825168315222,0.6640238634078062,1,Plastique
-0.9321403197956872,-1.2830891874562156,1,Plastique
-0.4428040229712712,0.3369449208107971,0,Métal
-1.111478982213392,-1.2612775879810538,1,Papier
-0.6222743013325562,-1.689686163365501,0,Métal
1.4218894340917716,-0.5615914095839692,2,Verre
-0.8919097910274586,-0.2874686085561886,1,Papier
-1.0509543339172827,-0.2690170360438653,1,Papier
-0.48718256673211335,-0.3351307726323369,1,Plastique
-0.2726825072885051,1.2867200265280323,0,Métal
-0.5810890946223405,0.6724776019415899,1,Papier
-1.0359319889364065,0.7118604489359865,1,Plastique
1.5572796124309594,0.4268460965375558,2,Verre
2.2522330888841804,1.336901751291817,2,Verre
-0.2920804270952586,0.6396123721743143,1,Plastique
1.3181849074584269,-0.5410019564110311,2,Verre
-0.6146047574049739,-0.322312258888114,1,Plastique
-0.824579948150941,-0.2919002800282686,1,Papier
-0.701307550984974,0.6870623571799734,1,Papier
-0.7642583833750459,-0.3044840017333026,1,Plastique
-0.5478009872520146,-1.659644540315446,0,Métal
-0.738671437552162,-0.3156718026251353,1,Plastique
2.8929207875933507,1.2726661683437748,2,Verre
-0.9681289126151577,-1.2704617792583945,1,Papier
-0.3084282408050044,0.6411203963552883,1,Plastique
-0.5828236150013186,1.6606669525568216,1,Plastique
-0.3525620444985742,1.635067972090179,1,Plastique
-0.6872218168792226,1.668231179275521,1,Plastique
-0.5864957990422932,0.2961040289807684,0,Métal
1.2643270430883318,-0.536731317970806,2,Verre
-0.3223661791079244,0.30574257842265906,0,Métal
-0.8919097910274586,-0.2874686085561886,1,Papier
-0.6890362852654561,1.6810841023337189,1,Papier
-1.3861581179303535,-1.6171374765455582,0,Métal
-0.809023670449428,-0.30104725708345703,1,Plastique
2.31712886389263,0.34044855320519396,2,Verre
-0.8427751323509718,0.6941385249220031,1,Plastique
-0.43879637793490434,0.6546295785036056,1,Plastique
-0.5179191258182173,1.6624030427274603,1,Papier
-1.6100406490353818,-1.1719310458025294,1,Papier
0.20593353945872137,1.2322720053648786,0,Métal
0.6742257832738626,1.5398017046021415,2,Verre
-0.8031894269860695,1.3192385087418208,0,Métal
-0.6431851095713752,0.35982163730138117,0,Métal
-0.4903799585293275,-0.33224181245982254,1,Plastique
-0.751332236678703,0.6900377087435017,1,Papier
-0.3936037165974692,1.6438474430072836,1,Plastique
-0.46265438569984974,-0.6613944029406145,0,Métal
-0.038052281928549245,-0.7631352469489898,0,Métal
-0.5931039788455251,-1.3175778363808577,1,Plastique
1.3302454899848104,-0.49881236968658305,2,Verre
-0.3412972296317907,-1.344797194765068,1,Plastique
1.9639891993105656,-0.6088584999003511,2,Verre
-0.8273096540329419,0.7007851726700844,1,Papier
-1.5644976625619598,-1.1828563418802993,1,Plastique
1.5842064741050217,-0.5727775813897279,2,Verre
-1.0509543339172827,-0.2690170360438653,1,Papier
-0.7709325108108529,-0.29806697287481265,1,Papier
-0.6105032303331813,1.3363978525321116,0,Métal
-0.16940075464475102,1.2903803775906681,0,Métal
2.5531782611051184,1.3102466863730282,2,Verre
-0.5791041280904737,1.6664700087471267,1,Papier
-0.5810890946223405,0.6724776019415899,1,Papier
-0.44592675040826857,0.3063580880791359,0,Métal
-0.2439986610196277,1.2774881360884824,0,Métal
-0.981430078688208,-1.6417365048079038,0,Métal
-0.6933057369130003,-0.31047744695650636,1,Plastique
-1.0300980927925258,-1.6123796443208804,0,Métal
-0.6118289860961551,-0.3258514888036077,1,Plastique
-0.7769506488854385,0.6937197732257989,1,Papier
2.6783578351071107,-0.6925873096805562,2,Verre
-0.6890362852654561,1.6810841023337189,1,Papier
-0.8208016190232102,1.6894422954303472,1,Papier
-0.6866740101477201,-0.3048557745739915,1,Papier
-0.9045581367970423,-0.2925186243384088,1,Plastique
-0.9711440983156165,-1.6617621884843705,0,Métal
-0.5918248797704363,1.666757222350274,1,Papier
0.8706630922930811,-0.49377259465328627,2,Verre
-1.4146072258231073,-1.1887716929327505,1,Papier
-0.4738055422238686,1.6485157430716744,1,Plastique
-0.8919097910274586,-0.2874686085561886,1,Papier
-0.3576729105812925,-0.6982256391941228,0,Métal
-0.39376152323495694,1.3255856502609051,0,Métal
-0.591115159015075,-1.3165061809079053,1,Plastique
-0.9555133835387105,-1.2736377450120757,1,Papier
-1.290159556815612,-0.6802219496532936,3,Plastique
-0.8776371855881661,-1.2946068208584256,1,Plastique
-0.14715177488877412,1.2847334624944888,0,Plastique
-0.577632913181487,-1.638072795079811,0,Métal
-0.839127322213352,-1.2901419041674727,1,Plastique
-0.8501028045346156,-1.6496780368670154,0,Métal
1.984695796858197,0.37357136486004117,2,Verre
-0.7903431438553862,1.6861172835081912,1,Papier
1.0638033858570657,1.4720870706261657,2,Verre
-0.6409968910564671,-0.32300759491243647,1,Plastique
-0.6818850656245297,0.684308599872473,1,Papier
-1.0392716035547906,-0.2729884157121565,1,Papier
-0.5179191258182173,1.6624030427274603,1,Papier
-0.6759536642469255,0.6852816810881566,1,Papier
-0.34320622843696413,0.638203318699597,1,Plastique
2.2583984930306347,0.34418864694444395,2,Verre
-0.6385080760436705,1.662885968915073,1,Plastique
-0.7124255892300758,-0.7055486716503563,0,Métal
-0.5836553086860149,0.6653782929620478,1,Plastique
1.175266689819234,1.4611040475877803,2,Verre
-0.614320869547749,0.35352154017493453,0,Métal
-0.7769506488854385,0.6937197732257989,1,Papier
1.8746060188359834,-1.5940379919333376,2,Verre
-0.7572751672947274,-0.30334292307326827,1,Papier
-0.6849162559076836,0.672661850583846,1,Plastique
2.463208699398891,1.320089678916798,2,Verre
2.1845598060478246,1.3479492105102102,2,Verre
-0.37794086250123704,-0.6668570195103913,0,Plastique
0.519119820998214,0.5035714980679735,1,Verre
-0.7769506488854385,0.6937197732257989,1,Papier
-0.5895242337955309,1.6672896689838546,1,Papier
-0.3065943185890948,0.6402536933979455,1,Plastique
-0.2651152956532157,-0.6801925666414451,0,Métal
-0.6872050403868691,-1.2993335715992067,1,Papier
-0.44955236552836275,-0.345517921768304,1,Plastique
1.4358448999528644,1.431787135807822,2,Verre
-0.6059559743399326,-0.6531810932974362,0,Métal
-0.9362557457643894,0.706617393025539,1,Papier
-0.33532699062294996,1.6319728271483,1,Plastique
1.7613557622801956,-0.5911369960131299,2,Verre
-0.5520440801668833,-1.3352925580462913,1,Papier
-0.6208092614869715,-0.3257174302379293,1,Plastique
-0.9194147309945724,1.2611468317736925,3,Plastique
-0.7071695859180054,0.3216219169904737,0,Métal
-0.7855977964578778,-0.30990447656552433,1,Plastique
-0.3984809632768396,1.327396766361103,0,Métal
0.9249670952152522,0.5268570802361416,2,Verre
-0.45248101459381695,-0.344374966468014,1,Plastique
-0.5480073206586471,-0.33130505215104855,1,Plastique
-0.47697668022420725,-1.685439494001578,0,Métal
0.7184294527465065,0.5450003730444299,2,Verre
1.3770002339020782,1.439228624335225,2,Verre
-0.739688249407706,1.3232938914982586,0,Métal
-0.4882488649756205,0.3351520239147392,0,Plastique
-0.5935427275666555,-1.3106001104219327,1,Plastique
1.056312868834063,-1.5037183279924864,2,Verre
2.055191447665156,0.3690077398261917,2,Verre
-0.8578345975720618,-1.6620766827188205,0,Métal
-0.6122155522724698,1.6623069197639475,1,Plastique
-0.607697196255941,-1.3135287876170092,1,Plastique
2.2529318915755487,-0.6432506558745413,2,Verre
-0.8427751323509718,0.6941385249220031,1,Plastique
-1.0696463091719777,-0.2743131923415387,1,Plastique
-0.6872218168792226,1.668231179275521,1,Plastique
-0.6954711752498567,1.6720510737719592,1,Papier
-0.8308779584138954,0.6970960448291705,1,Papier
2.208798995212381,-0.6337516621535756,2,Verre
2.047678729464164,-0.620123497624052,2,Verre
-0.7395908917577229,-0.6705019460018466,0,Métal
-0.8957364148218456,1.6929223052445879,1,Papier
-1.0493436720378517,-0.6315553565336511,0,Métal
-0.5273049279654639,1.6511274877161959,1,Plastique
1.6148152880663262,1.4104799589948975,2,Verre
-0.3659438284510086,0.28419001508154307,0,Métal
0.152653600492455,1.586118016194909,1,Métal
-0.5404659754965208,0.6559425871866738,1,Plastique
-1.135998214941523,-1.258087455686123,1,Plastique
-0.40329692971521824,1.280639966686458,0,Métal
2.9658320686982704,0.2727252364467474,2,Verre
-1.048067333866515,-1.619625893077357,0,Métal
-0.6612381928599742,1.2922618708911007,0,Métal
-0.6552091385660138,-0.31023106045888604,1,Papier
3.2472324214141532,1.1013142523162796,2,Métal
-0.5929866507916073,0.6632082865640314,1,Plastique
-0.9303947069793291,-1.277791557378103,1,Papier
-0.4828722915539829,0.6694234017847347,1,Papier
-0.3018354975791727,0.6348328891294928,1,Plastique
1.1529117693251412,-0.524206162582551,2,Verre
-0.9882841712259446,-1.273207422498419,1,Plastique
-0.5790903201135489,-0.7138512372531521,0,Métal
-0.6883587021483719,0.6797235059489408,1,Papier
-0.5904971625965353,-0.33157099791026146,1,Plastique
0.9490213704441952,-0.46622473640454754,2,Verre
-0.7797760873777331,-0.6437983594300378,0,Métal
1.734122961994921,0.40887508563244856,2,Verre
-0.9242958020114177,-0.2844468133650271,1,Papier
1.2643270430883318,-0.536731317970806,2,Verre
-0.8543722460075781,-1.6446108183092647,0,Plastique
2.6574999638096544,1.2968869763126964,2,Verre
-0.6183659278775254,1.671238446787781,1,Papier
-0.36926951963667665,1.3026776879937139,0,Métal
1.9918911710306393,0.37827508933215803,2,Verre
-0.48028854863331993,1.6467610255461664,1,Plastique
0.360992738886746,-0.4705498130694534,1,Verre
-0.7118875220697267,-1.6787875915679005,0,Métal
-0.6558974297705499,1.678212644171795,1,Papier
8.494057462989518,-1.67428676140532,2,Verre
-1.1545672592845366,-0.6947236540772534,3,Plastique
0.12319426011146314,-1.3932852247557976,1,Métal
1.1671816619573536,-0.523518842635381,2,Verre
-0.16940075464475102,1.2903803775906681,0,Métal
-0.28457349388453057,0.6357582230616285,1,Plastique
-0.5759131294495292,0.660213199849571,1,Plastique
-0.8441166648015376,-1.2921811042578017,1,Plastique
-0.9000058562948081,1.6979895238023388,1,Papier
2.31712886389263,0.34044855320519396,2,Verre
-0.6082104443545091,-0.31421946830402403,1,Papier
-1.1121381100040382,-1.259321754271792,1,Papier
1.5446312920744074,-1.5578335891685398,2,Verre
-0.6944689982116934,0.6819750348486189,1,Papier
2.3860537565669206,1.3230693665381,2,Verre
1.559177765468777,-1.5613040574076298,2,Verre
0.07956018962778005,0.26565680625670973,0,Métal
0.04926524303937635,-1.3837974107211126,1,Métal
2.35884465182189,-0.6553111607731039,2,Verre
2.1624706678296293,0.3596702825439049,2,Verre
1.5842064741050217,-0.5727775813897279,2,Verre
1.7738626757115217,-0.5920879255019454,2,Verre
-0.931642998527467,-0.28379991003068517,1,Papier
-1.0149713053624239,-0.2765428306987261,1,Papier
-0.5479272656508438,-0.3250042774313542,1,Métal
-0.6385080760436705,1.662885968915073,1,Plastique
-0.8498199098249464,-1.292640920336551,1,Plastique
8.791322813230284,-1.716541374010102,2,Verre
1.7383025240979015,-0.5854382070830475,2,Verre
2.2583984930306347,0.34418864694444395,2,Verre
1.8879009322180855,-0.6082201637877094,2,Verre
3.0540031100874767,0.25799175717841205,2,Verre
-1.0392716035547906,-0.2729884157121565,1,Papier
2.133623948458909,-0.6331950207449297,2,Verre
-0.9024479468198003,-1.2844662535847904,1,Papier
2.0776432612048863,-1.6193040939469543,2,Verre
1.5900704992357761,1.4611293411686528,2,Verre
2.8929207875933507,1.2726661683437748,2,Verre
1.9036089144641184,-0.6011664756619604,2,Verre
1.2343027403548943,-0.5319023510757074,2,Verre
-0.5075084705360261,1.657303714949853,1,Plastique
0.32350636164853674,-1.4253367257723135,1,Verre
-0.41141983760817225,1.6434137145611774,1,Papier
-0.5243016290698864,-1.7006272112030396,0,Métal
12.168445951613394,-0.3227303538306878,2,Verre
-0.3084282408050044,0.6411203963552883,1,Plastique
-0.6935936780877673,1.6782792544572198,1,Papier
2.357358005311352,1.3342716584061416,2,Verre
-0.7260383391750188,-0.6908300260130744,0,Métal
-0.5790903201135489,-0.7138512372531521,0,Plastique
-0.7395498741072597,0.6810066880798147,1,Plastique
0.4669734381078522,-0.48582600025808564,1,Verre
-0.8043809421483596,-0.2957066527954255,1,Papier
-0.6802050592429182,1.678712792803003,1,Papier
0.7842148776841782,0.5388596359989497,2,Verre
0.46305961366971604,1.5477813020069473,1,Métal
-0.5508032896529141,1.6648899580696905,1,Papier
-0.4533034540101488,0.6647910803722537,1,Papier
-0.18421394953073666,1.2670201493414532,0,Métal
-0.7642583833750459,-0.3044840017333026,1,Plastique
-0.594820645399215,-1.3174698772651472,1,Plastique
-0.4644634448878373,-0.33768397121772664,1,Plastique
-0.9856995201611705,-1.636669286250153,0,Métal
1.889939640410478,-0.6010207653939572,2,Verre
2.1447519555740904,1.354734446738904,2,Verre
-0.5426232947350732,0.6724878391694535,1,Papier
-0.5345518352218331,-0.330812998103595,1,Plastique
-0.9859258071794983,-1.2740411128879001,1,Plastique
-0.3980454726865439,0.6451796043778566,1,Plastique
-0.8758748154397742,-1.2884274646008638,1,Plastique
2.1624706678296293,0.3596702825439049,2,Verre
-0.5722773309559969,-0.3252988515267985,1,Plastique
-0.16486869234545762,0.2861967278086377,0,Métal
-0.9159015157911741,0.7054284193010363,1,Papier
-0.6029553576392969,-1.6425690997274915,0,Métal
-0.8273096540329419,0.7007851726700844,1,Papier
-0.7145738377225688,0.6819361021128343,1,Plastique
-0.9045581367970423,-0.2925186243384088,1,Plastique
-0.6334331186479537,-1.657002133117044,0,Métal
-0.38188281054468043,-1.3423704096186062,1,Plastique
-0.5879131226385775,-1.6936730502548714,0,Métal
-0.6082104443545091,-0.31421946830402403,1,Papier
-0.8002383685510026,-0.30602658703815466,1,Plastique
-0.5501496247851172,1.6622135950511312,1,Papier
-0.4993441908332764,-0.7183554491991243,0,Métal
-0.4684217528913376,-0.33867437292024105,1,Plastique
-0.8563446862676307,0.6906013668671986,1,Papier
1.0604621590748542,-1.508642944161318,2,Verre
1.4670516321145217,-1.5507500896786268,2,Verre
-0.2774459095366868,-1.3587617557793166,1,Plastique
1.3686473673086872,-0.548187174403014,2,Verre
-0.5554874739287047,-1.3196014893874546,1,Plastique
-0.8617595766569339,-0.29001438895548537,1,Papier
-0.8164437643495444,-1.6453785086017096,0,Métal
-0.43639147897486286,-1.3275485465704369,1,Métal
-0.824579948150941,-0.2919002800282686,1,Papier
-0.8923183059568482,0.7047093487639435,1,Papier
-0.892152295507876,-1.2807095225128915,1,Papier
0.6138613598286622,0.4932082527602588,1,Verre
-0.41759020883470144,1.6527036676905287,1,Papier
-1.1565823119835485,-1.6031114153625903,0,Métal
-0.9739775484790479,-0.6078045433297743,0,Métal
1.711830621805303,1.4501353133131392,2,Verre
-0.5528341133029518,-0.3176175163490902,1,Papier
2.5873984910224466,-0.6799170796138541,2,Verre
-0.8902987800625332,-1.2796902747766388,1,Papier
-0.3635829745764423,0.32227558716875504,0,Métal
0.5279198205533557,-0.45626493847569294,1,Verre
-0.6573467104324129,-0.3155388864333233,1,Plastique
-0.6338896103063858,-0.3249078659013238,1,Plastique
2.322073224966372,0.337901266795098,2,Verre
-0.8658681788447449,0.7014931765847654,1,Papier
-0.5381612362726091,1.6521813041353044,1,Plastique
-0.8330195023318113,-0.6819773739048735,0,Métal
-0.5965137405197786,-1.3154604146529325,1,Plastique
-0.8345958291784792,0.7009967300323241,1,Papier
-0.3603174245846962,1.268219366023746,0,Métal
-0.57699510972612,1.3487215357177174,0,Plastique
1.8356559472894907,0.3938051353127041,2,Verre
-0.7097036961173911,-0.31646045899800157,1,Plastique
-1.098533379311228,0.7597152173278336,1,Plastique
-0.7578406208590365,-0.31567494813031494,1,Plastique
-0.25355687429704077,-0.6773794594584566,0,Plastique
-0.6721655031960878,-1.6216139695158573,0,Métal
-0.6672606730375245,-0.6766396775709508,0,Métal
-0.751640758506576,-1.2982945035142779,1,Plastique
-0.4179554232273607,-1.713596227994715,0,Métal
0.24180394307192263,-0.4510862171221838,1,Verre
-0.5296605999061783,-0.33358501999783186,1,Plastique
-0.5156187584985831,-1.6399928559505643,0,Métal
-0.5388825193070791,0.67216410328814,1,Papier
-0.5823987971452674,-1.317282520141313,1,Plastique
1.7688462778660352,-0.5936112566317508,2,Verre
-0.7131138815819223,1.2967320385525174,0,Métal
-0.2651152956532157,-0.6801925666414451,0,Métal
1.5619208238397602,-1.5656104978486511,2,Verre
-0.05560415731325985,1.2468801544894885,0,Métal
-0.6672606730375245,-0.6766396775709508,0,Métal
-0.2152729491221289,-1.3567117232445252,1,Plastique
2.5531782611051184,1.3102466863730282,2,Verre
-0.6606316167998283,-0.31082147943975835,1,Papier
-0.2951792487243863,0.6389502968396419,1,Plastique
-0.38188281054468043,-1.3423704096186062,1,Plastique
-0.6326325498597457,0.32995710789617694,0,Métal
-0.6166129066161944,-1.3188596522892428,1,Plastique
1.5619208238397602,-1.5656104978486511,2,Verre
-0.3078505546141349,-0.35203172545155437,1,Métal
-0.9882841712259446,-1.273207422498419,1,Plastique
1.6148152880663262,1.4104799589948975,2,Verre
-1.084177747111749,-1.6144544793474294,0,Plastique
-0.9555133835387105,-1.2736377450120757,1,Papier
-0.6699275953344423,-1.2985261636945387,1,Papier
0.39691115810185373,-0.3641801983329813,2,Verre
-0.8638774017244396,-1.295752573298001,1,Papier
-0.7107687131331943,-0.3103513658982251,1,Plastique
-0.8290935637686824,-1.2873227845585706,1,Papier
-0.6644360229475041,-0.7011197525274109,0,Métal
-0.8918682349346096,0.34755519729406914,0,Métal
2.1447519555740904,1.354734446738904,2,Verre
-0.6803454821013522,0.6718663837445076,1,Plastique
0.1145590015132317,1.5894840438727116,1,Métal
-0.4142299949385436,-0.35511161208489184,1,Plastique
-0.7194351588555379,-1.3068999594818398,1,Plastique
0.008746307836241224,1.5983769023027092,1,Plastique
-0.6799444018384907,1.6707816860412337,1,Papier
0.9174471901699663,0.5284150406357633,2,Verre
-0.9723152213174152,-1.2694519241927127,1,Papier
-0.5864957990422932,0.2961040289807684,0,Métal
1.6808463850670994,-0.5734799895111833,2,Verre
2.142501718851785,0.36374460937864717,2,Verre
-0.6463560585882694,-1.309797235804117,1,Papier
-0.4735968923635665,0.6679702966291676,1,Papier
-0.8195386945695512,1.6890052043446564,1,Papier
-0.5876679376888275,-1.315254724103535,1,Plastique
-0.7778155250336813,0.6937757606443273,1,Plastique
2.064975168829211,0.3695367347888536,2,Verre
-0.22583173038107035,1.2629176037024015,0,Métal
-0.8919097910274586,-0.2874686085561886,1,Papier
2.4639834694031695,-0.6696814508304607,2,Verre
1.9363913786600833,1.3764527811792637,2,Verre
-0.8002383685510026,-0.30602658703815466,1,Plastique
-0.369328802906285,0.6435985675215481,1,Plastique
-0.7146624862883457,-0.3127593575980112,1,Papier
-0.5094965528362246,-1.3250313858999017,1,Plastique
-0.2951792487243863,0.6389502968396419,1,Plastique
-0.7903431438553862,1.6861172835081912,1,Papier
1.2643270430883318,-0.536731317970806,2,Verre
-0.19307589856376253,-1.3488567328984886,1,Métal
-0.8676137976537466,-1.2795363509679325,1,Papier
-0.9817146563972893,-1.2785128200627343,1,Plastique
-0.23448113333645565,1.2677573195729648,0,Métal
-0.4738055422238686,1.6485157430716744,1,Plastique
-0.5251361569373165,1.6532127365262663,1,Papier
-0.9461437484038446,0.7116296482616853,1,Papier
-0.8301868976490008,-1.2860714468988788,1,Papier
-0.6029553576392969,-1.6425690997274915,0,Métal
-0.432379261047134,1.6436663238175904,1,Plastique
2.054895535749814,1.3607439301356312,2,Verre
1.8299174056747018,0.3995804661556013,2,Verre
-0.40563613448221836,-0.6616637904767921,0,Métal
-0.48936126830146454,-0.3354314041287041,1,Plastique
-0.8495158990528712,-0.2918594543422679,1,Papier
1.9502232557096577,0.38652065344392117,2,Verre
-0.36099434288719334,1.2686847815643463,0,Métal
-1.4975495211168461,-0.19047263085370103,1,Papier
-0.5766331989899952,-1.3174543498040714,1,Plastique
-0.22930050170547617,1.6240427684243197,1,Métal
-0.6451741253002613,-1.3140839757241145,1,Plastique
-0.5478009872520146,-1.659644540315446,0,Métal
-0.43139868316682395,1.651476158313829,1,Papier
-0.2955583887471736,-0.6803758417062483,0,Métal
-0.48217632898730234,-0.6828918923607746,0,Métal
-0.28457349388453057,0.6357582230616285,1,Plastique
-0.7668123773363635,-1.298787492739483,1,Plastique
-0.4993441908332764,-0.7183554491991243,0,Métal
2.2529318915755487,-0.6432506558745413,2,Verre
0.07632147490732236,1.2207477534534241,0,Plastique
-0.5918248797704363,1.666757222350274,1,Papier
-1.0868431275281067,1.2870983136053706,3,Papier
1.961950316591981,1.3718803032178484,2,Verre
1.8356559472894907,0.3938051353127041,2,Verre
-0.6445036876614609,0.6831496162174668,1,Papier
-1.107862753489285,-0.6094327500156691,0,Métal
1.4898240360586694,-1.5499432488124067,2,Verre
-0.41759020883470144,1.6527036676905287,1,Plastique
1.9639891993105656,-0.6088584999003511,2,Verre
-0.7118568658078139,0.6817316664896087,1,Plastique
-0.46745412571990674,-1.6914690032576911,0,Métal
-0.2270817719879436,1.285756402056016,0,Métal
2.274729612024223,-0.646777402663811,2,Verre
-0.5492435773894538,1.6575728345143224,1,Papier
-0.5478009872520146,-1.659644540315446,0,Métal
-0.704636785383721,-0.629637418032313,0,Métal
2.068814564439957,1.3631736706728483,2,Verre
1.337428787517254,-0.5352551746875304,2,Verre
-0.6652777181768601,0.6713190247178111,1,Plastique
-0.2955583887471736,-0.6803758417062483,0,Métal
-0.5426232947350732,0.6724878391694535,1,Papier
1.29384351626683,1.486924253634691,2,Verre
-0.6555595679601659,-1.315233362838497,1,Plastique
-0.8961376764075721,0.35262241585181986,0,Métal
2.4035173275804045,0.3302349312020665,2,Verre
-0.5755140193878766,-0.320413741044812,1,Papier
-0.5755140193878766,-0.320413741044812,1,Papier
-0.7754370669899355,-1.3001742216685126,1,Plastique
-0.8744940505457578,-1.2969609269961158,1,Plastique
-0.3869828183279489,1.6482293980789022,1,Papier
-0.701307550984974,0.6870623571799734,1,Plastique
1.8454947045862538,0.3922446998255542,2,Verre
1.1057996871907427,-1.5149604909235481,2,Verre
-0.6439857278511388,-0.3185313191000616,1,Plastique
-0.6802050592429182,1.678712792803003,1,Papier
1.5258147018444035,0.4279786126876226,2,Verre
-1.2582116448298073,-0.6499058005050623,0,Métal
-1.0139282462395738,-0.6711473401555164,0,Métal
0.7888137354767695,-0.48425762182748966,2,Verre
-0.7394506545336532,0.6901890288925843,1,Papier
-0.0038162869205519145,0.6063760957699686,1,Métal
-0.7112259057913235,1.663646336967805,1,Plastique
-0.6535830398941834,-1.688312651022957,0,Métal
-0.5895242337955309,1.6672896689838546,1,Papier
-0.6106094838331237,-1.6766120248540561,0,Plastique
1.8388006927506912,1.3882215211805329,2,Verre
-0.24551787127483077,1.628636557951263,1,Plastique
1.6148152880663262,1.4104799589948975,2,Verre
-0.8056250528621177,1.6884097158920828,1,Papier
-0.05326847858903122,1.247543303752497,0,Métal
-0.7825540279237578,-0.29730152029838286,1,Papier
-0.2651152956532157,-0.6801925666414451,0,Métal
-0.5887285200155368,-1.321728841589371,1,Plastique
-0.3331763920571551,0.6396058080157603,1,Plastique
1.7949101531629037,1.3885739110962263,2,Verre
-0.8785074692694552,0.6921583973263294,1,Plastique
-0.704636785383721,-0.629637418032313,0,Métal
-0.7795616811838781,-0.30607223749513346,1,Plastique
-0.9806698622665229,-1.6544515810343865,0,Métal
-0.43879637793490434,0.6546295785036056,1,Plastique
-0.5381612362726091,1.6521813041353044,1,Plastique
-0.6411771487081366,-0.3204511565003827,1,Plastique
-0.6802050592429182,1.678712792803003,1,Papier
1.4372902531679512,-1.5493670675251308,2,Verre
1.7016093690338914,-0.5797710747021486,2,Verre
-0.7451685835286328,0.687543619890939,1,Papier
1.3401994415008542,0.4485840580423761,2,Verre
1.8920227322568466,-0.6040059172838974,2,Verre
-0.7227406942065647,-1.3022405910207335,1,Plastique
-0.3084282408050044,0.6411203963552883,1,Plastique
1.664546084626264,-0.580203385484249,2,Verre
1.5572796124309594,0.4268460965375558,2,Verre
-0.6535830398941834,-1.688312651022957,0,Plastique
-0.5153646115160168,-1.3273931331998654,1,Plastique
-0.7557636236919558,-1.3050688200066438,1,Plastique
-0.2777651685200593,-0.7125804450960556,0,Métal
-0.536261280965457,1.6626459890703698,1,Papier
-0.22691264693283655,0.6322829338154785,1,Plastique
-0.6262088961241602,-1.3150528873217433,1,Plastique
-0.6411771487081366,-0.3204511565003827,1,Plastique
-0.9629589049276568,-0.2807624298434286,1,Papier
1.5258147018444035,0.4279786126876226,2,Verre
-0.5494869661548962,0.6631770806282005,1,Plastique
-1.076935660651512,-1.2629509202252367,1,Plastique
-0.9817146563972893,-1.2785128200627343,1,Plastique
-0.46265438569984974,-0.6613944029406145,0,Métal
-0.8767284858254923,-1.2888511610681994,1,Plastique
1.0280648732541557,0.5235210404029187,2,Verre
-0.7701255952448721,-0.3123228508570872,1,Plastique
-0.09979819568744441,0.6132123395903186,1,Plastique
-0.4720287853633339,-0.7135315179961648,0,Métal
-0.8418243258081799,-1.29601318886491,1,Plastique
-0.5990822501053771,0.668432866535688,1,Papier
1.9898687109655309,0.37827742945088905,2,Verre
-0.7712695887339711,-1.6624494101180352,0,Métal
-0.7097036961173911,-0.31646045899800157,1,Plastique
-0.3864565360846951,1.6412626078300343,1,Papier
-0.8758646554079121,-0.2971850341586313,1,Plastique
1.7949101531629037,1.3885739110962263,2,Verre
-0.6215413878209364,-0.322659318732067,1,Plastique
-0.8758646554079121,-0.2971850341586313,1,Plastique
2.582417395350346,-0.6740052289449923,2,Verre
-0.37825217532140676,1.651034672594126,1,Papier
-1.0997877713506103,-1.259396747417475,1,Papier
-0.5459362921273851,1.6503057825094871,1,Papier
-0.8002383685510026,-0.30602658703815466,1,Plastique
-0.369328802906285,0.6435985675215481,1,Plastique
1.2795095021835043,1.4485013883528801,2,Verre
-0.8164437643495444,-1.6453785086017096,0,Métal
-0.8638774017244396,-1.295752573298001,1,Papier
-0.6573467104324129,-0.3155388864333233,1,Plastique
-0.7797760873777331,-0.6437983594300378,0,Métal
-1.135998214941523,-1.258087455686123,1,Plastique
-0.6521739346719035,-1.3000560101740877,1,Papier
-0.66970237133161,1.676149158265855,1,Papier
2.054895535749814,1.3607439301356312,2,Verre
-0.6802050592429182,1.678712792803003,1,Papier
-0.7749705740813226,0.6942961371098344,1,Papier
-0.9259873952338143,-1.2784171893482883,1,Papier
1.5145828372399135,-1.5546853767518218,2,Verre
1.3268970557571251,0.4472313965106882,2,Verre
1.5145663380480643,0.430343106699012,2,Verre
-0.5271037432931641,1.6473868132906306,1,Plastique
-0.6244274190094016,-1.304402842491544,1,Papier
0.04926524303937635,-1.3837974107211126,1,Métal
-0.70571610192182,-1.6879489869864845,0,Métal
-0.46265438569984974,-0.6613944029406145,0,Métal
-0.5536037742362334,1.654137851560509,1,Plastique
2.1703610592588976,0.3550222158467202,2,Verre
2.0776432612048863,-1.6193040939469543,2,Verre
0.5229358928439184,-0.4503497265821277,1,Verre
-0.2588038897615283,-1.3777618756799004,1,Papier
1.9546287693916682,-0.6132949906282282,2,Verre
-0.40563613448221836,-0.6616637904767921,0,Métal
-0.0766055714538263,-0.7541021761302027,0,Métal
2.7729657930255653,1.2825756009002942,2,Verre
2.4299865495963053,-1.6540119413099794,2,Verre
1.5301662137504262,-1.5599131610304688,2,Verre
2.2583984930306347,0.34418864694444395,2,Plastique
-0.6457135039392177,-0.319233495784913,1,Plastique
-0.635693988583889,0.6816596436414801,1,Papier
-0.710319064410877,1.6796343801674072,1,Papier
-0.41917477282682203,0.6469547156174642,1,Plastique
-0.4738055422238686,1.6485157430716744,1,Plastique
-0.6721655031960878,-1.6216139695158573,0,Métal
1.6736099820281718,0.4115698046284162,2,Verre
-0.6634010538004439,-0.32404934661175044,1,Plastique
1.5432437787256605,-0.5635357803355695,2,Verre
-0.36592198475312976,0.6418189040743763,1,Plastique
-0.8498199098249464,-1.292640920336551,1,Plastique
-0.36040657273637583,-1.3404280423924526,1,Plastique
-0.5807901453679234,-0.3242952393160974,1,Papier
-0.7071695859180054,0.3216219169904737,0,Métal
-0.6953317204851555,0.6767909569103583,1,Plastique
-0.369328802906285,0.6435985675215481,1,Plastique
-0.42809710828036684,-1.3333040935424407,1,Plastique
-0.48240313631668297,-1.6752878227119514,0,Métal
0.2866916386539762,1.5383278816019617,1,Plastique
2.0861977566403347,0.3639185314538098,2,Verre
-0.7551394822191897,0.6900387858778407,1,Papier
-0.8017235471794557,-0.30471999921537063,1,Plastique
1.9036224739689254,-1.6024411559641802,2,Verre
-0.3980454726865439,0.6451796043778566,1,Plastique
1.4898240360586694,-1.5499432488124067,2,Verre
-0.33532699062294996,1.6319728271483,1,Plastique
-0.7145738377225688,0.6819361021128343,1,Plastique
-0.5677542951481325,0.661033995234168,1,Papier
-0.22583173038107035,1.2629176037024015,0,Métal
-0.4912472815157237,1.645478614726678,1,Plastique
-0.281237626078621,0.6326031289893674,1,Plastique
-0.12647339953489461,0.6186001135263541,1,Métal
-0.6896912431428321,0.3515405246926804,0,Métal
-0.7370231157635043,-1.3003682318748786,1,Plastique
2.0007757191057327,0.3816124479111056,2,Verre
-0.7583593898401534,-1.2899560985989769,1,Papier
-0.26265836551913413,-1.7105391816735334,0,Plastique
-0.5683823455064848,-0.3151816948915884,1,Papier
-1.0359319889364065,0.7118604489359865,1,Plastique
-0.8511021448367233,-0.2946443700309358,1,Papier
-0.4711982995800523,-0.7157404350018883,0,Plastique
-0.9337995206309793,-1.639515176222486,0,Métal
-0.6431851095713752,0.35982163730138117,0,Métal
-0.6553465262312996,-0.318613470532064,1,Plastique
1.8920227322568466,-0.6040059172838974,2,Verre
-0.7472379485356221,-1.6376828701051025,0,Métal
-0.5508032896529141,1.6648899580696905,1,Papier
-0.5066359596607731,1.6605320598330324,1,Papier
-0.4963759229250413,-0.32782118684886674,1,Papier
-0.6583368553038791,-1.3128498435462306,1,Plastique
0.35204967817291954,1.1246557202172485,3,Verre
-0.5533787833371718,-1.32380127595624,1,Plastique
-1.048067333866515,-1.619625893077357,0,Métal
1.3268970557571251,0.4472313965106882,2,Verre
-0.7394506545336532,0.6901890288925843,1,Papier
2.0810006362995512,-0.6283641205001265,2,Verre
-0.5330427374604132,0.34515063991828465,0,Métal
-0.4784966986762519,0.6559505078270516,1,Plastique
-0.9942133883773274,-0.27894116420495996,1,Papier
2.2651197940444767,0.34928378191713083,2,Verre
2.3548946713852223,0.33954808219437194,2,Verre
1.8144619267744257,1.392593582577249,2,Verre
0.6624805791231325,0.5503392655582222,2,Verre
-0.8902987800625332,-1.2796902747766388,1,Papier
-0.8244191906391864,-0.29556462239835857,1,Papier
-0.6687406987834634,0.6742767460623533,1,Plastique
-1.0633454358469145,-1.6385753793523958,0,Métal
-1.0394620128442849,-1.2662826100031703,1,Papier
-0.6669322554533759,-1.671656117523977,0,Métal
-0.7945552240873017,-0.29857838873646947,1,Papier
-0.5282295436636871,-0.33189106320900463,1,Plastique
-0.5198416008519738,0.6690991068795114,1,Papier
-0.4882488649756205,0.3351520239147392,0,Métal
-1.0429534762885118,-0.27262732514511545,1,Papier
-0.22087976792168879,1.6174015448354797,1,Verre
-0.866294701108097,-1.2908449552366668,1,Papier
-0.743891543465902,-0.3004322788010707,1,Papier
-0.522283346187278,0.33910273221258525,0,Métal
-0.6088071939829125,-1.3191543651194089,1,Plastique
-0.8295689102923998,-1.2940096446410667,1,Papier
2.1433016338907427,-0.6302764793808754,2,Verre
2.545065340345822,0.31389745340551434,2,Verre
1.5167180488709628,-1.5515997824707526,2,Verre
-0.8660558759393759,0.7031539519886494,1,Papier
-0.8164337466855252,-0.2933291909336464,1,Papier
-0.736024419423014,-0.3014595399499418,1,Papier
-0.751332236678703,0.6900377087435017,1,Papier
-0.3719126112373484,-1.3477629509498574,1,Métal
-0.6122155522724698,1.6623069197639475,1,Plastique
-0.7394506545336532,0.6901890288925843,1,Plastique
-0.4917312773433484,-0.33552873398347205,1,Plastique
0.7184294527465065,0.5450003730444299,2,Verre
-0.46265438569984974,-0.6613944029406145,0,Métal
0.5826164071241973,0.4763042586541548,1,Plastique
-0.7118568658078139,0.6817316664896087,1,Plastique
2.357358005311352,1.3342716584061416,2,Verre
-0.5211687614705269,0.6546294790917846,1,Plastique
-0.3319342642455402,1.6358594633296895,1,Plastique
-1.1576991224287674,-0.2693164261474461,1,Plastique
-0.7262296866953358,-0.6257897008093831,0,Métal
0.8175551293109851,1.5286498190099131,2,Verre
-0.4217043929240377,1.6362990415730783,1,Plastique
-0.8495158990528712,-0.2918594543422679,1,Papier
-0.2270817719879436,1.285756402056016,0,Métal
2.133623948458909,-0.6331950207449297,2,Verre
-0.43582717583011044,0.6511248666717322,1,Plastique
-0.963365513145539,1.696241420998686,1,Plastique
-0.7712695887339711,-1.6624494101180352,0,Métal
-0.6151724485257989,-0.32603180756032235,1,Plastique
-0.4958803332164604,-0.3387005660129354,1,Plastique
-0.8680993154524671,-1.2808458964478786,1,Papier
-0.39887070883872566,-1.7232888652159435,0,Métal
1.922182698397696,-1.5992995511424617,2,Verre
-1.0002844230198136,-0.2773740062903425,1,Papier
2.0576049933775207,0.37592305756934463,2,Verre
-0.6411771487081366,-0.3204511565003827,1,Plastique
3.0710171164063125,-1.2686347290088134,2,Métal
-0.6270210211519253,0.2834373525109317,0,Métal
-0.40061448832144986,0.6507941100253374,1,Plastique
1.5345042785335,-1.560221577004525,2,Verre
2.464995408810037,0.32301104745129594,2,Plastique
-0.7776316063225828,-1.6794378337075102,0,Métal
-0.009807300414494069,0.26418987546991746,0,Métal
-0.7170532683067711,-0.3063303462235005,1,Papier
1.8889655951417774,0.39000794471675215,2,Verre
-0.45248101459381695,-0.344374966468014,1,Plastique
1.4937829284116917,-0.5633962664619733,2,Verre
-0.7663949228163751,0.6850727340196447,1,Plastique
-0.3540792910242916,1.6303384348870245,1,Plastique
-0.6872218168792226,1.668231179275521,1,Plastique
-0.8780965631242496,-0.2911087806452344,1,Plastique
-0.7003673439107585,-0.6347046365900636,0,Métal
-0.45242751299386685,1.6469473772246566,1,Papier
-1.0018152473292163,-0.27945615188787865,1,Papier
-0.3984809632768396,1.327396766361103,0,Métal
-0.9714321085669924,-0.2815466078433184,1,Papier
-0.3065943185890948,0.6402536933979455,1,Plastique
-0.9369283996625718,-0.28323948021678946,1,Papier
-0.41759020883470144,1.6527036676905287,1,Papier
-0.8725396303436437,-1.2864830080451184,1,Plastique
2.042507953301661,-0.6139865232458949,2,Verre
-0.5569582007969556,-1.3209007228747234,1,Plastique
-0.7540607968105223,-0.617851867592865,0,Métal
-0.6008526932593711,1.3115895024018214,0,Métal
-1.0216740461372191,-1.2664917377609406,1,Plastique
-0.8441166648015376,-1.2921811042578017,1,Plastique
-0.8912977526623647,0.3147451630770264,0,Métal
-0.4579574629232004,-0.3344767585849213,1,Plastique
-0.8763799226645685,1.6895197412768204,1,Plastique
-0.8725396303436437,-1.2864830080451184,1,Plastique
1.4218894340917716,-0.5615914095839692,2,Verre
-0.4483343023268961,-1.6706240016570466,0,Métal
-0.4720287853633339,-0.7135315179961648,0,Métal
-0.31338569645877634,-1.7150469153220715,0,Métal
-0.6951143769026371,0.6832902394873017,1,Papier
-0.6037125500150741,1.6692515458497257,1,Papier
-0.5232298976337869,1.3367420388250342,0,Métal
-1.1462923840975963,1.3682244939450772,0,Métal
-0.7945552240873017,-0.29857838873646947,1,Papier
-0.9117784695406165,-0.6571637570883377,0,Métal
-0.5549102425374974,-0.6841440153132876,0,Métal
2.1500408022625255,-1.6210461398410847,2,Verre
-0.6037125500150741,1.6692515458497257,1,Papier
-0.6461399383669353,-0.32083712609749315,1,Plastique
1.0604621590748542,-1.508642944161318,2,Verre
-0.5198416008519738,0.6690991068795114,1,Papier
-0.5777745899881667,1.6635173085573498,1,Papier
-1.0544235667893755,0.7181651843476857,1,Papier
-0.5964372241123914,0.6644829977010407,1,Plastique
-0.45075658992221,0.664392082845491,1,Papier
1.8243490409759158,1.3893762743105464,2,Verre
-0.5649266500457416,0.66157153873926,1,Plastique
-0.6307894225957078,-0.32358521684552155,1,Plastique
-0.5190370242644465,1.6552972708472142,1,Plastique
0.12319426011146314,-1.3932852247557976,1,Métal
-0.8919097910274586,-0.2874686085561886,1,Papier
1.099170927053304,-1.5696447662141477,2,Plastique
0.24822492803662397,-1.4493819043602016,1,Verre
-0.8919097910274586,-0.2874686085561886,1,Papier
-0.4500063057720447,0.650129075716227,1,Plastique
-0.32206699736587646,1.6353539738587644,1,Plastique
-0.9715944083673255,-1.2747992751611728,1,Papier
-1.105460177415803,-0.2657016380221682,1,Papier
-0.22922795119873113,1.6210366905924352,1,Plastique
-0.8137661744734068,0.6913942349556665,1,Plastique
-0.4841487400351191,0.2814202918395532,0,Métal
-1.1121381100040382,-1.259321754271792,1,Papier
-0.736024419423014,-0.3014595399499418,1,Papier
-0.734603237837965,0.6718251779310871,1,Plastique
-0.7706089070071034,1.316431020486913,0,Métal
-0.46745412571990674,-1.6914690032576911,0,Métal
1.9623852457170576,-1.60596131284802,2,Verre
-0.5094196861453688,0.6563976712851198,1,Plastique
-0.591115159015075,-1.3165061809079053,1,Plastique
2.701078364298307,-0.6947605356837439,2,Verre
1.9898687109655309,0.37827742945088905,2,Verre
-0.7450441221024413,0.6819100932158124,1,Plastique
-0.7091415088923221,-0.3036212885489602,1,Papier
-0.33403895795100136,0.6407501489620524,1,Plastique
-0.5982773190555647,-0.33086437060623464,1,Plastique
-0.6652777181768601,0.6713190247178111,1,Plastique
-1.000497900126034,-0.2838484566752306,1,Plastique
-0.8201165309478446,-0.6749377736545884,0,Métal
-0.4793077325847954,-0.3305991153680521,1,Papier
-0.28457349388453057,0.6357582230616285,1,Plastique
-0.56914398348202,1.6568316735935265,1,Plastique
-0.723755578437331,-0.3118083915897183,1,Plastique
2.8929207875933507,1.2726661683437748,2,Verre
-0.7572751672947274,-0.30334292307326827,1,Papier
-0.5106258317248382,-0.7187338217943999,0,Métal
-0.6896912431428321,0.3515405246926804,0,Métal
1.9918911710306393,0.37827508933215803,2,Verre
3.0540031100874767,0.25799175717841205,2,Verre
-0.6652777181768601,0.6713190247178111,1,Plastique
-0.771675763699287,0.6943567563308817,1,Papier
-0.4993441908332764,-0.7183554491991243,0,Métal
-0.5913126612753462,-0.3115893794150808,1,Papier
-0.8725396303436437,-1.2864830080451184,1,Plastique
2.0007757191057327,0.3816124479111056,2,Verre
-0.3726621478800962,1.63733565984413,1,Plastique
-0.7778789225572764,-0.2978285929846807,1,Papier
-0.963365513145539,1.696241420998686,1,Plastique
-0.6708340902978813,0.6767613034447824,1,Plastique
-0.5126527688220637,-1.3278179766506726,1,Plastique
1.2441334066310181,1.4960541113275936,2,Verre
-0.9031364306425226,-1.285324613518144,1,Plastique
-1.0216740461372191,-1.2664917377609406,1,Papier
-0.672939899232476,0.6759848595880891,1,Plastique
-0.5895242337955309,1.6672896689838546,1,Papier
1.889939640410478,-0.6010207653939572,2,Verre
-1.1782107313687327,-1.2588082977826176,1,Papier
-0.8345958291784792,0.7009967300323241,1,Plastique
-0.17110145519075942,-0.72482150105017,0,Métal
-0.5066359596607731,1.6605320598330324,1,Papier
-0.9737925784825799,-1.2700186133879976,1,Papier
-0.7437392831012231,0.6803614352839207,1,Plastique
1.905893491883567,0.39485595080449953,2,Verre
-0.37710030993846544,1.3087700526819621,0,Métal
-1.0556947493106912,-0.2751095908195371,1,Papier
-0.13927081612232128,0.2996278395948486,0,Métal
1.4613938516739429,1.4299726924416658,2,Verre
-0.8164437643495444,-1.6453785086017096,0,Métal
-0.8700776974956193,-0.6737759049462778,0,Métal
-0.33532699062294996,1.6319728271483,1,Plastique
-0.9303947069793291,-1.277791557378103,1,Papier
-0.5790903201135489,-0.7138512372531521,0,Métal
2.2522330888841804,1.336901751291817,2,Verre
-0.6361558925426128,-0.3135309649688125,1,Papier
1.763283513799607,-1.5919239407077521,2,Verre
-0.37438043152851125,-0.35106417091301756,1,Plastique
2.055191447665156,0.3690077398261917,2,Verre
-0.36926951963667665,1.3026776879937139,0,Métal
1.4613938516739429,1.4299726924416658,2,Verre
1.8052017804011071,-1.5861502688732896,2,Verre
-0.9199601006087802,-0.6654655576167918,0,Métal
-0.2951792487243863,0.6389502968396419,1,Plastique
-0.2955699020262459,0.6355446151322173,1,Plastique
-1.2176544357846049,-1.2512612102276697,1,Plastique
1.207861827764935,0.459037527700628,2,Verre
1.5507528182516355,0.4232302741255396,2,Verre
-0.64303171524436,1.3490165254392494,0,Métal
-0.6262088961241602,-1.3150528873217433,1,Plastique
-0.66970237133161,1.676149158265855,1,Papier
2.039487680729956,1.368116238981542,2,Verre
-0.13927081612232128,0.2996278395948486,0,Métal
-0.7849852709451784,1.6806313677816285,1,Plastique
0.0007383451702840382,0.2701021968854904,0,Métal
-0.4135242998860692,0.6524431964450386,1,Papier
-0.3869828183279489,1.6482293980789022,1,Papier
-0.8651498686989986,-0.29174259248924206,1,Papier
-0.7383472029612514,0.6849954373059897,1,Papier
-0.8582957360161008,-1.2908287571283332,1,Plastique
-0.09979819568744441,0.6132123395903186,1,Plastique
-0.6745879687167446,0.6835134527694191,1,Papier
-0.5823987971452674,-1.317282520141313,1,Plastique
-0.6905509341893882,-1.2940437820522317,1,Papier
-0.281237626078621,0.6326031289893674,1,Plastique
-0.591115159015075,-1.3165061809079053,1,Plastique
-0.7572751672947274,-0.30334292307326827,1,Papier
-0.41535755645816996,-0.7203156984787816,0,Plastique
-0.6166129066161944,-1.3188596522892428,1,Plastique
-0.5459034416980083,1.6647125210044929,1,Papier
-0.9950084561539059,-0.2787676825507772,1,Papier
-0.609216682796993,-0.6654900129910539,0,Métal
2.54753716955863,0.3181963390978686,2,Verre
-0.5574933343850164,-0.3168875921661751,1,Plastique
-0.9369283996625718,-0.28323948021678946,1,Papier
-0.45298202051915193,1.6450355846658031,1,Plastique
-1.0392716035547906,-0.2729884157121565,1,Papier
0.19736193280974926,-1.3371645252824624,2,Verre
0.3721264190299507,-0.4714260439759509,1,Verre
-0.5887285200155368,-1.321728841589371,1,Plastique
1.5572796124309594,0.4268460965375558,2,Verre
-0.10090077464623654,1.6050075179029244,1,Plastique
-0.3197265878427601,0.636616559967343,1,Plastique
-0.7246175877645477,1.359562934887981,0,Métal
-1.1545672592845366,-0.6947236540772534,3,Plastique
-0.5722773309559969,-0.3252988515267985,1,Plastique
-0.7875841144079769,-0.29797366523644997,1,Papier
-0.6439857278511388,-0.3185313191000616,1,Plastique
-0.9110744662492468,-0.667377034439109,0,Métal
-1.0696463091719777,-0.2743131923415387,1,Plastique
-0.7903431438553862,1.6861172835081912,1,Papier
-0.5828236150013186,1.6606669525568216,1,Plastique
-0.7551394822191897,0.6900387858778407,1,Papier
-0.5243016290698864,-1.7006272112030396,0,Métal
-0.7537867131868617,-0.3082251493862336,1,Plastique
0.6624805791231325,0.5503392655582222,2,Verre
-0.9856995201611705,-1.636669286250153,0,Métal
-0.6457135039392177,-0.319233495784913,1,Plastique
-0.8290935637686824,-1.2873227845585706,1,Papier
-0.45261473943527897,-0.3400364753253502,1,Plastique
1.1699020704975878,0.4695523030507338,2,Verre
-0.8713251338560306,1.6914978726018293,1,Papier
0.9179186287084209,-1.4533975407123605,2,Verre
1.7094302992010537,-1.5833534269157605,2,Verre
-0.7336519898901418,-1.3022748788254848,1,Papier
-0.2793994474969379,0.6325629730006226,1,Plastique
-0.7394401823639821,1.6825982854244639,1,Papier
-0.430346929306026,-1.334343480711561,1,Plastique
-0.2658950144131855,1.62338124120878,1,Plastique
-0.70571610192182,-1.6879489869864845,0,Métal
-0.4903799585293275,-0.33224181245982254,1,Plastique
0.969535986483604,1.5197163804500498,2,Verre
-0.6698632434922048,-0.6551971706281741,0,Métal
2.1845598060478246,1.3479492105102102,2,Verre
1.967323848916529,-0.6183145166994869,2,Verre
-0.48930785498488694,0.315825358751578,0,Métal
1.5928522845804658,-1.5686586134194358,2,Verre
-0.6298256181549695,-1.3105162014326792,1,Plastique
-0.39887070883872566,-1.7232888652159435,0,Métal
1.7731850638437447,0.4066539186061513,2,Verre
-0.3864565360846951,1.6412626078300343,1,Papier
-0.9217017514356595,-0.6367475947578454,0,Métal
-0.8651498686989986,-0.29174259248924206,1,Papier
-0.6911654983786755,-1.3058898175337683,1,Plastique
-0.8043809421483596,-0.2957066527954255,1,Papier
-0.2387401612475626,1.622526895076257,1,Plastique
-0.408602256992902,-1.339036266334321,1,Plastique
1.1963396138830107,-0.5283090340457274,2,Verre
-0.6412148296199306,-0.32043021082601153,1,Plastique
-0.9555133835387105,-1.2736377450120757,1,Papier
-0.35101139509137813,1.6423687118051336,1,Papier
-0.7124255892300758,-0.7055486716503563,0,Métal
-0.9242958020114177,-0.2844468133650271,1,Papier
-0.6085579836198532,1.6606871345204046,1,Plastique
-0.9110038057936755,-1.6197946324136132,0,Métal
-1.0165031840070615,0.7164318128188472,1,Papier
10.664998248713486,0.5428505895705291,3,Verre
1.5390889577769842,1.430488915198721,2,Plastique
1.6426397367905095,1.4106854841198564,2,Verre
-0.3078505546141349,-0.35203172545155437,1,Métal
1.5908114613608155,-0.5208235947937886,2,Verre
2.440558517315604,-1.6600404516175498,2,Verre
-0.8511021448367233,-0.2946443700309358,1,Papier
0.2366085498064567,0.5469987828594207,1,Verre
1.6961141597596452,-0.5835470698328395,2,Verre
-0.8744831944892543,-0.2888072118571734,1,Papier
-0.6712016969263384,-1.6665888989662263,0,Métal
-0.592928360241521,1.6698642227179497,1,Papier
-0.5942594688336722,-0.3222096496822646,1,Plastique
-0.7537867131868617,-0.3082251493862336,1,Plastique
-0.9657594338851342,-1.6522728013244383,0,Métal
-0.6698632434922048,-0.6551971706281741,0,Métal
-0.43582717583011044,0.6511248666717322,1,Plastique
-0.2840334904426872,0.6379941884297338,1,Plastique
-0.40108385383809486,-0.6634339050616849,0,Métal
1.7094302992010537,-1.5833534269157605,2,Verre
1.5568853769654982,0.4275805445537786,2,Verre
-0.45261473943527897,-0.3400364753253502,1,Plastique
1.452249241969751,-1.556496723889539,2,Verre
-0.7261582981949715,-0.3089567056673108,1,Plastique
2.1433016338907427,-0.6302764793808754,2,Verre
-0.7144308683465708,0.36184514181292204,0,Métal
-0.3390903786120932,1.253658401415697,0,Métal
-0.44119526793696984,-0.7075253191506943,0,Métal
1.8213425066903461,0.39498820741542606,2,Verre
-0.48240313631668297,-1.6752878227119514,0,Métal
-0.3078505546141349,-0.35203172545155437,1,Plastique
1.2402619828756398,-1.5180340982605962,2,Plastique
-0.5922881172069596,0.3120336620213833,0,Métal
-0.28277209312301005,1.6261366546302274,1,Plastique
-0.6315895884384479,0.6721466716654787,1,Plastique
-0.5619467475002697,-0.316189910327928,1,Papier
2.0545505357783527,-1.6148949566217219,2,Verre
-0.4034674703958562,-0.3464287312888781,1,Plastique
-0.17378544853894506,1.2415680161012401,0,Métal
-0.7749705740813226,0.6942961371098344,1,Papier
-0.9083002672362167,-0.2902770440650495,1,Papier
-1.0696463091719777,-0.2743131923415387,1,Plastique
-0.23480959173512975,0.25924881979372283,0,Métal
-0.6799444018384907,1.6707816860412337,1,Plastique
-0.7107687131331943,-0.3103513658982251,1,Plastique
-0.5696721304528861,-0.32803520416114784,1,Plastique
-0.2658950144131855,1.62338124120878,1,Plastique
-1.048067333866515,-1.619625893077357,0,Métal
-0.6712016969263384,-1.6665888989662263,0,Métal
1.5568853769654982,0.4275805445537786,2,Verre
2.791540300072331,-1.1854405951278353,2,Plastique
-0.5963674208491265,0.6678880909085889,1,Plastique
1.3922484581717265,-0.5485207285851648,2,Verre
-0.5067239662907829,0.6731600594549263,1,Plastique
-0.6534133585489156,-0.6527505434056451,0,Métal
-0.6001021740193325,0.28804782092439196,0,Métal
-0.3032175262436327,1.3121323497541957,0,Métal
-0.9414017226479275,-1.275283054220382,1,Plastique
1.4903947647951572,-1.556353801334604,2,Verre
-0.5641841397549132,1.6551423059854329,1,Plastique
-0.36057663325426914,1.2814138318328443,0,Métal
-0.7370231157635043,-1.3003682318748786,1,Plastique
-0.8962203675931396,-0.28878705275143135,1,Papier
-0.2793994474969379,0.6325629730006226,1,Plastique
1.841850412625449,0.3965699550071973,2,Verre
2.055191447665156,0.3690077398261917,2,Verre
1.8052017804011071,-1.5861502688732896,2,Plastique
-0.7472379485356221,-1.6376828701051025,0,Métal
-0.8651498686989986,-0.29174259248924206,1,Plastique
1.4944250887381088,-0.5614702200894299,2,Verre
-0.37028732107829254,-0.708690079684625,0,Métal
-0.6883587021483719,0.6797235059489408,1,Papier
-0.6920544387206058,0.2912536673345103,0,Métal
2.064975168829211,0.3695367347888536,2,Verre
1.7678101976148444,-1.587673978136756,2,Plastique
-0.5444267985498669,-0.326265852903898,1,Plastique
-0.887071139087408,0.7013180144518276,1,Papier
-0.6134247934903251,1.663742116751356,1,Plastique
-0.4428040229712712,0.3369449208107971,0,Métal
-0.40920917157802084,1.63661970435863,1,Plastique
-0.743891543465902,-0.3004322788010707,1,Papier
-1.1576259102034672,-1.5752121909156327,0,Métal
-0.3576729105812925,-0.6982256391941228,0,Métal
-0.8308779584138954,0.6970960448291705,1,Papier
1.1275898097315493,1.5564532142815948,2,Verre
-0.47697668022420725,-1.685439494001578,0,Plastique
1.961950316591981,1.3718803032178484,2,Verre
-0.5094196861453688,0.6563976712851198,1,Plastique
0.007177788428238602,0.25992144217043234,0,Métal
-0.639465137337752,-0.3167732203529816,1,Papier
1.4535860136100212,-0.5595486494475265,2,Plastique
-0.8758646554079121,-0.2971850341586313,1,Plastique
-0.5381612362726091,1.6521813041353044,1,Plastique
-0.5121886739004965,1.3103242812374838,0,Métal
-0.7613929058215607,0.6927698986034223,1,Papier
-0.6189068714640983,0.6811456052856466,1,Papier
0.39691115810185373,-0.3641801983329813,2,Verre
1.8052017804011071,-1.5861502688732896,2,Verre
-0.8986834233504724,-1.2775168910585597,1,Papier
-1.171540839600162,-1.2527287690161086,1,Papier
-0.7937961360535258,-1.2976091689005627,1,Plastique
-0.3980454726865439,0.6451796043778566,1,Plastique
-0.5596017237227476,0.2797873499673651,0,Métal
-0.5787797985509311,-0.3231298174313595,1,Plastique
-0.2888274160476893,-1.3493657830306356,1,Verre
-0.57699510972612,1.3487215357177174,0,Métal
-0.5174350595939354,-0.3278293478868455,1,Plastique
2.2522330888841804,1.336901751291817,2,Verre
-0.038052281928549245,-0.7631352469489898,0,Métal
-0.2992556191157345,0.17457737064973244,3,Verre
-0.9578645213361481,-1.272917539320281,1,Papier
-0.43008213238079496,1.6463099767797276,1,Plastique
-1.1782107313687327,-1.2588082977826176,1,Papier
-0.6822835221805642,-0.30863734883764793,1,Papier
-0.5251361569373165,1.6532127365262663,1,Papier
2.701078364298307,-0.6947605356837439,2,Verre
1.1558628667102417,1.4981637984308087,2,Verre
-0.6696817764170503,1.3430715078736195,0,Métal
2.069142289655625,-1.6235081340431767,2,Verre
-0.5722773309559969,-0.3252988515267985,1,Plastique
-0.6607540637849005,1.3407280051756578,0,Métal
1.143670426207248,1.499436852877854,2,Verre
-0.49918937511628714,0.315528097648037,0,Métal
2.0115152983539932,-1.613105106939644,2,Verre
2.7755246397487245,0.2901916138925098,2,Verre
-0.8804638270825674,-0.30020586238148317,1,Plastique
-0.9077087463171423,-1.6462089061424083,0,Métal
-0.08907304258487675,1.238792846773695,0,Métal
-0.054421101128248384,1.600445966861254,1,Plastique
1.7738626757115217,-0.5920879255019454,2,Verre
-0.5931039788455251,-1.3175778363808577,1,Plastique
-0.6606316167998283,-0.31082147943975835,1,Papier
2.2024833355265576,1.3473330455646997,2,Verre
-0.6180048598595937,-1.6947533819232516,0,Métal
-0.5622759666314197,-0.32801435830213266,1,Plastique
-0.48573504024041314,-0.7114258380708898,0,Métal
-0.8329686118904299,1.6906194561121815,1,Papier
-0.36926951963667665,1.3026776879937139,0,Métal
-0.5373277989231504,1.654263299614436,1,Papier
-0.4106680196421203,0.6522612687030687,1,Plastique
-0.17245991369999825,1.2822726696787983,0,Métal
2.055191447665156,0.3690077398261917,2,Verre
2.2991045577964733,-1.6418870400595444,2,Verre
-0.30100987138754604,1.625952279005691,1,Plastique
-0.45261473943527897,-0.3400364753253502,1,Plastique
-0.47709981761441533,-0.32948222354487067,1,Plastique
-0.6849162559076836,0.672661850583846,1,Plastique
-0.6497023090243648,-0.31973082205408687,1,Plastique
-0.9261332986312321,0.708204949189642,1,Papier
-0.6331834124381616,-0.3200307934711706,1,Plastique
-0.6456835137657614,-0.3213788370505366,1,Plastique
-0.5734202261206166,-0.3311226617034586,1,Plastique
3.4179960372936478,1.218774342596656,2,Verre
1.7907903389655908,-0.5963475945177907,2,Verre
1.3910454959953222,1.4373193096580053,2,Verre
-0.6049516288804384,-0.30945266769661894,1,Papier
-0.6467611222770951,-0.31861046992147557,1,Papier
-0.6315895884384479,0.6721466716654787,1,Plastique
-0.49656388104478033,1.6454611094940186,1,Plastique
-0.48551756245118527,1.2574220493813282,0,Métal
-0.4486723516219231,-1.3375437133930423,1,Plastique
-0.45066992314867127,-0.3419614992208442,1,Plastique
1.5507528182516355,0.4232302741255396,2,Verre
1.8635783215820534,0.39989340672846985,2,Verre
-0.701307550984974,0.6870623571799734,1,Papier
1.6035598680518677,1.4124455671929457,2,Verre
-0.432379261047134,1.6436663238175904,1,Plastique
-0.8441166648015376,-1.2921811042578017,1,Plastique
-0.9537437255276902,-1.6462644630739456,0,Métal
2.1703610592588976,0.3550222158467202,2,Verre
-1.1121381100040382,-1.259321754271792,1,Papier
-0.7663949228163751,0.6850727340196447,1,Plastique
-0.8201165309478446,-0.6749377736545884,0,Métal
-0.5129871267120466,1.6534279725650605,1,Plastique
-0.49879382833606656,-0.3313609244912039,1,Papier
-0.8543722460075781,-1.6446108183092647,0,Métal
-0.6024300585675723,-0.30984770264298933,1,Plastique
-0.7022604465535989,0.6775959919821808,1,Plastique
-0.6849162559076836,0.672661850583846,1,Plastique
-0.48862578310850224,1.6552490141393201,1,Papier
2.488638930951668,1.3182151166515659,2,Verre
2.180024288492194,-0.6375370997647691,2,Verre
1.3257758839277232,1.4429289091009736,2,Verre
-0.2726825072885051,1.2867200265280323,0,Métal
0.7693846518951141,-1.4414499766911106,2,Verre
-0.701307550984974,0.6870623571799734,1,Papier
1.818476703353801,1.3900864556138257,2,Verre
-1.1576259102034672,-1.5752121909156327,0,Métal
1.3922484581717265,-0.5485207285851648,2,Verre
-0.495043709947084,1.6423642154717701,1,Plastique
-0.5744101408426544,-1.318305091893271,1,Plastique
-0.5984933795927152,-1.3146890637137556,1,Plastique
-0.7588826194367508,0.6929029862434877,1,Papier
-0.9000058562948081,1.6979895238023388,1,Papier
-0.2651152956532157,-0.6801925666414451,0,Métal
2.3363037890784155,-1.6507697350956283,2,Verre
1.1033627776012231,0.4735892594465423,2,Verre
-1.2673284499065915,-1.2443424236295801,1,Papier
-0.5074897625389596,1.2936708639194874,0,Métal
-0.5211687614705269,0.6546294790917846,1,Plastique
1.2688644201949224,-0.5342261844340008,2,Verre
-0.6029553576392969,-1.6425690997274915,0,Métal
0.9524760526530409,-0.4650153697349355,2,Verre
-0.70571610192182,-1.6879489869864845,0,Métal
-0.5666407919276311,-1.3189196742634148,1,Plastique
-0.6542576628625004,1.6729194244836265,1,Papier
-1.105460177415803,-0.2657016380221682,1,Papier
-0.9638594711421952,-1.2755289978161453,1,Papier
-0.5094196861453688,0.6563976712851198,1,Plastique
1.4165072044962812,-0.5531965898090021,2,Verre
-0.5559892807782659,1.6650365018026776,1,Papier
-0.5282295436636871,-0.33189106320900463,1,Plastique
-0.6866740101477201,-0.3048557745739915,1,Papier
-0.5094196861453688,0.6563976712851198,1,Plastique
-0.41535755645816996,-0.7203156984787816,0,Métal
-1.111478982213392,-1.2612775879810538,1,Papier
14.01256887427561,-3.4729379415014083,2,Verre
-0.44119526793696984,-0.7075253191506943,0,Métal
-0.6368575274198905,-1.3106157314791804,1,Papier
-0.5714004015037626,-0.6805966504125547,0,Métal
2.173605059753751,1.3509929694415044,2,Verre
2.1845598060478246,1.3479492105102102,2,Verre
-0.6607540637849005,1.3407280051756578,0,Métal
0.11206471018826994,-1.386922699717164,1,Métal
-0.723755578437331,-0.3118083915897183,1,Plastique
-0.6317787152218671,0.34693224495995234,0,Métal
-0.9030287090365763,-0.6733711965485272,0,Métal
-0.7118875220697267,-1.6787875915679005,0,Métal
-0.09979819568744441,0.6132123395903186,1,Plastique
1.8428264016285785,-1.5943445407134726,2,Verre
0.919494358373337,1.4219542044569657,1,Plastique
-0.34085517611270316,1.6358889943901118,1,Plastique
1.5572796124309594,0.4268460965375558,2,Verre
-0.4917312773433484,-0.33552873398347205,1,Plastique
-0.3869828183279489,1.6482293980789022,1,Papier
-0.522283346187278,0.33910273221258525,0,Métal
-0.3283192166013778,1.3092982260087063,0,Métal
-0.43527654743890976,-0.34043271041039813,1,Plastique
-1.4975495211168461,-0.19047263085370103,1,Papier
2.089927259648426,-1.618167165126803,2,Verre
2.444954401089233,1.3229200290320524,2,Verre
2.154073220007338,-1.62583204501358,2,Verre
-1.0165031840070615,0.7164318128188472,1,Papier
1.3268970557571251,0.4472313965106882,2,Plastique
-0.6497023090243648,-0.31973082205408687,1,Plastique
-0.23480959173512975,0.25924881979372283,0,Métal
-0.894722767512414,-0.6589800491776416,0,Métal
1.9850677368596998,0.3745587597853566,2,Verre
-0.7168241342555814,-0.31534238361715294,1,Plastique
0.2845777775971987,-1.4558775832517175,1,Verre
-0.4550264182548095,-0.33756918488862686,1,Plastique
0.011356252912694237,1.5952792694601314,1,Plastique
-0.6916090625559708,-0.3219707850871363,1,Plastique
-0.41917477282682203,0.6469547156174642,1,Plastique
-0.7617567452710687,0.3474040658426305,0,Métal
-0.502001849600446,0.28472089832375613,0,Métal
-0.8543722460075781,-1.6446108183092647,0,Métal
-0.8758646554079121,-0.2971850341586313,1,Plastique
-0.6195995383097039,-1.3051591892741647,1,Papier
-0.8883081146121451,-0.28838103025012285,1,Papier
-0.8208016190232102,1.6894422954303472,1,Papier
-0.3319342642455402,1.6358594633296895,1,Plastique
-0.4579574629232004,-0.3344767585849213,1,Plastique
1.059835371358288,0.5162014854257295,2,Verre
-0.22691264693283655,0.6322829338154785,1,Plastique
-0.6500711438940079,-0.6549039465320365,0,Métal
-0.5828236150013186,1.6606669525568216,1,Plastique
-0.22959540555873514,1.6277457645786833,1,Papier
-0.4903799585293275,-0.33224181245982254,1,Plastique
-0.5536037742362334,1.654137851560509,1,Plastique
-0.7020795209940158,0.6864760490851431,1,Papier
-0.7144308683465708,0.36184514181292204,0,Métal
-0.2955699020262459,0.6355446151322173,1,Plastique
1.734122961994921,0.40887508563244856,2,Verre
1.7731850638437447,0.4066539186061513,2,Verre
-0.6445036876614609,0.6831496162174668,1,Papier
1.9109325219846722,0.3888753402250862,2,Verre
-0.34508984980896285,1.3126984837748827,0,Métal
1.338161101313397,0.45207715937041426,2,Verre
-0.430346929306026,-1.334343480711561,1,Plastique
-0.432379261047134,1.6436663238175904,1,Plastique
-0.8617595766569339,-0.29001438895548537,1,Papier
-0.9380689621039418,-1.6344479576647353,0,Métal
-0.8713251338560306,1.6914978726018293,1,Papier
1.5764431773865575,-0.5712091189446499,2,Verre
-0.6412148296199306,-0.32043021082601153,1,Plastique
-0.5820440314611292,1.6685845271151007,1,Papier
1.7422379481123769,1.3988891688626837,2,Verre
-0.39881491991715834,0.6432690506730887,1,Plastique
-0.4034674703958562,-0.3464287312888781,1,Plastique
-0.9950084561539059,-0.2787676825507772,1,Papier
-0.24760208787225957,-0.7180145433936349,0,Métal
0.6624805791231325,0.5503392655582222,2,Verre
-0.4935772964578494,0.32089257730932874,0,Métal
2.082071645927091,0.3701216464793118,2,Verre
-1.0556947493106912,-0.2751095908195371,1,Papier
-0.281237626078621,0.6326031289893674,1,Plastique
1.3732279437455923,1.4437057951331427,2,Verre
-0.6174833381515717,-0.3136662663041836,1,Plastique
-0.9774493558847646,-0.27932027052738295,1,Papier
-0.2726825072885051,1.2867200265280323,0,Métal
-0.6911654983786755,-1.3058898175337683,1,Plastique
-0.4644634448878373,-0.33768397121772664,1,Plastique
-0.5810890946223405,0.6724776019415899,1,Papier
-0.6190551753247835,-1.642992842235653,0,Métal
-0.23693391086650764,0.6280733357951755,1,Plastique
-0.7849852709451784,1.6806313677816285,1,Plastique
-0.4191644901994379,-0.34346689428939325,1,Plastique
-0.6552091385660138,-0.31023106045888604,1,Papier
1.9850677368596998,0.3745587597853566,2,Verre
-0.6499882213895379,1.667852205925876,1,Plastique
-0.5073998503447277,-0.3344160836841643,1,Plastique
1.5145828372399135,-1.5546853767518218,2,Verre
-0.56914398348202,1.6568316735935265,1,Plastique
1.6035598680518677,1.4124455671929457,2,Verre
-0.7614005604742861,-1.2998837633351314,1,Papier
-0.6138068879842118,-1.3126020226594797,1,Papier
0.3921377030396277,-1.473411690091636,1,Verre
-1.186049581129676,0.9282657666497298,3,Métal
-1.17853582471796,0.9270886444628139,3,Métal
-0.8208016190232102,1.6894422954303472,1,Plastique
-1.0273022211736582,-0.27493839103395046,1,Papier
-0.3084282408050044,0.6411203963552883,1,Plastique
-0.6331834124381616,-0.3200307934711706,1,Plastique
2.0051697680262435,1.3674021043547147,2,Verre
2.1126625033120265,-1.6216706243308945,2,Verre
-0.6331834124381616,-0.3200307934711706,1,Plastique
-0.9355223902502015,-0.2834917089714075,1,Papier
-0.8543722460075781,-1.6446108183092647,0,Métal
-0.3412972296317907,-1.344797194765068,1,Plastique
-0.6894178850682565,1.3530136570705074,0,Métal
-0.6892218967552923,-0.6539957277703132,0,Métal
-0.7183302380765341,-1.3035951658647673,1,Papier
1.1695595433758517,1.3815836798074013,1,Plastique
2.054895535749814,1.3607439301356312,2,Verre
1.664546084626264,-0.580203385484249,2,Verre
-0.8361057286527616,-1.2957545835032147,1,Plastique
-0.5898185332343572,-0.32591814091779825,1,Plastique
2.357358005311352,1.3342716584061416,2,Verre
1.922182698397696,-1.5992995511424617,2,Verre
-0.7383720964206539,0.6823487804112263,1,Plastique
-1.1287833665029363,-1.2568507759598044,1,Papier
0.2869841754640353,0.5256009684736367,1,Plastique
-0.4424973980334539,0.663098179039521,1,Papier
-0.6085579836198532,1.6606871345204046,1,Plastique
2.208798995212381,-0.6337516621535756,2,Verre
-0.22691264693283655,0.6322829338154785,1,Plastique
-0.8418243258081799,-1.29601318886491,1,Plastique
-0.8535573673594399,-0.6591311736772946,0,Métal
-0.9714321085669924,-0.2815466078433184,1,Papier
-0.8575849550135124,0.34271803878750884,0,Métal
-0.7717547733583587,-0.29926547080364707,1,Papier
-0.46265438569984974,-0.6613944029406145,0,Métal
-1.0300980927925258,-1.6123796443208804,0,Métal
-0.8379853401162072,-1.2885489318276224,1,Papier
-0.23480959173512975,0.25924881979372283,0,Métal
-0.611008710384928,-1.3195142872511745,1,Plastique
12.07286652015032,-2.1858647222752476,2,Verre
-1.0351925713713224,-1.271349828560921,1,Papier
-0.7613929058215607,0.6927698986034223,1,Papier
-0.8657448802223873,-0.628836739330542,0,Métal
-0.5810890946223405,0.6724776019415899,1,Papier
1.9546287693916682,-0.6132949906282282,2,Verre
-0.7760107702266964,1.687413910827526,1,Papier
0.9450043566088375,1.5175980723605382,2,Verre
-0.4720287853633339,-0.7135315179961648,0,Métal
-0.4432051201525894,-0.33615104587144473,1,Plastique
-0.7646082430115468,0.6928387560377802,1,Papier
-0.8726899646726498,-1.290293870497807,1,Papier
-0.8043809421483596,-0.2957066527954255,1,Papier
-0.8575849550135124,0.34271803878750884,0,Métal
1.4477165486905907,-1.5511170629558535,2,Verre
-1.0303731597794725,-1.2675395548817407,1,Papier
-0.32404977512841526,1.3042310074509553,0,Métal
-0.5820440314611292,1.6685845271151007,1,Papier
-0.5836553086860149,0.6653782929620478,1,Plastique
-0.5439749870633245,-0.6408457355269965,0,Métal
-0.33403895795100136,0.6407501489620524,1,Plastique
-1.063049170962041,0.7566575160314957,1,Plastique
1.8093967968050289,1.3968349273885294,2,Verre
1.7731850638437447,0.4066539186061513,2,Verre
-0.3078505546141349,-0.35203172545155437,1,Métal
-0.7183757782758152,-0.635430529626668,0,Métal
-0.710319064410877,1.6796343801674072,1,Papier
-1.0349634759103088,-0.6544953251876848,0,Métal
-0.4335439493437667,1.6453201661429213,1,Papier
-0.887071139087408,0.7013180144518276,1,Plastique
-0.639465137337752,-0.3167732203529816,1,Papier
-0.6319054785884691,-0.32332189871401895,1,Plastique
-0.7460944221948909,-0.2998681097069418,1,Papier
-0.4644634448878373,-0.33768397121772664,1,Plastique
-0.33206083885165144,1.6324631262872231,1,Plastique
1.722032552698261,-1.580090642968768,2,Verre
0.2466665145514755,1.5718593263356617,1,Métal
-0.9035099500587163,-0.6270419869418814,0,Métal
-0.6851321281071435,-1.294892704550712,1,Papier
1.4657627778376594,0.43320421495434824,2,Verre
-0.5296605999061783,-0.33358501999783186,1,Plastique
1.3451538803935108,2.0029186279017788,3,Verre
1.5928522845804658,-1.5686586134194358,2,Verre
-0.6936356576360758,1.6744570407947263,1,Métal
-0.808930090617002,-0.2973388412577631,1,Papier
-0.44244512782386536,1.649035911308497,1,Plastique
-1.1149695769892027,-1.589762880363463,0,Métal
-0.6106094838331237,-1.6766120248540561,0,Métal
-0.13927081612232128,0.2996278395948486,0,Métal
-0.13927081612232128,0.2996278395948486,0,Métal
-0.4644634448878373,-0.33768397121772664,1,Plastique
-0.7903431438553862,1.6861172835081912,1,Papier
-0.6896912431428321,0.3515405246926804,0,Métal
-0.7775122867429662,-0.3109125398285586,1,Plastique
-0.4974134750906498,0.6717014567052189,1,Papier
-0.8383555856085874,0.6992872146016584,1,Papier
3.1593232695156743,0.24955025389694274,2,Verre
-0.7593263404744639,-0.6976422990255535,0,Métal
-0.7124459244221616,1.3202432961956376,0,Métal
0.9388931495245805,-0.46391428658370093,2,Verre
-0.6330166663505441,0.6695971168581083,1,Plastique
-0.9942133883773274,-0.27894116420495996,1,Papier
-0.2178121834804322,1.6191041445418752,1,Plastique
-0.845851919116761,0.6896971971192463,1,Papier
-0.611008710384928,-1.3195142872511745,1,Plastique
-0.931642998527467,-0.28379991003068517,1,Papier
-0.9117784695406165,-0.6571637570883377,0,Métal
-1.4975495211168461,-0.19047263085370103,1,Papier
-0.5820440314611292,1.6685845271151007,1,Papier
0.12319426011146314,-1.3932852247557976,1,Métal
-0.32676221020034935,0.6449668410056175,1,Papier
-0.45019533312611204,1.642055711053193,1,Papier
2.791742577783431,0.28796972545305555,2,Verre
1.7434020530072873,0.4031496404808137,2,Verre
0.9836080948201618,-0.46878905308317964,2,Verre
0.8706630922930811,-0.49377259465328627,2,Verre
-0.281237626078621,0.6326031289893674,1,Plastique
-0.2715390252782473,-0.675012796138656,0,Métal
2.5536961713464468,1.3109911476093903,2,Verre
1.8344283459131536,-0.6007623510003622,2,Plastique
-0.9928619859658365,-0.28599458673928146,1,Plastique
-0.8657448802223873,-0.628836739330542,0,Métal
-1.1287833665029363,-1.2568507759598044,1,Papier
0.07956018962778005,0.26565680625670973,0,Métal
-0.23389759288757397,-0.3655318976757316,1,Plastique
0.007468606939604355,0.6067740428896433,1,Métal
1.4218894340917716,-0.5615914095839692,2,Verre
-0.639465137337752,-0.3167732203529816,1,Papier
2.4639834694031695,-0.6696814508304607,2,Verre
-0.6606316167998283,-0.31082147943975835,1,Papier
-0.808930090617002,-0.2973388412577631,1,Papier
-0.8301868976490008,-1.2860714468988788,1,Papier
-0.652084469091131,1.6638812774061702,1,Plastique
-0.5850386269032175,-0.6591656084673693,0,Métal
-0.7168241342555814,-0.31534238361715294,1,Plastique
1.8781069703158524,-0.6034467625517462,2,Verre
-0.5394782381364231,0.6590076991176812,1,Plastique
-0.48240313631668297,-1.6752878227119514,0,Métal
0.9249670952152522,0.5268570802361416,2,Verre
-0.6712016969263384,-1.6665888989662263,0,Métal
-0.3726621478800962,1.63733565984413,1,Plastique
-1.0166884443119764,-1.266114541015213,1,Papier
-0.3065943185890948,0.6402536933979455,1,Plastique
2.069142289655625,-1.6235081340431767,2,Verre
1.6559589650050899,1.4062183046948686,2,Verre
2.4515871968702854,1.3175374360526912,2,Verre
1.8243490409759158,1.3893762743105464,2,Verre
-1.000002816956471,-0.2844360498394247,1,Plastique
-0.7071618613082472,1.3046612206299801,0,Métal
-0.5918248797704363,1.666757222350274,1,Papier
-0.36926951963667665,1.3026776879937139,0,Métal
-0.5982773190555647,-0.33086437060623464,1,Plastique
-0.8250646537201269,-1.2882972928786622,1,Papier
-0.743009506750598,-0.6303159705653975,0,Métal
-0.6183659278775254,1.671238446787781,1,Papier
-1.1287833665029363,-1.2568507759598044,1,Papier
-0.396906652332896,-1.6709321895648825,0,Métal
-0.8701738927208593,1.694102014371232,1,Papier
-0.6652777181768601,0.6713190247178111,1,Plastique
-0.3319342642455402,1.6358594633296895,1,Plastique
-0.417488868614752,-0.3454556183048081,1,Plastique
0.40622975963871344,1.5584042885552287,1,Métal
-0.9626290614354107,-0.2794272986548012,1,Papier
-0.2387401612475626,1.622526895076257,1,Plastique
-0.37809548767609746,1.6510101255508627,1,Papier
-0.7227406942065647,-1.3022405910207335,1,Plastique
-0.5138419057433138,-0.3367353636781085,1,Plastique
-1.0733703593164705,-1.2617404157814123,1,Papier
-0.38663368902590034,1.6523477396142539,1,Papier
-0.609216682796993,-0.6654900129910539,0,Métal
-0.7778155250336813,0.6937757606443273,1,Papier
-0.7041425608690388,-1.3095170463601447,1,Papier
2.6810335234940688,-1.6811610670806407,2,Plastique
-0.4310168167202475,-1.3364779486316878,1,Plastique
2.089927259648426,-1.618167165126803,2,Verre
-0.7027036009045038,-0.3057876947895126,1,Papier
-0.6896912431428321,0.3515405246926804,0,Métal
1.4937829284116917,-0.5633962664619733,2,Verre
-0.8443622891298533,-1.6035500570543375,0,Plastique
-0.15127051848350226,-1.7461117888432116,0,Métal
-0.7020795209940158,0.6864760490851431,1,Papier
-0.6872218168792226,1.668231179275521,1,Plastique
-0.7985145042451232,-1.297402348108181,1,Plastique
-0.7778155250336813,0.6937757606443273,1,Papier
-0.9505105811518335,-1.6709447981934233,0,Métal
1.7999874838542156,-1.5799616420012854,2,Verre
-0.6781727563017266,-1.6765214100743338,0,Métal
-0.849354223719224,-1.6628074430014814,0,Métal
-0.710319064410877,1.6796343801674072,1,Papier
-0.6866740101477201,-0.3048557745739915,1,Papier
-0.24551787127483077,1.628636557951263,1,Plastique
-0.5129871267120466,1.6534279725650605,1,Plastique
-0.5836553086860149,0.6653782929620478,1,Plastique
-0.9714321085669924,-0.2815466078433184,1,Papier
-0.6830743652277149,1.6771529025349647,1,Papier
-0.24605092763918113,-0.6857042943718161,0,Métal
-1.2582116448298073,-0.6499058005050623,0,Plastique
-0.5128257699529247,-0.7062633457892797,0,Métal
-0.6395187322466209,-1.6459526980408248,0,Métal
1.1498498509187027,1.4652893552554203,2,Verre
-0.43427903033790727,0.3217613421370711,0,Métal
-0.8651498686989986,-0.29174259248924206,1,Papier
-1.1565823119835485,-1.6031114153625903,0,Métal
-0.6607540637849005,1.3407280051756578,0,Métal
-0.9194147309945724,1.2611468317736925,3,Plastique
-0.6430391021096348,-0.3259223301803016,1,Plastique
-0.8617108853387647,-0.6483284271003908,0,Métal
-0.36057663325426914,1.2814138318328443,0,Métal
-0.6571684765441023,-1.6477829074841608,0,Métal
-0.6326325498597457,0.32995710789617694,0,Métal
-0.3793805670301154,-1.7193965813189465,0,Métal
-0.7945552240873017,-0.29857838873646947,1,Plastique
-0.8510821445728516,-1.2886994066321646,1,Papier
1.826712895309137,1.3905952886026018,2,Verre
-0.5426232947350732,0.6724878391694535,1,Papier
-0.9638594711421952,-1.2755289978161453,1,Papier
-1.2582116448298073,-0.6499058005050623,0,Métal
-1.1384698552968686,-1.5958408232091355,0,Métal
-0.5554745485281487,1.6563581940267047,1,Plastique
-0.2349795195351137,1.6207172294366876,1,Plastique
-0.8117406423641829,-0.30084282146023167,1,Plastique
-0.34694703698304863,-0.7153922024178021,0,Métal
-0.6513565210403328,-0.32574661758499235,1,Plastique
1.637020912258993,1.413783094564972,2,Verre
-0.9159015157911741,0.7054284193010363,1,Papier
-0.5749213587811339,1.3282261250945437,0,Métal
-0.6194501508288921,-0.6436761913604808,0,Métal
-0.736024419423014,-0.3014595399499418,1,Papier
-0.5121886739004965,1.3103242812374838,0,Métal
1.3451538803935108,2.0029186279017788,3,Verre
1.829576436685831,-1.590007432376696,2,Verre
2.2583984930306347,0.34418864694444395,2,Verre
1.3038512097901358,1.4867195447223571,2,Verre
-0.3766618456557026,0.6264843689432282,1,Plastique
-0.3153810559680169,0.6378504463972632,1,Plastique
0.12319426011146314,-1.3932852247557976,1,Métal
1.452249241969751,-1.556496723889539,2,Verre
-0.6330166663505441,0.6695971168581083,1,Plastique
0.32350636164853674,-1.4253367257723135,1,Verre
1.2856438715725031,-0.5399817727593726,2,Verre
-0.3740434451396354,-0.7331879073772938,0,Métal
-0.5863214463410928,-1.3213017460212257,1,Plastique
-0.48435634163553976,1.6501817955815696,1,Papier
-0.3793805670301154,-1.7193965813189465,0,Métal
-0.5755140193878766,-0.320413741044812,1,Papier
-0.5381612362726091,1.6521813041353044,1,Plastique
1.9623852457170576,-1.60596131284802,2,Verre
-0.8784526041189954,-0.29068621072658796,1,Plastique
1.170292998927478,-0.5245959099221233,2,Verre
-0.739688249407706,1.3232938914982586,0,Métal
-0.539393037452385,0.28985043791651965,0,Métal
-0.7849852709451784,1.6806313677816285,1,Plastique
1.6150631875218004,-0.5687229197576023,2,Verre
1.1498498509187027,1.4652893552554203,2,Verre
1.9109325219846722,0.3888753402250862,2,Verre
-0.6712016969263384,-1.6665888989662263,0,Métal
-0.8511021448367233,-0.2946443700309358,1,Papier
-0.20858627467393925,1.6169755980310898,1,Plastique
-0.6362338455031588,1.3047395025161552,0,Métal
1.8052017804011071,-1.5861502688732896,2,Verre
-1.105460177415803,-0.2657016380221682,1,Papier
-0.8441166648015376,-1.2921811042578017,1,Plastique
-0.8056250528621177,1.6884097158920828,1,Papier
1.734122961994921,0.40887508563244856,2,Verre
1.5167180488709628,-1.5515997824707526,2,Verre
1.338161101313397,0.45207715937041426,2,Verre
1.4090172859008185,0.48603557202727443,2,Verre
-1.0997877713506103,-1.259396747417475,1,Papier
-0.5211687614705269,0.6546294790917846,1,Plastique
2.464995408810037,0.32301104745129594,2,Verre
-0.5982773190555647,-0.33086437060623464,1,Plastique
-0.7097036961173911,-0.31646045899800157,1,Plastique
-0.9031364306425226,-1.285324613518144,1,Plastique
-0.6115526656474309,0.6648081342239773,1,Papier
-0.11198368974330808,0.5793261064502733,1,Papier
-0.8498199098249464,-1.292640920336551,1,Plastique
-0.8617595766569339,-0.29001438895548537,1,Papier
-0.6822928695197747,-0.6572952356506343,0,Métal
-0.3691283263457642,0.3251135073639835,0,Métal
1.7266374601260739,0.4090511640884986,2,Verre
-0.23480959173512975,0.25924881979372283,0,Métal
0.47457153090851156,-1.4861027556240434,1,Verre
-0.2178121834804322,1.6191041445418752,1,Plastique
-0.7203584898797664,-1.305673702994365,1,Plastique
-0.6439857278511388,-0.3185313191000616,1,Plastique
-0.31696795982073384,1.2628590891230267,0,Métal
-0.5734202261206166,-0.3311226617034586,1,Plastique
1.3686473673086872,-0.548187174403014,2,Verre
1.175266689819234,1.4611040475877803,2,Verre
-0.447203217415707,-0.3442171957417681,1,Plastique
-0.5898185332343572,-0.32591814091779825,1,Plastique
-0.34320622843696413,0.638203318699597,1,Plastique
2.2605021110526073,0.3502666969277375,2,Verre
-0.5950508993530641,0.666325567520279,1,Plastique
-0.3659438284510086,0.28419001508154307,0,Métal
-0.645958123049859,1.6636240574939742,1,Papier
-0.5426232947350732,0.6724878391694535,1,Papier
-0.281237626078621,0.6326031289893674,1,Plastique
-0.8203105066779786,-0.29696749858601934,1,Papier
2.322073224966372,0.337901266795098,2,Verre
-0.5823987971452674,-1.317282520141313,1,Plastique
-0.4959371742039109,-0.3347989128077917,1,Plastique
-0.6167764370869511,-0.6640105855051113,0,Métal
1.2643270430883318,-0.536731317970806,2,Verre
-0.37290238502707285,1.6374890295798907,1,Plastique
-0.7745986680888425,-1.6597931803186865,0,Métal
-0.3576729105812925,-0.6982256391941228,0,Métal
-0.9321403197956872,-1.2830891874562156,1,Plastique
-0.7498021612368937,-0.3082475236046376,1,Plastique
-0.7203584898797664,-1.305673702994365,1,Plastique
1.7422379481123769,1.3988891688626837,2,Verre
-0.8535573673594399,-0.6591311736772946,0,Métal
-1.3149057794683459,0.7800874105526254,1,Plastique
-0.37290238502707285,1.6374890295798907,1,Plastique
-0.5412620175707316,1.6637550861011359,1,Papier
1.967323848916529,-0.6183145166994869,2,Verre
1.722032552698261,-1.580090642968768,2,Verre
-0.4234608262860532,-1.3405125386047834,1,Plastique
-0.7170532683067711,-0.3063303462235005,1,Papier
-0.5963674208491265,0.6678880909085889,1,Plastique
-0.5282295436636871,-0.33189106320900463,1,Plastique
-0.8141982325884158,0.3775288680955864,0,Métal
-1.5526213733107526,0.4537732834231354,0,Métal
-0.35480404221314576,1.6389180785359618,1,Plastique
-0.6085579836198532,1.6606871345204046,1,Plastique
-0.6685672061453768,-1.6633755739856206,0,Métal
-0.4179554232273607,-1.713596227994715,0,Métal
-0.5964372241123914,0.6644829977010407,1,Plastique
-0.8533155135405499,0.3376508202297581,0,Métal
-0.6573467104324129,-0.3155388864333233,1,Plastique
1.3910454959953222,1.4373193096580053,2,Verre
-0.12647339953489461,0.6186001135263541,1,Métal
-0.44244512782386536,1.649035911308497,1,Plastique
-0.540361053327665,1.657188152240421,1,Papier
-1.171540839600162,-1.2527287690161086,1,Plastique
0.7807904946840283,0.5118079714877404,2,Verre
2.132620031664344,-1.6242955368395646,2,Verre
-0.33206083885165144,1.6324631262872231,1,Plastique
-0.6799444018384907,1.6707816860412337,1,Papier
0.9249670952152522,0.5268570802361416,2,Verre
2.0810006362995512,-0.6283641205001265,2,Verre
1.8746060188359834,-1.5940379919333376,2,Verre
1.4613938516739429,1.4299726924416658,2,Verre
-1.071099720067606,-0.27047001744456334,1,Papier
-0.4272077785377081,1.642898528414065,1,Plastique
-0.4144711856288923,1.6380157094312084,1,Plastique
-0.680149585206026,1.6767506352889587,1,Papier
0.7361992513849743,1.467606243360385,1,Verre
-0.34582288954954027,-0.7324263972684528,0,Métal
-0.500625453387885,-0.335031182586468,1,Plastique
2.2529318915755487,-0.6432506558745413,2,Verre
0.30435928472305485,-0.46090272394265963,1,Verre
-1.0868431275281067,1.2870983136053706,3,Papier
-0.36252408151026405,-0.6883523960250844,0,Métal
-1.001383677944713,-1.2850954010203606,1,Plastique
1.2402619828756398,-1.5180340982605962,2,Verre
-0.6634010538004439,-0.32404934661175044,1,Plastique
-0.48839432023875273,1.6457054756851173,1,Plastique
-0.6656483213395192,-1.2979450820800116,1,Papier
2.2991045577964733,-1.6418870400595444,2,Verre
0.2025436652089461,-1.4383563735437686,1,Verre
-0.6708340902978813,0.6767613034447824,1,Plastique
-0.7521278995202817,1.6806756196830837,1,Papier
-1.0209750694189785,-1.6282992660641855,0,Métal
-0.9504655831311739,-1.2731683939218656,1,Papier
-0.6946288714314617,0.6832463019301407,1,Papier
-0.8638774017244396,-1.295752573298001,1,Papier
-0.5458513668226614,1.651518602091824,1,Plastique
0.9094795206673749,-0.9520697339871362,0,Métal
-0.6802050592429182,1.678712792803003,1,Papier
-0.6332663893575894,-0.31993231169348313,1,Plastique
-0.4935772964578494,0.32089257730932874,0,Métal
-0.4483343023268961,-1.6706240016570466,0,Métal
-0.6195128747253206,0.2771016014520953,0,Métal
-0.47706906479633693,-0.33430694118036697,1,Plastique
-0.688253910880514,1.352831306224098,0,Métal
-0.7332328455806325,0.32386780795337655,0,Métal
-0.4993441908332764,-0.7183554491991243,0,Métal
-1.0413030506552543,-0.6130618996360696,0,Métal
-0.22588734119635476,0.2839595276530411,0,Métal
-1.2016787132451803,-0.21596804402101877,1,Papier
-0.2658950144131855,1.62338124120878,1,Plastique
-0.48551756245118527,1.2574220493813282,0,Métal
-1.048067333866515,-1.619625893077357,0,Métal
0.007177788428238602,0.25992144217043234,0,Métal
0.9139882373912858,-1.4948782594554126,2,Verre
1.8559640645674282,-0.5993569102125558,2,Verre
-0.502001849600446,0.28472089832375613,0,Métal
-0.5119305884144739,-1.3264252102432188,1,Plastique
-0.8680993154524671,-1.2808458964478786,1,Papier
2.142501718851785,0.36374460937864717,2,Verre
1.794310877562426,-0.5955627533319854,2,Verre
-0.15127051848350226,-1.7461117888432116,0,Métal
-0.5932505051247486,1.667584181909682,1,Papier
-0.3986612923817092,1.2843704031334167,0,Métal
-0.593384129547774,-0.31126485847916574,1,Papier
-0.3980454726865439,0.6451796043778566,1,Plastique
-0.3963107745611729,-0.3492151988912169,1,Plastique
-0.6953317204851555,0.6767909569103583,1,Plastique
-1.3861581179303535,-1.6171374765455582,0,Métal
-0.57699510972612,1.3487215357177174,0,Métal
-1.0117596370950266,-0.2836395290409923,1,Plastique
-0.7115955583920869,-0.3056241673369544,1,Papier
-0.6330166663505441,0.6695971168581083,1,Plastique
-0.743009506750598,-0.6303159705653975,0,Métal
-0.3648588848728016,0.320046288806233,0,Métal
-0.7426166444342139,0.6900626558637402,1,Papier
2.0618772116558537,0.370852543339363,2,Verre
-0.10766794842028204,0.6195994569907619,1,Métal
-0.6951143769026371,0.6832902394873017,1,Papier
2.5873984910224466,-0.6799170796138541,2,Verre
-0.41535755645816996,-0.7203156984787816,0,Métal
-1.0002844230198136,-0.2773740062903425,1,Papier
-0.8208016190232102,1.6894422954303472,1,Papier
-0.808930090617002,-0.2973388412577631,1,Papier
-0.8657448802223873,-0.628836739330542,0,Métal
-0.16486869234545762,0.2861967278086377,0,Métal
2.039487680729956,1.368116238981542,2,Verre
0.3054204012691113,-0.4205616100043921,1,Métal
2.450370364917016,-0.6645825844751974,2,Verre
0.20593353945872137,1.2322720053648786,0,Métal
-0.36624601077493474,-1.333934532256884,1,Métal
-0.5748346866175112,1.6614027901893762,1,Papier
-0.658280667730542,0.6735340393315512,1,Papier
-0.7466442220151605,-1.3011553282744321,1,Papier
-0.6799444018384907,1.6707816860412337,1,Papier
-1.4975495211168461,-0.19047263085370103,1,Papier
-0.808930090617002,-0.2973388412577631,1,Papier
-0.8141736240100425,-0.291423848808094,1,Papier
-0.8902987800625332,-1.2796902747766388,1,Papier
-0.48028854863331993,1.6467610255461664,1,Plastique
-0.11768846124668936,1.605578406113559,1,Plastique
-0.8996625502921459,-0.29115356774219125,1,Plastique
-0.680149585206026,1.6767506352889587,1,Papier
-0.7760107702266964,1.687413910827526,1,Papier
-0.03687255981467098,-0.3811208500107661,1,Métal
-0.40920917157802084,1.63661970435863,1,Plastique
2.237384016656267,0.35967913453579525,2,Verre
0.15558769577343431,-0.3979345400751537,1,Verre
-0.5596017237227476,0.2797873499673651,0,Métal
-0.6003315866422831,1.347916399805542,0,Métal
-0.7876215254610281,-0.29755426054284384,1,Papier
-0.2387401612475626,1.622526895076257,1,Plastique
1.7613557622801956,-0.5911369960131299,2,Verre
1.7678101976148444,-1.587673978136756,2,Verre
-0.963365513145539,1.696241420998686,1,Plastique
-0.8865570633609542,-0.6539613661673926,0,Métal
-0.9414017226479275,-1.275283054220382,1,Papier
-0.44119526793696984,-0.7075253191506943,0,Métal
-0.6606316167998283,-0.31082147943975835,1,Papier
-0.6866740101477201,-0.3048557745739915,1,Papier
1.2875197158526344,-0.535173568489064,2,Verre
2.31712886389263,0.34044855320519396,2,Verre
-0.5544987836540483,-0.3314514133036941,1,Plastique
-0.8195386945695512,1.6890052043446564,1,Plastique
-0.2868530353311682,-1.3474149939967472,1,Métal
2.078602892146284,0.37423856285858137,2,Verre
-0.6395187322466209,-1.6459526980408248,0,Métal
-0.6607540637849005,1.3407280051756578,0,Métal
1.1699020704975878,0.4695523030507338,2,Verre
-0.9764004207935604,-1.6595187995921372,0,Métal
-0.369328802906285,0.6435985675215481,1,Plastique
-0.12647339953489461,0.6186001135263541,1,Métal
-0.5800063742168884,-0.32517580036361227,1,Plastique
1.4670516321145217,-1.5507500896786268,2,Verre
-0.9024479468198003,-1.2844662535847904,1,Papier
-0.6208092614869715,-0.3257174302379293,1,Plastique
-0.45261473943527897,-0.3400364753253502,1,Plastique
2.2522330888841804,1.336901751291817,2,Verre
-0.3032175262436327,1.3121323497541957,0,Métal
-0.7765907027930472,-0.2973155250009536,1,Papier
-0.8043809421483596,-0.2957066527954255,1,Papier
-0.6656581538614799,-1.3035933822522894,1,Papier
-0.7588826194367508,0.6929029862434877,1,Papier
1.1529117693251412,-0.524206162582551,2,Verre
-0.5733634717085244,-1.6431400136375618,0,Métal
-0.8745386685261465,-0.2868450543431291,1,Papier
-0.41535755645816996,-0.7203156984787816,0,Métal
-0.18421394953073666,1.2670201493414532,0,Métal
-0.672939899232476,0.6759848595880891,1,Plastique
-0.8668269202938879,0.6984741678828381,1,Papier
-0.6953317204851555,0.6767909569103583,1,Plastique
0.5279198205533557,-0.45626493847569294,1,Verre
-0.44244512782386536,1.649035911308497,1,Plastique
1.8222911860573263,0.39305065101139025,2,Verre
-0.5073998503447277,-0.3344160836841643,1,Plastique
0.9454962949436045,-0.49949694424794955,2,Verre
-0.35480404221314576,1.6389180785359618,1,Plastique
-0.40920917157802084,1.63661970435863,1,Plastique
-0.9000058562948081,1.6979895238023388,1,Plastique
-0.7583593898401534,-1.2899560985989769,1,Papier
-1.064466232979769,-0.6244454705004102,0,Métal
-0.30927197651723376,-0.35457651559273207,1,Plastique
-0.23480959173512975,0.25924881979372283,0,Métal
1.5258147018444035,0.4279786126876226,2,Verre
-0.6534133585489156,-0.6527505434056451,0,Métal
-0.14888412299756695,0.29707462920124983,0,Métal
-0.9973080255112141,-0.28306332038022686,1,Plastique
-0.5283039040188745,-0.32146047478635786,1,Papier
1.763283513799607,-1.5919239407077521,2,Verre
-0.8961376764075721,0.35262241585181986,0,Métal
1.7094302992010537,-1.5833534269157605,2,Verre
-0.5163419820928316,-1.3262331336177189,1,Plastique
1.60261025296309,-0.5701921807617876,2,Verre
-0.11173159429959972,0.27457456093175425,0,Métal
-0.7811279081252506,1.6848000637808969,1,Papier
0.9454962949436045,-0.49949694424794955,2,Verre
2.089927259648426,-1.618167165126803,2,Verre
1.922182698397696,-1.5992995511424617,2,Verre
-0.931642998527467,-0.28379991003068517,1,Papier
1.8144619267744257,1.392593582577249,2,Verre
1.4372902531679512,-1.5493670675251308,2,Verre
-0.7769506488854385,0.6937197732257989,1,Papier
0.32350636164853674,-1.4253367257723135,1,Verre
-0.6544739538649618,-0.31551557994121193,1,Plastique
1.207861827764935,0.459037527700628,2,Verre
2.6061673411979376,1.3042611806989453,2,Verre
-0.9122757026772939,0.704701675315843,1,Papier
-0.3576729105812925,-0.6982256391941228,0,Métal
1.983833831657937,-1.6111430440731924,2,Verre
1.2688644201949224,-0.5342261844340008,2,Verre
2.4515871968702854,1.3175374360526912,2,Verre
-0.5427850027073725,-0.33225934092176423,1,Plastique
-0.6890362852654561,1.6810841023337189,1,Papier
-0.4993441908332764,-0.7183554491991243,0,Métal
-0.9787670610393531,-0.2877323125341362,1,Plastique
-0.8124518511860532,-1.295484634678999,1,Plastique
2.068814564439957,1.3631736706728483,2,Verre
2.463208699398891,1.320089678916798,2,Verre
-1.0349634759103088,-0.6544953251876848,0,Plastique
-0.40563613448221836,-0.6616637904767921,0,Métal
1.862821760832301,-1.5946915047565375,2,Verre
-0.704636785383721,-0.629637418032313,0,Métal
0.011356252912694237,1.5952792694601314,1,Plastique
2.047678729464164,-0.620123497624052,2,Verre
-0.9973080255112141,-0.28306332038022686,1,Plastique
1.6176335932030197,-1.6576625491788874,2,Plastique
2.549388664222595,1.3161035446697202,2,Verre
-0.7091415088923221,-0.3036212885489602,1,Papier
-0.3223661791079244,0.30574257842265906,0,Métal
-0.7012913010550486,0.6725409808783891,1,Papier
-0.8017235471794557,-0.30471999921537063,1,Plastique
-0.4771630695091046,-0.34279712954020547,1,Plastique
-0.48028854863331993,1.6467610255461664,1,Plastique
-0.6716687453423104,1.6658395614257417,1,Papier
1.24303263685924,-0.5341948655306898,2,Verre
-0.4644634448878373,-0.33768397121772664,1,Plastique
-1.0509543339172827,-0.2690170360438653,1,Papier
12.937170150998286,-0.3182740337183807,2,Verre
2.357358005311352,1.3342716584061416,2,Verre
-0.3936037165974692,1.6438474430072836,1,Plastique
-0.3283192166013778,1.3092982260087063,0,Métal
-0.4809703032766016,-0.3335381597203495,1,Plastique
-0.369328802906285,0.6435985675215481,1,Plastique
-0.45242751299386685,1.6469473772246566,1,Papier
-0.39887070883872566,-1.7232888652159435,0,Plastique
-0.7811279081252506,1.6848000637808969,1,Papier
-0.8575849550135124,0.34271803878750884,0,Métal
-0.3659438284510086,0.28419001508154307,0,Métal
-0.6890362852654561,1.6810841023337189,1,Papier
2.2605021110526073,0.3502666969277375,2,Verre
0.7389129431878823,0.5427829698880622,2,Verre
-1.0216740461372191,-1.2664917377609406,1,Papier
-1.0668302785946435,-0.27553723600231406,1,Papier
-0.6183659278775254,1.671238446787781,1,Papier
1.2688644201949224,-0.5342261844340008,2,Verre
-0.7145738377225688,0.6819361021128343,1,Plastique
-0.22691264693283655,0.6322829338154785,1,Plastique
-0.44152113912458124,-1.3282764392511548,1,Plastique
-0.1544052802156436,1.6166738517048567,1,Plastique
-0.34320622843696413,0.638203318699597,1,Plastique
2.0618772116558537,0.370852543339363,2,Verre
0.8706630922930811,-0.49377259465328627,2,Verre
-0.7765907027930472,-0.2973155250009536,1,Papier
1.2309606987392223,0.5060373523774697,2,Verre
-0.607697196255941,-1.3135287876170092,1,Plastique
2.7729657930255653,1.2825756009002942,2,Verre
-0.8501028045346156,-1.6496780368670154,0,Métal
-0.6910294162584709,-0.3059170423183164,1,Papier
-0.3603174245846962,1.268219366023746,0,Métal
-0.6037125500150741,1.6692515458497257,1,Papier
-0.5336190010464192,0.6632477116415709,1,Papier
-0.7354188079347436,1.318226672940508,0,Métal
-0.8593240176344521,-1.2930946663604994,1,Plastique
-0.739688249407706,1.3232938914982586,0,Métal
-0.7183757782758152,-0.635430529626668,0,Métal
-0.6719752127646337,0.6704202877786678,1,Plastique
-0.4096356275624692,-0.34248925701061395,1,Métal
-1.3149057794683459,0.7800874105526254,1,Plastique
-0.4590540136715623,0.2911609040117109,0,Plastique
-0.7394506545336532,0.6901890288925843,1,Plastique
-0.29783547068685057,-1.3446518832254384,1,Métal
-0.6705762698385546,-1.2971730584481105,1,Papier
2.270714526169941,-1.6362384517384296,2,Verre
-0.4917312773433484,-0.33552873398347205,1,Plastique
-0.7765907027930472,-0.2973155250009536,1,Papier
0.7673949052723407,-0.4855021791289731,2,Verre
-0.5128296343046116,-1.3304017898708733,1,Verre
1.7266374601260739,0.4090511640884986,2,Verre
-0.500625453387885,-0.335031182586468,1,Plastique
-0.7353839100797329,-1.3068249554716898,1,Papier
-0.36057663325426914,1.2814138318328443,0,Métal
-1.0509543339172827,-0.2690170360438653,1,Papier
0.8091542022893161,0.4588108778382831,1,Verre
-0.545529405493546,-0.33139479027317287,1,Plastique
-0.7781018357972351,0.6952984645576639,1,Papier
-0.6111038465450636,-1.3205276063038296,1,Plastique
-1.1910232253474509,-1.2486971518323253,1,Papier
-0.7781018357972351,0.6952984645576639,1,Papier
-0.16940075464475102,1.2903803775906681,0,Métal
-0.9083002672362167,-0.2902770440650495,1,Papier
-0.7118875220697267,-1.6787875915679005,0,Métal
-0.5935427275666555,-1.3106001104219327,1,Papier
-0.8126995371607537,-0.29431940035835114,1,Plastique
1.9087302417597436,1.3765498841600239,2,Verre
-0.7071695859180054,0.3216219169904737,0,Métal
2.1350407589120333,1.3551403783487947,2,Verre
0.40622975963871344,1.5584042885552287,1,Métal
-0.5871287124813264,0.6590760235544788,1,Plastique
-0.9942133883773274,-0.27894116420495996,1,Papier
-0.33403895795100136,0.6407501489620524,1,Plastique
1.559177765468777,-1.5613040574076298,2,Verre
0.7476541647439537,-1.8913253065500173,0,Métal
-0.48173934764870907,0.6553030276577265,1,Plastique
-0.15849190605943303,1.6154838103292783,1,Plastique
-0.540361053327665,1.657188152240421,1,Papier
-0.5564162352525692,-0.705533727449891,0,Métal
-0.4545040651524843,1.6433764300176754,1,Plastique
2.6061673411979376,1.3042611806989453,2,Verre
-1.001383677944713,-1.2850954010203606,1,Plastique
-0.36592198475312976,0.6418189040743763,1,Plastique
-0.6195995383097039,-1.3051591892741647,1,Papier
-0.6953317204851555,0.6767909569103583,1,Plastique
-0.6855903661844034,1.6667694354137732,1,Plastique
-0.5983034162972465,1.6568668475062795,1,Plastique
-1.0696463091719777,-0.2743131923415387,1,Plastique
-0.3611588492386028,-0.35387467595042055,1,Plastique
-0.43879637793490434,0.6546295785036056,1,Plastique
-0.6167764370869511,-0.6640105855051113,0,Métal
-0.5481155314029094,-0.3332232751234032,1,Plastique
-0.8744940505457578,-1.2969609269961158,1,Plastique
-1.1576259102034672,-1.5752121909156327,0,Métal
-0.4771630695091046,-0.34279712954020547,1,Plastique
1.794310877562426,-0.5955627533319854,2,Verre
14.231490152493338,-2.501404790969981,2,Verre
-0.24551787127483077,1.628636557951263,1,Plastique
0.19736193280974926,-1.3371645252824624,2,Verre
-0.5394782381364231,0.6590076991176812,1,Plastique
-0.48551756245118527,1.2574220493813282,0,Métal
-0.6896912431428321,0.3515405246926804,0,Métal
2.0545505357783527,-1.6148949566217219,2,Plastique
-0.539393037452385,0.28985043791651965,0,Métal
-0.13927081612232128,0.2996278395948486,0,Métal
-0.40563613448221836,-0.6616637904767921,0,Métal
-0.2726825072885051,1.2867200265280323,0,Métal
-0.8804638270825674,-0.30020586238148317,1,Plastique
-0.33532699062294996,1.6319728271483,1,Plastique
1.5928522845804658,-1.5686586134194358,2,Verre
1.8243490409759158,1.3893762743105464,2,Verre
1.05943340469251,1.4772736154691593,2,Verre
-0.7405932848105957,-0.311766582996865,1,Plastique
-0.5975339453028382,-0.32673601492158433,1,Plastique
-0.8087623630337011,-1.2884030909100204,1,Papier
-0.6307894225957078,-0.32358521684552155,1,Plastique
1.801829206663734,1.3934800692919647,2,Verre
-0.7754229105233428,-0.3012692860942763,1,Papier
-0.6910294162584709,-0.3059170423183164,1,Papier
2.1845598060478246,1.3479492105102102,2,Verre
1.5145828372399135,-1.5546853767518218,2,Verre
-0.3928908851649453,-1.7285590393590395,0,Métal
-0.9739775484790479,-0.6078045433297743,0,Métal
-0.892152295507876,-1.2807095225128915,1,Papier
1.3257758839277232,1.4429289091009736,2,Verre
-0.6190551753247835,-1.642992842235653,0,Métal
-0.8582957360161008,-1.2908287571283332,1,Plastique
-0.5043856134523848,-1.3287473228688833,1,Plastique
-0.054421101128248384,1.600445966861254,1,Plastique
-0.28277209312301005,1.6261366546302274,1,Plastique
-0.9303947069793291,-1.277791557378103,1,Papier
-0.5074897625389596,1.2936708639194874,0,Métal
-0.8892550462549462,-1.2860033558510509,1,Plastique
1.1106950231233206,-0.5237413958724381,2,Verre
-0.9806698622665229,-1.6544515810343865,0,Métal
-0.8845478517556751,-0.2957338964896683,1,Plastique
1.4903947647951572,-1.556353801334604,2,Verre
-0.36592198475312976,0.6418189040743763,1,Plastique
-0.7472379485356221,-1.6376828701051025,0,Métal
1.9109325219846722,0.3888753402250862,2,Verre
1.1963396138830107,-0.5283090340457274,2,Verre
0.5078525656291565,1.5028197796490044,1,Verre
-0.8164337466855252,-0.2933291909336464,1,Papier
-0.8443622891298533,-1.6035500570543375,0,Métal
-0.48240313631668297,-1.6752878227119514,0,Métal
-0.9199601006087802,-0.6654655576167918,0,Métal
-1.0997877713506103,-1.259396747417475,1,Papier
-0.48551756245118527,1.2574220493813282,0,Métal
-0.3319342642455402,1.6358594633296895,1,Plastique
-0.4195329837495385,-0.6770363451504069,0,Métal
1.3451538803935108,2.0029186279017788,3,Verre
-0.793131975420919,-0.2969113512035728,1,Papier
-0.3979835869839049,-1.3381662844720053,1,Plastique
-0.369328802906285,0.6435985675215481,1,Plastique
-0.9332063551378583,-0.2847606313086748,1,Papier
-0.5601849874271755,1.6656037303311135,1,Papier
-0.5388825193070791,0.67216410328814,1,Papier
-0.5094196861453688,0.6563976712851198,1,Plastique
2.5531782611051184,1.3102466863730282,2,Verre
0.7669199047752203,0.08270421261153982,3,Verre
2.4639834694031695,-0.6696814508304607,2,Verre
1.1671816619573536,-0.523518842635381,2,Verre
0.5635756055326884,0.5581535468199963,2,Verre
-0.866294701108097,-1.2908449552366668,1,Papier
-0.7594069440689053,-0.31360301107545197,1,Papier
-0.6047524023977793,-1.6682344900841883,0,Métal
-0.483577174057758,-0.32553189681030137,1,Papier
1.3922484581717265,-0.5485207285851648,2,Verre
1.6035598680518677,1.4124455671929457,2,Verre
2.0358439627680216,1.3724408129083303,2,Verre
0.7184294527465065,0.5450003730444299,2,Verre
1.1084359024820687,0.5126094011278965,2,Verre
-0.40108385383809486,-0.6634339050616849,0,Métal
0.7860125636521822,0.5399879502977769,2,Verre
2.352250379490438,1.340333682328869,2,Verre
-0.5779198846397141,0.6657752088656761,1,Plastique
-0.6411771487081366,-0.3204511565003827,1,Plastique
-0.7613929058215607,0.6927698986034223,1,Papier
2.4515871968702854,1.3175374360526912,2,Verre
-0.5536037742362334,1.654137851560509,1,Plastique
-0.6059559743399326,-0.6531810932974362,0,Métal
-0.4777563540758115,0.6522589597767363,1,Plastique
-0.7107687131331943,-0.3103513658982251,1,Plastique
2.0115152983539932,-1.613105106939644,2,Verre
-0.4164371892873727,-0.3467038117835679,1,Plastique
-0.7395498741072597,0.6810066880798147,1,Plastique
-0.6606316167998283,-0.31082147943975835,1,Papier
1.6559589650050899,1.4062183046948686,2,Verre
-0.6262088961241602,-1.3150528873217433,1,Plastique
-0.4905466001554821,-0.33937344316994733,1,Plastique
1.829576436685831,-1.590007432376696,2,Verre
-0.8962203675931396,-0.28878705275143135,1,Papier
-0.6076525822413896,-0.32315873588180133,1,Plastique
0.8691874818400065,0.5314496277228202,2,Verre
-1.1149695769892027,-1.589762880363463,0,Métal
-0.6350552471609958,-0.3144639933737443,1,Papier
-0.6985970172426359,0.6836740750457933,1,Papier
-0.639465137337752,-0.3167732203529816,1,Plastique
2.241817891389328,0.3544167571329453,2,Verre
-0.5345518352218331,-0.330812998103595,1,Plastique
-0.483577174057758,-0.32553189681030137,1,Papier
-0.751640758506576,-1.2982945035142779,1,Plastique
-0.6951143769026371,0.6832902394873017,1,Papier
-0.15849190605943303,1.6154838103292783,1,Plastique
-0.3635829745764423,0.32227558716875504,0,Métal
-0.3068844787742892,1.6285189403955116,1,Plastique
-0.5057549264555546,-0.6983304106236577,0,Métal
1.5484774867382316,-1.5623984740839731,2,Verre
-0.4144711856288923,1.6380157094312084,1,Plastique
-0.9841230882407894,-1.2723626931666516,1,Papier
-0.5280579940536058,-1.678003210941433,0,Métal
1.7419070567253119,-0.5897162736023569,2,Verre
1.8299174056747018,0.3995804661556013,2,Verre
-0.34790933896275855,-1.3428438075029872,1,Plastique
-1.0216740461372191,-1.2664917377609406,1,Papier
-0.5813164276111772,-0.3173284490672297,1,Papier
-0.8291138071548492,-1.2857365243230154,1,Plastique
-0.5983034162972465,1.6568668475062795,1,Plastique
2.1818285195759266,1.3509252880223037,2,Verre
1.862821760832301,-1.5946915047565375,2,Verre
1.452249241969751,-1.556496723889539,2,Verre
-0.6315895884384479,0.6721466716654787,1,Plastique
2.4299865495963053,-1.6540119413099794,2,Verre
-0.8031894269860695,1.3192385087418208,0,Métal
-0.42841744706639995,1.640179094001997,1,Plastique
1.7422379481123769,1.3988891688626837,2,Verre
-0.3390903786120932,1.253658401415697,0,Métal
-0.30346519001769695,1.3102396102988145,0,Métal
-0.5211687614705269,0.6546294790917846,1,Plastique
-0.6174833381515717,-0.3136662663041836,1,Papier
-0.5129871267120466,1.6534279725650605,1,Plastique
-0.3576729105812925,-0.6982256391941228,0,Métal
1.170292998927478,-0.5245959099221233,2,Verre
1.452249241969751,-1.556496723889539,2,Verre
-0.6111038465450636,-1.3205276063038296,1,Plastique
-0.9337461989282465,-1.274994517275454,1,Papier
-0.6497023090243648,-0.31973082205408687,1,Plastique
-0.6693064795832827,-0.31666771928764015,1,Papier
-1.0044093527015692,-1.6555191709993289,0,Métal
-0.7466442220151605,-1.3011553282744321,1,Papier
-0.8358240768912928,-1.6489629218709538,0,Métal
-0.1544052802156436,1.6166738517048567,1,Plastique
-0.9629589049276568,-0.2807624298434286,1,Papier
-0.4882488649756205,0.3351520239147392,0,Métal
-0.6486802009483352,0.35986289161012475,0,Métal
0.15558769577343431,-0.3979345400751537,1,Verre
-0.23389759288757397,-0.3655318976757316,1,Plastique
0.6165848173470716,0.47049952133482376,1,Plastique
-1.0002844230198136,-0.2773740062903425,1,Papier
2.1447519555740904,1.354734446738904,2,Verre
0.9249670952152522,0.5268570802361416,2,Verre
-0.5492435773894538,1.6575728345143224,1,Papier
-0.3984809632768396,1.327396766361103,0,Métal
-0.8427751323509718,0.6941385249220031,1,Plastique
-0.36099434288719334,1.2686847815643463,0,Métal
-0.6606316167998283,-0.31082147943975835,1,Papier
2.664274096239459,-0.6892583871504951,2,Verre
-0.8998272402663612,-0.28590502874368773,1,Papier
1.963826942654217,-1.6020870208147786,2,Plastique
-0.31711369381047116,-0.7340137418131141,0,Métal
-1.217226347560507,-1.2517692899395574,1,Plastique
0.18047742409809595,-0.40256893304052244,1,Métal
-0.8593240176344521,-1.2930946663604994,1,Plastique
-0.5898185332343572,-0.32591814091779825,1,Plastique
1.983833831657937,-1.6111430440731924,2,Verre
1.1016446714382815,1.5041861274026578,2,Verre
-0.8763799226645685,1.6895197412768204,1,Plastique
-0.7126662851830352,-0.31294428799823737,1,Plastique
-0.2715390252782473,-0.675012796138656,0,Métal
-0.14715177488877412,1.2847334624944888,0,Métal
1.7688462778660352,-0.5936112566317508,2,Verre
0.32180231611987486,0.5340085938727668,1,Verre
-0.5851167175389501,0.6741415747354182,1,Papier
-0.318543103631164,0.6383448463916619,1,Plastique
-0.6029553576392969,-1.6425690997274915,0,Métal
-0.45862959225050826,1.2175517312736692,3,Métal
-0.7503228900614942,-0.3005213453434541,1,Papier
-0.5179191258182173,1.6624030427274603,1,Papier
1.5574163935625311,-1.560264381070282,2,Verre
-0.502001849600446,0.28472089832375613,0,Métal
1.559177765468777,-1.5613040574076298,2,Verre
-0.8575849550135124,0.34271803878750884,0,Métal
-1.105460177415803,-0.2657016380221682,1,Papier
-0.5494869661548962,0.6631770806282005,1,Plastique
-0.6799444018384907,1.6707816860412337,1,Papier
-0.432379261047134,1.6436663238175904,1,Plastique
0.07956018962778005,0.26565680625670973,0,Métal
1.162569943324211,-0.518045389869024,2,Plastique
-0.05560415731325985,1.2468801544894885,0,Métal
-0.8617108853387647,-0.6483284271003908,0,Métal
-0.723755578437331,-0.3118083915897183,1,Plastique
-0.11173159429959972,0.27457456093175425,0,Métal
-0.704636785383721,-0.629637418032313,0,Métal
-0.009311718847354267,-0.42026400754575044,1,Papier
-0.6412148296199306,-0.32043021082601153,1,Plastique
-1.0209750694189785,-1.6282992660641855,0,Métal
-0.609216682796993,-0.6654900129910539,0,Métal
-0.6892218967552923,-0.6539957277703132,0,Métal
0.19736193280974926,-1.3371645252824624,2,Verre
2.5873984910224466,-0.6799170796138541,2,Verre
-0.7395908917577229,-0.6705019460018466,0,Métal
-0.3298893579806388,0.6393065399927418,1,Plastique
-0.502001849600446,0.28472089832375613,0,Métal
-0.8713251338560306,1.6914978726018293,1,Papier
-0.44152113912458124,-1.3282764392511548,1,Plastique
1.3678273065043836,0.4529492414586933,2,Verre
2.270714526169941,-1.6362384517384296,2,Verre
-1.0900287906074508,-1.2687735103123474,1,Plastique
-0.39376152323495694,1.3255856502609051,0,Métal
-1.2176544357846049,-1.2512612102276697,1,Plastique
-0.4201083419121713,0.6595906585317526,1,Papier
-0.7961884866817304,-1.3001629994574309,1,Plastique
-0.5918248797704363,1.666757222350274,1,Papier
1.801829206663734,1.3934800692919647,2,Verre
-0.5902204699069805,0.6599252240835078,1,Plastique
-0.9754231408245537,1.381175040678073,0,Métal
1.079446688735241,1.4700155743226768,2,Verre
-0.26503385005150737,0.6351057674140164,1,Plastique
-0.3979835869839049,-1.3381662844720053,1,Plastique
-0.8291138071548492,-1.2857365243230154,1,Papier
-0.6673709938003433,-0.32153381910353396,1,Plastique
-0.8801971891831901,0.7029661043779425,1,Papier
-1.0018152473292163,-0.27945615188787865,1,Papier
-1.17853582471796,0.9270886444628139,3,Métal
-0.5918248797704363,1.666757222350274,1,Plastique
2.1126625033120265,-1.6216706243308945,2,Verre
1.1671816619573536,-0.523518842635381,2,Verre
-1.5128738443937677,-0.18915212222946343,1,Papier
-0.9242958020114177,-0.2844468133650271,1,Papier
2.1922612585419206,-0.6393434612885951,2,Verre
-1.1576259102034672,-1.5752121909156327,0,Métal
2.0776432612048863,-1.6193040939469543,2,Verre
-0.43768063658840417,0.6567471732734924,1,Plastique
-0.11173159429959972,0.27457456093175425,0,Métal
-0.7442946000125042,-0.3073251209091048,1,Plastique
-0.408602256992902,-1.339036266334321,1,Plastique
1.9850677368596998,0.3745587597853566,2,Verre
-0.6643127245059417,0.6679182897745586,1,Plastique
2.6574999638096544,1.2968869763126964,2,Verre
-0.6166129066161944,-1.3188596522892428,1,Plastique
-0.44244512782386536,1.649035911308497,1,Plastique
-0.6985970172426359,0.6836740750457933,1,Papier
-0.45298202051915193,1.6450355846658031,1,Plastique
-0.5989188244162456,1.3015493759120351,0,Métal
1.6736099820281718,0.4115698046284162,2,Plastique
-1.1078686685310757,-1.2643889728295428,1,Papier
2.2191815445005734,1.344000237463394,2,Verre
1.2688644201949224,-0.5342261844340008,2,Verre
-0.6385671180934785,1.6629560434136625,1,Plastique
-0.32682045555469197,0.6401491105484365,1,Plastique
-0.4777563540758115,0.6522589597767363,1,Plastique
1.664546084626264,-0.580203385484249,2,Verre
-1.0823542380847762,-0.27034071182100416,1,Papier
1.8746060188359834,-1.5940379919333376,2,Verre
-0.4358660211586852,-1.3331678085483492,1,Plastique
-0.5057549264555546,-0.6983304106236577,0,Métal
-0.8345958291784792,0.7009967300323241,1,Papier
-0.6267128703303623,-0.32189152332854154,1,Plastique
-0.7368642525756368,-0.30966123757918473,1,Plastique
1.6961141597596452,-0.5835470698328395,2,Verre
-0.8293340951930894,-1.2832300743209115,1,Papier
1.8229458407651402,1.395066245474662,2,Verre
-1.0509543339172827,-0.2690170360438653,1,Papier
-0.9461437484038446,0.7116296482616853,1,Papier
-0.5696721304528861,-0.32803520416114784,1,Plastique
-0.8094004487281377,-1.6096360895003647,0,Métal
-0.8164337466855252,-0.2933291909336464,1,Papier
1.4903947647951572,-1.556353801334604,2,Verre
-0.3984809632768396,1.327396766361103,0,Métal
-0.5156187584985831,-1.6399928559505643,0,Métal
2.322073224966372,0.337901266795098,2,Verre
-0.5459034416980083,1.6647125210044929,1,Papier
-0.723755578437331,-0.3118083915897183,1,Plastique
2.8000118927428934,0.28941165547176695,2,Verre
2.545065340345822,0.31389745340551434,2,Verre
-0.6985970172426359,0.6836740750457933,1,Papier
-0.7855977964578778,-0.30990447656552433,1,Plastique
-0.8195386945695512,1.6890052043446564,1,Papier
-0.5966167549706543,0.6755749618662061,1,Papier
-0.770269215946485,-0.3135566324303012,1,Plastique
-0.5022805821133287,1.646679611570905,1,Plastique
-0.5696721304528861,-0.32803520416114784,1,Plastique
-0.35943758552129446,1.6480871361186422,1,Papier
-0.7470627952057405,0.6849704901857507,1,Papier
0.007177788428238602,0.25992144217043234,0,Métal
-0.8617108853387647,-0.6483284271003908,0,Métal
2.2991045577964733,-1.6418870400595444,2,Verre
1.5928522845804658,-1.5686586134194358,2,Verre
-0.8244191906391864,-0.29556462239835857,1,Papier
-0.7540607968105223,-0.617851867592865,0,Métal
-0.5641841397549132,1.6551423059854329,1,Plastique
-0.46109229323729095,1.6476940279466359,1,Papier
-0.6232876075451097,0.3135044941613898,0,Métal
2.791742577783431,0.28796972545305555,2,Verre
-0.6122155522724698,1.6623069197639475,1,Plastique
0.19736193280974926,-1.3371645252824624,2,Verre
-0.7972420531857902,1.6790973380135295,1,Plastique
-0.417488868614752,-0.3454556183048081,1,Plastique
-1.1576259102034672,-1.5752121909156327,0,Métal
-0.4738055422238686,1.6485157430716744,1,Plastique
-1.076935660651512,-1.2629509202252367,1,Papier
-0.7754370669899355,-1.3001742216685126,1,Plastique
-0.6606316167998283,-0.31082147943975835,1,Papier
-0.4500063057720447,0.650129075716227,1,Plastique
-0.32676221020034935,0.6449668410056175,1,Papier
-0.6457135039392177,-0.319233495784913,1,Plastique
-0.5458513668226614,1.651518602091824,1,Plastique
-0.6535830398941834,-1.688312651022957,0,Métal
-0.6058452486517159,-1.321073298158198,1,Plastique
-0.8543722460075781,-1.6446108183092647,0,Métal
-0.9714321085669924,-0.2815466078433184,1,Papier
-0.6634010538004439,-0.32404934661175044,1,Plastique
0.8371077597954381,-0.45586528839161855,2,Verre
-0.430346929306026,-1.334343480711561,1,Plastique
1.5598327379185404,-0.5189362891523022,2,Verre
-0.28277209312301005,1.6261366546302274,1,Plastique
-0.5078904519938363,-1.671169142689112,0,Métal
0.0007383451702840382,0.2701021968854904,0,Métal
-0.9405251872373519,0.71168461158329,1,Papier
1.889939640410478,-0.6010207653939572,2,Verre
-0.3936037165974692,1.6438474430072836,1,Plastique
1.961950316591981,1.3718803032178484,2,Verre
1.684556058685523,-0.5778828434023814,2,Verre
-0.8763799226645685,1.6895197412768204,1,Plastique
-1.0556947493106912,-0.2751095908195371,1,Papier
-0.11674697902105977,-1.4044753439458042,1,Papier
-1.1384698552968686,-1.5958408232091355,0,Métal
-0.9537437255276902,-1.6462644630739456,0,Métal
-0.5458513668226614,1.651518602091824,1,Plastique
1.059835371358288,0.5162014854257295,2,Verre
-0.7396221019929395,-0.3054994973588214,1,Papier
-0.9513895129836989,-1.6396258057359911,0,Métal
0.1620581509379593,1.5808319466766447,1,Métal
-0.5458513668226614,1.651518602091824,1,Plastique
-0.7161334997112356,0.32602629440147535,0,Métal
1.2795095021835043,1.4485013883528801,2,Verre
-0.6326325498597457,0.32995710789617694,0,Métal
0.9139882373912858,-1.4948782594554126,2,Verre
-0.2793994474969379,0.6325629730006226,1,Plastique
-0.7492922120974896,1.684494740744196,1,Papier
-0.9707461943185319,-1.272653462755729,1,Papier
-0.7657662227688364,1.3356342290558432,0,Métal
-0.47776744276420513,0.6519413368015068,1,Plastique
-0.4935772964578494,0.32089257730932874,0,Métal
-0.5280579940536058,-1.678003210941433,0,Métal
-1.1149695769892027,-1.589762880363463,0,Métal
-0.9537437255276902,-1.6462644630739456,0,Métal
-0.5280579940536058,-1.678003210941433,0,Métal
-0.10090077464623654,1.6050075179029244,1,Plastique
-0.47865055706999404,0.6687620152483518,1,Papier
1.9466826675481546,-1.6093169731781596,2,Verre
2.3625501859496736,-1.653715562903939,2,Verre
-0.9504655831311739,-1.2731683939218656,1,Plastique
1.559177765468777,-1.5613040574076298,2,Verre
2.3576278670304176,-1.6478734718639807,2,Verre
-0.3065943185890948,0.6402536933979455,1,Plastique
-0.4179554232273607,-1.713596227994715,0,Métal
-0.9643692735250272,-0.6248563995325381,0,Métal
-0.9664767528455694,-1.2777206813134798,1,Papier
-0.9326589581896093,-0.2883066987745402,1,Papier
-0.5935427275666555,-1.3106001104219327,1,Papier
-1.4975495211168461,-0.19047263085370103,1,Papier
-0.5211687614705269,0.6546294790917846,1,Plastique
-1.0726662191785494,-1.2680181387829874,1,Papier
-0.4505750682470727,-0.34021528935310696,1,Plastique
-0.7176837303088315,-1.6430212082252742,0,Métal
0.39167703629237993,-0.3579680416997415,2,Verre
-0.9626290614354107,-0.2794272986548012,1,Papier
-0.24978023234143445,0.26738672115526385,0,Métal
-0.3525620444985742,1.635067972090179,1,Plastique
-0.27094402368333526,1.6269032635236764,1,Plastique
-0.545529405493546,-0.33139479027317287,1,Plastique
1.961950316591981,1.3718803032178484,2,Verre
2.0051697680262435,1.3674021043547147,2,Verre
-0.7145738377225688,0.6819361021128343,1,Plastique
-0.43002326835249294,-0.6625735302963766,0,Métal
-0.9122757026772939,0.704701675315843,1,Papier
-1.1576259102034672,-1.5752121909156327,0,Métal
0.4427731231991201,-0.4833494764245596,1,Verre
-0.4711982995800523,-0.7157404350018883,0,Métal
-0.4882488649756205,0.3351520239147392,0,Métal
-0.7176837303088315,-1.6430212082252742,0,Métal
-0.4993312798025754,-1.3283990466166926,1,Plastique
-0.9380689621039418,-1.6344479576647353,0,Métal
-0.3065943185890948,0.6402536933979455,1,Plastique
-0.6953317204851555,0.6767909569103583,1,Plastique
-1.0696463091719777,-0.2743131923415387,1,Plastique
-0.9869140241509068,-1.2728682401811735,1,Plastique
1.5145828372399135,-1.5546853767518218,2,Verre
-0.607697196255941,-1.3135287876170092,1,Plastique
-0.8452464575799087,-0.2969266729000186,1,Papier
-0.8308779584138954,0.6970960448291705,1,Plastique
-0.536261280965457,1.6626459890703698,1,Papier
-0.7617567452710687,0.3474040658426305,0,Métal
-0.45298202051915193,1.6450355846658031,1,Plastique
-0.9505105811518335,-1.6709447981934233,0,Plastique
-0.26768646676318375,-0.36109139623344233,1,Plastique
1.8356559472894907,0.3938051353127041,2,Verre
1.1671816619573536,-0.523518842635381,2,Verre
-0.5073998503447277,-0.3344160836841643,1,Plastique
-0.7328607932255031,-0.3011192799315856,1,Papier
-0.6583368553038791,-1.3128498435462306,1,Plastique
-0.8676137976537466,-1.2795363509679325,1,Papier
1.2477094403802969,1.4918098689150339,2,Verre
-0.6685672061453768,-1.6633755739856206,0,Métal
-0.5829919790365816,-0.64581959064274,0,Métal
2.2191815445005734,1.344000237463394,2,Verre
-0.43139868316682395,1.651476158313829,1,Papier
-0.43139868316682395,1.651476158313829,1,Papier
-0.5791041280904737,1.6664700087471267,1,Papier
-1.1602159756036554,-0.22612140754157029,1,Plastique
0.26872600438648775,-0.41777654513918483,1,Métal
-0.7292786056368712,-1.307351054211889,1,Plastique
-0.6967823718713505,-0.31164187424717116,1,Papier
-0.5790903201135489,-0.7138512372531521,0,Métal
-0.6946288714314617,0.6832463019301407,1,Papier
-0.9505105811518335,-1.6709447981934233,0,Métal
1.3686473673086872,-0.548187174403014,2,Plastique
-0.6188301736315099,-0.32101730106847803,1,Papier
-0.9942133883773274,-0.27894116420495996,1,Papier
-0.7825540279237578,-0.29730152029838286,1,Papier
-0.408602256992902,-1.339036266334321,1,Plastique
-0.6330166663505441,0.6695971168581083,1,Plastique
1.8093967968050289,1.3968349273885294,2,Verre
-1.0166884443119764,-1.266114541015213,1,Papier
1.818476703353801,1.3900864556138257,2,Verre
-0.6270210211519253,0.2834373525109317,0,Métal
-1.6455187364794044,-0.5340728587076813,0,Métal
-0.6037125500150741,1.6692515458497257,1,Papier
-0.4358660211586852,-1.3331678085483492,1,Plastique
-0.5074897625389596,1.2936708639194874,0,Métal
-0.8495158990528712,-0.2918594543422679,1,Papier
-0.16940075464475102,1.2903803775906681,0,Métal
-0.9555133835387105,-1.2736377450120757,1,Papier
-0.6174833381515717,-0.3136662663041836,1,Papier
-0.8329686118904299,1.6906194561121815,1,Papier
2.2651197940444767,0.34928378191713083,2,Verre
-0.9859258071794983,-1.2740411128879001,1,Plastique
-0.47697668022420725,-1.685439494001578,0,Métal
1.60261025296309,-0.5701921807617876,2,Verre
-0.9629589049276568,-0.2807624298434286,1,Papier
-0.743891543465902,-0.3004322788010707,1,Papier
-0.9321403197956872,-1.2830891874562156,1,Plastique
-1.1462923840975963,1.3682244939450772,0,Métal
-0.16143554860937206,0.23683360804677456,0,Métal
-1.0544235667893755,0.7181651843476857,1,Papier
0.7757993009816218,0.46250947147288946,1,Verre
2.978109084287743,0.26702546811631334,2,Verre
2.1872739511196087,-0.6372114794225792,2,Plastique
2.1447519555740904,1.354734446738904,2,Verre
1.1498498509187027,1.4652893552554203,2,Verre
1.1275898097315493,1.5564532142815948,2,Verre
-0.7663949228163751,0.6850727340196447,1,Plastique
1.8920227322568466,-0.6040059172838974,2,Verre
-0.5697857442442512,1.652360907987758,1,Papier
-0.9950084561539059,-0.2787676825507772,1,Papier
1.4657119905054667,-0.5558537543883324,2,Verre
-0.9942133883773274,-0.27894116420495996,1,Papier
2.1350407589120333,1.3551403783487947,2,Verre
-0.5459362921273851,1.6503057825094871,1,Papier
-1.107862753489285,-0.6094327500156691,0,Métal
-0.6122155522724698,1.6623069197639475,1,Plastique
1.175266689819234,1.4611040475877803,2,Verre
-0.44152113912458124,-1.3282764392511548,1,Plastique
-1.0509543339172827,-0.2690170360438653,1,Papier
2.1447519555740904,1.354734446738904,2,Verre
-0.751332236678703,0.6900377087435017,1,Papier
1.8454947045862538,0.3922446998255542,2,Verre
-0.5043856134523848,-1.3287473228688833,1,Plastique
-0.37543978060025096,-0.34980687454077564,1,Plastique
1.9580872148753636,0.37957458027434887,2,Verre
-0.3980454726865439,0.6451796043778566,1,Plastique
-0.14888412299756695,0.29707462920124983,0,Métal
-0.7668123773363635,-1.298787492739483,1,Plastique
0.2986545346626053,0.5373846135761531,1,Verre
-0.5459034416980083,1.6647125210044929,1,Papier
1.8454947045862538,0.3922446998255542,2,Verre
-0.5850386269032175,-0.6591656084673693,0,Métal
-0.6553465262312996,-0.318613470532064,1,Plastique
-0.3659438284510086,0.28419001508154307,0,Métal
-0.8629792230557105,-0.6427951036656834,0,Métal
-0.34320622843696413,0.638203318699597,1,Plastique
-0.668274883425219,1.6655471097559353,1,Papier
-0.8767284858254923,-1.2888511610681994,1,Plastique
0.7013666574267634,-0.4443698049781216,2,Verre
-0.5918248797704363,1.666757222350274,1,Papier
-0.9024479468198003,-1.2844662535847904,1,Papier
0.712951644866399,1.4721680274895002,1,Verre
0.04926524303937635,-1.3837974107211126,1,Métal
-0.6490528370595073,-0.6675255710352341,0,Métal
1.5484774867382316,-1.5623984740839731,2,Verre
0.8371077597954381,-0.45586528839161855,2,Verre
0.10878286961538083,-0.4310072653548893,1,Verre
-0.6910294162584709,-0.3059170423183164,1,Papier
1.8144619267744257,1.392593582577249,2,Verre
1.3268970557571251,0.4472313965106882,2,Verre
-0.2793994474969379,0.6325629730006226,1,Plastique
-0.36057663325426914,1.2814138318328443,0,Métal
1.9546287693916682,-0.6132949906282282,2,Verre
-0.6106094838331237,-1.6766120248540561,0,Métal
-0.6342267160319892,1.6722837469522134,1,Papier
-0.6583368553038791,-1.3128498435462306,1,Plastique
1.420936873135522,0.44164002093487653,2,Verre
-0.9537437255276902,-1.6462644630739456,0,Métal
10.002243731455538,-1.880950732080282,2,Verre
2.701078364298307,-0.6947605356837439,2,Verre
-0.8883081146121451,-0.28838103025012285,1,Papier
-0.584076983008122,-0.3283935472183279,1,Plastique
-0.5902204699069805,0.6599252240835078,1,Plastique
2.6061673411979376,1.3042611806989453,2,Verre
-0.36099434288719334,1.2686847815643463,0,Métal
-0.6418199338394378,-0.32011023314369424,1,Plastique
-0.17378544853894506,1.2415680161012401,0,Métal
1.5579931380796663,-1.558805382982399,2,Verre
1.763283513799607,-1.5919239407077521,2,Plastique
-0.318543103631164,0.6383448463916619,1,Plastique
1.7949101531629037,1.3885739110962263,2,Verre
-0.824316851528128,-0.30331035731474953,1,Papier
-0.3928908851649453,-1.7285590393590395,0,Métal
-0.48028854863331993,1.6467610255461664,1,Plastique
-0.8725396303436437,-1.2864830080451184,1,Plastique
-0.38916772616866224,1.6390594438568755,1,Plastique
-0.5478009872520146,-1.659644540315446,0,Métal
-0.7749705740813226,0.6942961371098344,1,Papier
2.1350407589120333,1.3551403783487947,2,Verre
-0.45862959225050826,1.2175517312736692,3,Métal
-0.3406990806487846,1.6357037313207952,1,Plastique
-0.43427903033790727,0.3217613421370711,0,Plastique
2.024847935217345,-0.6215576096827379,2,Verre
-0.6183659278775254,1.671238446787781,1,Papier
-0.48028854863331993,1.6467610255461664,1,Plastique
-0.6331834124381616,-0.3200307934711706,1,Plastique
-0.5179191258182173,1.6624030427274603,1,Papier
-0.592928360241521,1.6698642227179497,1,Papier
1.8222911860573263,0.39305065101139025,2,Verre
-0.40814189288454594,-1.3339367153639032,1,Plastique
-0.7659075034250775,-0.3085021775107124,1,Plastique
-1.105460177415803,-0.2657016380221682,1,Papier
-0.591136187519028,1.286484374404808,0,Métal
-0.5306667287097865,-0.6862696924120323,0,Métal
-0.8713251338560306,1.6914978726018293,1,Papier
1.8889655951417774,0.39000794471675215,2,Verre
-1.3149057794683459,0.7800874105526254,1,Plastique
-0.6890362852654561,1.6810841023337189,1,Papier
1.0960213866734227,1.5034777429031532,2,Verre
-0.31338569645877634,-1.7150469153220715,0,Métal
-0.8031894269860695,1.3192385087418208,0,Métal
-0.8071332057609095,-1.641667508996277,0,Métal
0.5993551937231663,1.4897981053661875,1,Verre
-0.8128231224418527,0.6991259173933064,1,Papier
-0.9789241436265078,-1.280454885717953,1,Plastique
-1.0997877713506103,-1.259396747417475,1,Plastique
-0.771675763699287,0.6943567563308817,1,Papier
-0.5829919790365816,-0.64581959064274,0,Métal
2.0007757191057327,0.3816124479111056,2,Verre
-0.6890362852654561,1.6810841023337189,1,Papier
-0.9973080255112141,-0.28306332038022686,1,Plastique
-0.5300508875472482,0.6543109357952803,1,Plastique
-1.0938564207058368,-0.26591822825925937,1,Papier
-0.5369925760977691,1.658687867543385,1,Papier
-0.3102799174888371,1.6344277185091058,1,Plastique
-0.8575849550135124,0.34271803878750884,0,Métal
-0.9384640914993079,-1.289033601213846,1,Plastique
-0.22583173038107035,1.2629176037024015,0,Métal
-0.5211687614705269,0.6546294790917846,1,Plastique
1.8879009322180855,-0.6082201637877094,2,Verre
-0.4234608262860532,-1.3405125386047834,1,Plastique
-0.6208092614869715,-0.3257174302379293,1,Plastique
-0.7123064351617717,1.6763697079118052,1,Papier
-0.11173159429959972,0.27457456093175425,0,Métal
-0.577632913181487,-1.638072795079811,0,Plastique
-0.5895242337955309,1.6672896689838546,1,Papier
-0.5791041280904737,1.6664700087471267,1,Papier
-0.4738055422238686,1.6485157430716744,1,Plastique
-0.6534133585489156,-0.6527505434056451,0,Métal
-0.8379853401162072,-1.2885489318276224,1,Papier
0.12319426011146314,-1.3932852247557976,1,Métal
-0.8441166648015376,-1.2921811042578017,1,Plastique
-0.2843151723862761,0.6354961921033759,1,Plastique
-0.5836553086860149,0.6653782929620478,1,Plastique
1.8937117888014905,0.38983691641136153,2,Verre
-0.4500063057720447,0.650129075716227,1,Plastique
-0.494384291494827,0.3345246839899656,0,Métal
2.1350407589120333,1.3551403783487947,2,Verre
2.1126625033120265,-1.6216706243308945,2,Verre
1.530748679446015,-1.55576421612674,2,Verre
-0.4802064753544676,-0.3334953626659929,1,Plastique
-1.107862753489285,-0.6094327500156691,0,Métal
2.9658320686982704,0.2727252364467474,2,Verre
-0.7272500706656218,0.29423373588449264,0,Métal
-0.5649266500457416,0.66157153873926,1,Plastique
-0.8676137976537466,-1.2795363509679325,1,Papier
-0.8759277477102276,0.6978988858201916,1,Papier
-0.6855903661844034,1.6667694354137732,1,Plastique
1.5301662137504262,-1.5599131610304688,2,Verre
1.818476703353801,1.3900864556138257,2,Verre
-1.1462923840975963,1.3682244939450772,0,Métal
-1.0165031840070615,0.7164318128188472,1,Papier
-0.7176837303088315,-1.6430212082252742,0,Métal
2.4035173275804045,0.3302349312020665,2,Verre
-0.5073998503447277,-0.3344160836841643,1,Plastique
2.403964097061919,0.33176721109469365,2,Verre
-0.8804638270825674,-0.30020586238148317,1,Plastique
-1.0556947493106912,-0.2751095908195371,1,Papier
-0.6003315866422831,1.347916399805542,0,Métal
-0.6106094838331237,-1.6766120248540561,0,Métal
-0.7701255952448721,-0.3123228508570872,1,Plastique
-0.7701255952448721,-0.3123228508570872,1,Plastique
-0.39168068360341,1.2757039797342518,0,Métal
-0.43582717583011044,0.6511248666717322,1,Plastique
-1.0165031840070615,0.7164318128188472,1,Papier
-0.42868795650322233,-0.3424382701769557,1,Plastique
-0.4737172964996498,-0.3360551567022154,1,Plastique
-0.5211687614705269,0.6546294790917846,1,Plastique
-0.6360481566948296,0.35199946351770284,0,Métal
-0.39887070883872566,-1.7232888652159435,0,Métal
-0.8301868976490008,-1.2860714468988788,1,Papier
-0.5749213587811339,1.3282261250945437,0,Métal
-0.7903431438553862,1.6861172835081912,1,Papier
-0.81462377762891,-1.2984347096915831,1,Plastique
-0.9681289126151577,-1.2704617792583945,1,Papier
-1.1545672592845366,-0.6947236540772534,3,Plastique
-0.7131138815819223,1.2967320385525174,0,Métal
-0.8880488644838858,0.699642130206193,1,Papier
1.684556058685523,-0.5778828434023814,2,Verre
1.8052017804011071,-1.5861502688732896,2,Verre
-0.6910294162584709,-0.3059170423183164,1,Papier
-0.23389759288757397,-0.3655318976757316,1,Plastique
-0.5478009872520146,-1.659644540315446,0,Métal
-0.15849190605943303,1.6154838103292783,1,Plastique
-0.7472379485356221,-1.6376828701051025,0,Métal
-0.866294701108097,-1.2908449552366668,1,Papier
-0.6687406987834634,0.6742767460623533,1,Plastique
2.0861977566403347,0.3639185314538098,2,Verre
-0.8510821445728516,-1.2886994066321646,1,Papier
2.3625501859496736,-1.653715562903939,2,Verre
-0.8128231224418527,0.6991259173933064,1,Papier
-0.40939130879904506,-0.34731096067895817,1,Plastique
-0.8713251338560306,1.6914978726018293,1,Plastique
0.9174471901699663,0.5284150406357633,2,Verre
-0.2774901341315405,1.6281230045776514,1,Plastique
-0.5864957990422932,0.2961040289807684,0,Métal
-0.5746749219786876,1.3258625518093579,0,Métal
-0.44592675040826857,0.3063580880791359,0,Métal
2.154073220007338,-1.62583204501358,2,Verre
-0.23702353377255223,0.6345991596893394,1,Métal
1.5390889577769842,1.430488915198721,2,Verre
-0.5966167549706543,0.6755749618662061,1,Papier
3.1593232695156743,0.24955025389694274,2,Verre
-0.4784966986762519,0.6559505078270516,1,Plastique
-0.2934254539091693,-1.3509214569717458,1,Plastique
-0.5194461019745802,-0.3360807287161769,1,Plastique
-0.6222683542139237,-0.32412103590877384,1,Plastique
1.5167180488709628,-1.5515997824707526,2,Verre
-0.7712695887339711,-1.6624494101180352,0,Métal
1.7266374601260739,0.4090511640884986,2,Verre
-0.7460944221948909,-0.2998681097069418,1,Papier
-0.5334518987796643,1.3390273148122247,0,Plastique
-0.15716610713640955,0.23176638948902384,0,Métal
-0.5734202261206166,-0.3311226617034586,1,Plastique
-0.32759114043486937,0.6402698477964741,1,Plastique
-0.8883081146121451,-0.28838103025012285,1,Papier
-0.8383555856085874,0.6992872146016584,1,Papier
-0.8244191906391864,-0.29556462239835857,1,Papier
-0.7849852709451784,1.6806313677816285,1,Plastique
-0.5915441521466194,-0.3254323436093127,1,Plastique
-0.522283346187278,0.33910273221258525,0,Métal
-0.48873781039086317,-0.3322274592270069,1,Papier
-0.6208092614869715,-0.3257174302379293,1,Plastique
-0.5381612362726091,1.6521813041353044,1,Plastique
-0.7091415088923221,-0.3036212885489602,1,Papier
1.8635783215820534,0.39989340672846985,2,Verre
-0.11380816864364854,1.1435260472480253,3,Verre
2.064975168829211,0.3695367347888536,2,Verre
2.1624706678296293,0.3596702825439049,2,Verre
-0.22959540555873514,1.6277457645786833,1,Papier
-0.5129871267120466,1.6534279725650605,1,Plastique
-0.887071139087408,0.7013180144518276,1,Papier
-0.4165252101335202,1.643853648405422,1,Papier
1.2402619828756398,-1.5180340982605962,2,Verre
-0.4720287853633339,-0.7135315179961648,0,Plastique
0.46305961366971604,1.5477813020069473,1,Métal
-0.9505105811518335,-1.6709447981934233,0,Métal
-0.6944689982116934,0.6819750348486189,1,Papier
-0.6552091385660138,-0.31023106045888604,1,Plastique
1.684556058685523,-0.5778828434023814,2,Verre
-0.824579948150941,-0.2919002800282686,1,Papier
-0.7442946000125042,-0.3073251209091048,1,Plastique
2.055191447665156,0.3690077398261917,2,Verre
-0.9058031883644928,-0.6253848843665007,0,Métal
-0.6894178850682565,1.3530136570705074,0,Métal
-0.9030287090365763,-0.6733711965485272,0,Métal
-0.5755140193878766,-0.320413741044812,1,Papier
2.8880699782238284,1.2784233877395705,2,Verre
2.4299865495963053,-1.6540119413099794,2,Verre
-0.6935936780877673,1.6782792544572198,1,Papier
-0.8273096540329419,0.7007851726700844,1,Papier
2.403964097061919,0.33176721109469365,2,Verre
0.011356252912694237,1.5952792694601314,1,Plastique
-0.44244512782386536,1.649035911308497,1,Plastique
-0.8758748154397742,-1.2884274646008638,1,Plastique
-0.40920917157802084,1.63661970435863,1,Plastique
-0.9259873952338143,-1.2784171893482883,1,Papier
-0.430346929306026,-1.334343480711561,1,Plastique
2.089927259648426,-1.618167165126803,2,Verre
-0.771675763699287,0.6943567563308817,1,Papier
-0.5057549264555546,-0.6983304106236577,0,Métal
-0.2852994725588244,0.6348134774850658,1,Plastique
-0.7064128064952109,0.6871467387900985,1,Papier
1.8213425066903461,0.39498820741542606,2,Verre
-0.8443622891298533,-1.6035500570543375,0,Métal
-0.7262296866953358,-0.6257897008093831,0,Métal
1.9109325219846722,0.3888753402250862,2,Verre
2.7729657930255653,1.2825756009002942,2,Verre
-0.7811279081252506,1.6848000637808969,1,Papier
-0.8998272402663612,-0.28590502874368773,1,Papier
-0.9960149815468511,-0.2824412248480932,1,Papier
11.287207789524809,-3.0711372776240915,2,Verre
-0.7712695887339711,-1.6624494101180352,0,Métal
1.8388006927506912,1.3882215211805329,2,Verre
-0.3525620444985742,1.635067972090179,1,Plastique
-0.4081008283935671,1.6557108305443637,1,Plastique
-0.9681289126151577,-1.2704617792583945,1,Papier
-0.32682045555469197,0.6401491105484365,1,Plastique
-0.31745230241567934,0.6339173072911544,1,Verre
-0.7945552240873017,-0.29857838873646947,1,Papier
-0.9629589049276568,-0.2807624298434286,1,Papier
2.082071645927091,0.3701216464793118,2,Verre
-0.6088071939829125,-1.3191543651194089,1,Plastique
-1.2673284499065915,-1.2443424236295801,1,Papier
7.752446912342635,-2.55884491014372,2,Verre
-0.9774493558847646,-0.27932027052738295,1,Papier
1.4358448999528644,1.431787135807822,2,Verre
-0.5851167175389501,0.6741415747354182,1,Papier
0.8371077597954381,-0.45586528839161855,2,Verre
-0.45862959225050826,1.2175517312736692,3,Métal
1.2222132645451456,0.5015657335295436,2,Verre
-0.9787670610393531,-0.2877323125341362,1,Plastique
-0.23107094699315517,1.6234956736300863,1,Plastique
1.829576436685831,-1.590007432376696,2,Verre
-0.4794034573313952,1.6425134609735734,1,Plastique
-0.26265836551913413,-1.7105391816735334,0,Métal
1.9053729294871782,-1.1133417914593096,0,Métal
1.7422379481123769,1.3988891688626837,2,Verre
-0.7583593898401534,-1.2899560985989769,1,Papier
-0.2920804270952586,0.6396123721743143,1,Plastique
2.208798995212381,-0.6337516621535756,2,Verre
2.8000118927428934,0.28941165547176695,2,Verre
-0.8784526041189954,-0.29068621072658796,1,Plastique
1.3181849074584269,-0.5410019564110311,2,Verre
-0.5596017237227476,0.2797873499673651,0,Métal
-0.9929043261675916,-1.2684211465050297,1,Papier
-0.5704054805057251,1.320795333251607,0,Métal
-0.8308779584138954,0.6970960448291705,1,Papier
-0.6317787152218671,0.34693224495995234,0,Métal
-0.8229512834394771,-0.2910804044443127,1,Papier
-0.7754229105233428,-0.3012692860942763,1,Papier
-1.1357331257606582,-1.2584020787639296,1,Plastique
-0.30346519001769695,1.3102396102988145,0,Métal
-0.5156187584985831,-1.6399928559505643,0,Métal
-0.36926951963667665,1.3026776879937139,0,Métal
1.5598327379185404,-0.5189362891523022,2,Verre
-0.8617595766569339,-0.29001438895548537,1,Papier
1.4090172859008185,0.48603557202727443,2,Verre
-0.5141225396679274,-0.32368215961396407,1,Papier
-0.849354223719224,-1.6628074430014814,0,Métal
0.6326550481272494,-0.43777214503797857,2,Verre
-0.8345958291784792,0.7009967300323241,1,Papier
0.7807904946840283,0.5118079714877404,2,Verre
-0.26265836551913413,-1.7105391816735334,0,Métal
2.3548946713852223,0.33954808219437194,2,Verre
-0.540361053327665,1.657188152240421,1,Papier
2.7568772177192047,1.2864159342162742,2,Plastique
-0.6076525822413896,-0.32315873588180133,1,Plastique
-0.7778789225572764,-0.2978285929846807,1,Papier
-0.009807300414494069,0.26418987546991746,0,Plastique
-0.7572751672947274,-0.30334292307326827,1,Papier
-0.2955699020262459,0.6355446151322173,1,Plastique
-0.3153810559680169,0.6378504463972632,1,Plastique
-0.5990822501053771,0.668432866535688,1,Papier
-0.5427850027073725,-0.33225934092176423,1,Plastique
-0.3223661791079244,0.30574257842265906,0,Métal
2.545065340345822,0.31389745340551434,2,Verre
-0.7961884866817304,-1.3001629994574309,1,Plastique
1.984695796858197,0.37357136486004117,2,Verre
2.357358005311352,1.3342716584061416,2,Verre
-0.5273049279654639,1.6511274877161959,1,Plastique
-0.6368575274198905,-1.3106157314791804,1,Papier
-0.483577174057758,-0.32553189681030137,1,Papier
-0.9303947069793291,-1.277791557378103,1,Papier
-0.5836553086860149,0.6653782929620478,1,Plastique
-0.318543103631164,0.6383448463916619,1,Plastique
-0.6338896103063858,-0.3249078659013238,1,Plastique
1.5345042785335,-1.560221577004525,2,Verre
1.3401994415008542,0.4485840580423761,2,Verre
0.7669199047752203,0.08270421261153982,3,Verre
-0.8141736240100425,-0.291423848808094,1,Papier
1.5258147018444035,0.4279786126876226,2,Verre
-0.8912977526623647,0.3147451630770264,0,Métal
-0.4195093913200536,0.2567246239801133,0,Métal
-0.7572751672947274,-0.30334292307326827,1,Papier
-0.6222743013325562,-1.689686163365501,0,Métal
2.1818285195759266,1.3509252880223037,2,Verre
-0.3793805670301154,-1.7193965813189465,0,Métal
-1.111478982213392,-1.2612775879810538,1,Papier
-0.8763799226645685,1.6895197412768204,1,Plastique
1.9502232557096577,0.38652065344392117,2,Verre
-0.9159015157911741,0.7054284193010363,1,Papier
0.449595222061866,0.5116730115099377,1,Papier
-0.8087623630337011,-1.2884030909100204,1,Papier
-0.45503993388718744,-0.3378067397276032,1,Plastique
-0.8056250528621177,1.6884097158920828,1,Papier
-0.7183757782758152,-0.635430529626668,0,Métal
-0.9504655831311739,-1.2731683939218656,1,Papier
2.4035173275804045,0.3302349312020665,2,Verre
-0.48971070418027396,1.6532389801577405,1,Plastique
-0.3662536169582373,1.6322456925065618,1,Plastique
-0.814427594115735,-0.6776217314846734,0,Métal
-0.4310168167202475,-1.3364779486316878,1,Plastique
-0.41874485388741556,-0.3439649427861935,1,Plastique
-0.8291138071548492,-1.2857365243230154,1,Papier
-0.8231936299591222,-1.6257834801160276,0,Métal
-0.45756960056221996,-0.6844118733903475,0,Métal
-1.0018152473292163,-0.27945615188787865,1,Papier
-0.6583368553038791,-1.3128498435462306,1,Plastique
-0.6745879687167446,0.6835134527694191,1,Papier
-0.4559483463508388,-0.3360799590143184,1,Plastique
2.664274096239459,-0.6892583871504951,2,Verre
-0.8208016190232102,1.6894422954303472,1,Papier
2.978109084287743,0.26702546811631334,2,Verre
-0.37872218280840253,1.640596132709425,1,Papier
0.007177788428238602,0.25992144217043234,0,Métal
-0.05560415731325985,1.2468801544894885,0,Métal
-0.6497023090243648,-0.31973082205408687,1,Plastique
1.8304820614261557,0.3999458004625611,2,Verre
1.9502232557096577,0.38652065344392117,2,Verre
-0.3354946961298634,1.6321718696840157,1,Plastique
-0.9337461989282465,-1.274994517275454,1,Papier
-0.7855977964578778,-0.30990447656552433,1,Plastique
-1.3063636470550246,0.9381036654045742,3,Métal
-0.7754370669899355,-1.3001742216685126,1,Plastique
1.7191249366240602,0.41660666644988575,2,Plastique
-0.9754615174084789,-0.28075778336523505,1,Papier
-0.43666390633588326,0.26244320978989855,0,Métal
-0.6855903661844034,1.6667694354137732,1,Plastique
-0.6698632434922048,-0.6551971706281741,0,Métal
-0.7123064351617717,1.6763697079118052,1,Papier
2.1845598060478246,1.3479492105102102,2,Verre
-0.36057663325426914,1.2814138318328443,0,Métal
-0.49394835437346085,-0.3337272573348393,1,Plastique
-0.18662163522728886,1.301263521057493,0,Métal
-0.5932505051247486,1.667584181909682,1,Papier
-0.7262296866953358,-0.6257897008093831,0,Métal
2.7755246397487245,0.2901916138925098,2,Verre
-1.1782107313687327,-1.2588082977826176,1,Papier
-0.6553465262312996,-0.318613470532064,1,Plastique
-0.6319644040301963,1.2996722839584043,0,Métal
-0.3770955409609996,1.2664239081116915,0,Métal
-0.4310168167202475,-1.3364779486316878,1,Plastique
1.8356559472894907,0.3938051353127041,2,Verre
1.3922484581717265,-0.5485207285851648,2,Verre
-0.2955699020262459,0.6355446151322173,1,Plastique
-0.6553465262312996,-0.318613470532064,1,Plastique
-0.3936037165974692,1.6438474430072836,1,Plastique
1.7434020530072873,0.4031496404808137,2,Verre
1.3775671088102486,0.4490205180213165,2,Verre
0.06817508678844292,-1.3847179070047948,1,Métal
-0.9337461989282465,-1.274994517275454,1,Papier
-0.9030287090365763,-0.6733711965485272,0,Métal
-0.635693988583889,0.6816596436414801,1,Papier
0.5035093143290797,1.5046167503488166,1,Verre
2.3548946713852223,0.33954808219437194,2,Verre
1.829576436685831,-1.590007432376696,2,Verre
-0.502001849600446,0.28472089832375613,0,Métal
-0.8195386945695512,1.6890052043446564,1,Papier
1.984695796858197,0.37357136486004117,2,Verre
2.180024288492194,-0.6375370997647691,2,Verre
2.4599898690705952,0.32895190974438115,2,Verre
-0.2439986610196277,1.2774881360884824,0,Métal
-1.0733703593164705,-1.2617404157814123,1,Papier
-0.36926951963667665,1.3026776879937139,0,Métal
-0.540361053327665,1.657188152240421,1,Papier
-1.0668302785946435,-0.27553723600231406,1,Papier
-0.43582717583011044,0.6511248666717322,1,Plastique
-0.07433351635067789,0.5846987457291049,1,Papier
1.6698618268801273,0.4160183306109777,2,Verre
2.440558517315604,-1.6600404516175498,2,Verre
-0.30300233970257684,1.6283170549337818,1,Plastique
-0.36926951963667665,1.3026776879937139,0,Métal
1.0556726365464602,0.5211420583842934,2,Verre
-0.5022805821133287,1.646679611570905,1,Plastique
-0.5982773190555647,-0.33086437060623464,1,Plastique
-0.9405251872373519,0.71168461158329,1,Papier
-0.42809710828036684,-1.3333040935424407,1,Plastique
-0.7451685835286328,0.687543619890939,1,Papier
-0.3770955409609996,1.2664239081116915,0,Métal
1.2402619828756398,-1.5180340982605962,2,Verre
-0.9122757026772939,0.704701675315843,1,Papier
2.2191815445005734,1.344000237463394,2,Verre
1.963826942654217,-1.6020870208147786,2,Verre
-0.540361053327665,1.657188152240421,1,Papier
1.3910454959953222,1.4373193096580053,2,Verre
2.6810335234940688,-1.6811610670806407,2,Verre
-0.8535573673594399,-0.6591311736772946,0,Métal
-0.5074897625389596,1.2936708639194874,0,Métal
2.322073224966372,0.337901266795098,2,Verre
-0.32814448521662204,1.6378862905823934,1,Plastique
1.3214584152551279,1.4480531290999659,2,Verre
-0.7714781113134025,1.68551007699366,1,Papier
1.4898240360586694,-1.5499432488124067,2,Verre
-0.5775251724738499,-0.3281206332176212,1,Plastique
2.4118337319147094,-0.6612966664471865,2,Verre
-0.6652033515508396,-0.3170212889595454,1,Papier
-0.08087501292678881,-0.749034957572452,0,Métal
-0.7811279081252506,1.6848000637808969,1,Papier
-0.16940075464475102,1.2903803775906681,0,Métal
-1.0509543339172827,-0.2690170360438653,1,Papier
-1.0733703593164705,-1.2617404157814123,1,Papier
-0.5251361569373165,1.6532127365262663,1,Papier
-0.6954711752498567,1.6720510737719592,1,Papier
-0.4162457037096573,1.6359278521808338,1,Plastique
-0.318543103631164,0.6383448463916619,1,Plastique
2.055191447665156,0.3690077398261917,2,Verre
-1.1979056552266514,-1.2547925394775914,1,Plastique
-0.6451741253002613,-1.3140839757241145,1,Plastique
2.1126625033120265,-1.6216706243308945,2,Verre
-0.17110145519075942,-0.72482150105017,0,Métal
2.444954401089233,1.3229200290320524,2,Verre
-0.8094004487281377,-1.6096360895003647,0,Métal
-0.6385080760436705,1.662885968915073,1,Plastique
-0.9754231408245537,1.381175040678073,0,Métal
-0.7873523739339721,0.30945447840582596,0,Métal
1.8105928495881995,0.39579165549753736,2,Verre
-0.5141316181685023,0.6535270241997944,1,Plastique
-0.8543722460075781,-1.6446108183092647,0,Métal
-0.7498021612368937,-0.3082475236046376,1,Plastique
1.8889655951417774,0.39000794471675215,2,Verre
-0.8511021448367233,-0.2946443700309358,1,Papier
-0.5492435773894538,1.6575728345143224,1,Papier
-0.7107687131331943,-0.3103513658982251,1,Plastique
0.6629302567685567,-0.5174775693302126,1,Verre
1.6369561573533067,-0.5739038379406174,2,Verre
-0.0577177355357302,-1.3855719517743401,1,Verre
-0.9681289126151577,-1.2704617792583945,1,Papier
-0.7903431438553862,1.6861172835081912,1,Papier
-0.46777689533108413,1.6411547330310647,1,Plastique
-0.5891839924816129,-0.32357193510854065,1,Plastique
-1.1910232253474509,-1.2486971518323253,1,Papier
-0.5075084705360261,1.657303714949853,1,Plastique
-0.8427751323509718,0.6941385249220031,1,Plastique
-0.3319342642455402,1.6358594633296895,1,Plastique
-0.9047623424550013,-1.2833948879178205,1,Plastique
0.35121012824363385,0.5292460668103576,1,Verre
-1.1565823119835485,-1.6031114153625903,0,Métal
-0.19711933104950652,-1.3575436692837097,1,Métal
1.722032552698261,-1.580090642968768,2,Verre
1.6035598680518677,1.4124455671929457,2,Verre
-1.2582116448298073,-0.6499058005050623,0,Métal
2.0942612656334982,0.3699295301104877,2,Verre
-0.8638774017244396,-1.295752573298001,1,Plastique
0.8851130794520126,-0.4955422728234552,2,Verre
-0.4217043929240377,1.6362990415730783,1,Plastique
-0.7588826194367508,0.6929029862434877,1,Papier
-0.6430391021096348,-0.3259223301803016,1,Plastique
-0.5709971298512322,-0.3147720568227519,1,Papier
2.0235108375509574,0.3724466144486678,2,Verre
2.549388664222595,1.3161035446697202,2,Verre
-0.6183659278775254,1.671238446787781,1,Papier
-0.8423353881702469,-0.2952353036821269,1,Papier
1.4092262587686393,-0.5531122799531861,2,Verre
-0.8164437643495444,-1.6453785086017096,0,Plastique
-0.38188281054468043,-1.3423704096186062,1,Plastique
-1.4146072258231073,-1.1887716929327505,1,Plastique
-0.6997855399498616,-0.31960920109039326,1,Plastique
1.8093967968050289,1.3968349273885294,2,Verre
1.3330060064087725,0.4581955223303247,2,Verre
-0.6534133585489156,-0.6527505434056451,0,Métal
-0.45298202051915193,1.6450355846658031,1,Plastique
-0.7778789225572764,-0.2978285929846807,1,Papier
0.7673949052723407,-0.4855021791289731,2,Verre
-1.0429534762885118,-0.27262732514511545,1,Papier
-0.6583368553038791,-1.3128498435462306,1,Plastique
-0.9369283996625718,-0.28323948021678946,1,Papier
-1.1384698552968686,-1.5958408232091355,0,Plastique
1.5432437787256605,-0.5635357803355695,2,Verre
-0.22783356389538706,1.621099366641004,1,Plastique
-0.2387401612475626,1.622526895076257,1,Plastique
-0.35101139509137813,1.6423687118051336,1,Papier
1.4218894340917716,-0.5615914095839692,2,Verre
-0.3740434451396354,-0.7331879073772938,0,Métal
-0.6445036876614609,0.6831496162174668,1,Papier
-0.704636785383721,-0.629637418032313,0,Métal
1.8213425066903461,0.39498820741542606,2,Verre
-0.5779198846397141,0.6657752088656761,1,Plastique
-0.5271037432931641,1.6473868132906306,1,Plastique
0.8833852397271555,-1.4923624901834462,2,Verre
2.167952989402863,-0.6334951416559351,2,Verre
-0.21086873214483284,-0.36623407682310805,1,Métal
1.5145663380480643,0.430343106699012,2,Verre
-0.33206083885165144,1.6324631262872231,1,Plastique
-1.4975495211168461,-0.19047263085370103,1,Papier
-0.7646082430115468,0.6928387560377802,1,Papier
1.9970944609918844,-0.6128493934625783,2,Verre
-0.7144308683465708,0.36184514181292204,0,Métal
-0.6445036876614609,0.6831496162174668,1,Papier
-0.5152987721423661,0.6745034080629086,1,Papier
-0.5536037742362334,1.654137851560509,1,Plastique
-0.9261332986312321,0.708204949189642,1,Papier
0.0007383451702840382,0.2701021968854904,0,Plastique
2.2529318915755487,-0.6432506558745413,2,Plastique
-0.3770955409609996,1.2664239081116915,0,Métal
-0.7754229105233428,-0.3012692860942763,1,Plastique
-0.3827133768549864,1.6431621795211513,1,Papier
-1.107862753489285,-0.6094327500156691,0,Métal
-0.7405932848105957,-0.311766582996865,1,Plastique
-0.9681289126151577,-1.2704617792583945,1,Plastique
-0.43582717583011044,0.6511248666717322,1,Plastique
-0.704636785383721,-0.629637418032313,0,Métal
1.2856438715725031,-0.5399817727593726,2,Verre
-0.34508984980896285,1.3126984837748827,0,Métal
-0.825971760331661,0.31748165791555527,0,Métal
-0.9054697735823606,-1.6377070694882823,0,Métal
-0.7492922120974896,1.684494740744196,1,Papier
-0.5559892807782659,1.6650365018026776,1,Papier
-0.4559243086079646,-1.3321830428581158,1,Plastique
-0.7688488688971327,-0.3019133888387413,1,Papier
2.8000118927428934,0.28941165547176695,2,Plastique
0.9547798899079625,-1.4939069173578658,2,Verre
-0.4107236473522221,-0.688390219116046,0,Métal
-0.26768646676318375,-0.36109139623344233,1,Plastique
-0.6362338455031588,1.3047395025161552,0,Métal
1.6961141597596452,-0.5835470698328395,2,Verre
-0.8917796922076858,-1.2795928189938135,1,Papier
-0.6267128703303623,-0.32189152332854154,1,Plastique
-0.6745879687167446,0.6835134527694191,1,Papier
2.1126625033120265,-1.6216706243308945,2,Verre
-0.6859086164068178,-0.6393062524421322,0,Métal
1.7422379481123769,1.3988891688626837,2,Verre
-0.8923183059568482,0.7047093487639435,1,Papier
-0.7383720964206539,0.6823487804112263,1,Plastique
-0.2302116918634931,1.2626901010152138,0,Métal
-0.5851167175389501,0.6741415747354182,1,Papier
-0.9259873952338143,-1.2784171893482883,1,Papier
-0.8998272402663612,-0.28590502874368773,1,Papier
-0.7395664471743089,-0.3064541177009159,1,Plastique
-0.6535830398941834,-1.688312651022957,0,Métal
-0.40814189288454594,-1.3339367153639032,1,Plastique
-0.5536037742362334,1.654137851560509,1,Plastique
-0.4579574629232004,-0.3344767585849213,1,Plastique
2.9658320686982704,0.2727252364467474,2,Verre
-0.771675763699287,0.6943567563308817,1,Papier
-0.5918248797704363,1.666757222350274,1,Papier
-0.794061225358277,-1.6986892027121656,0,Métal
-0.7646082430115468,0.6928387560377802,1,Papier
1.8213425066903461,0.39498820741542606,2,Verre
-0.6944689982116934,0.6819750348486189,1,Papier
2.1126625033120265,-1.6216706243308945,2,Verre
2.444954401089233,1.3229200290320524,2,Verre
-0.5749213587811339,1.3282261250945437,0,Métal
-0.7329207488240747,-1.3049949686571984,1,Plastique
-0.5274386471982865,-0.3215960278899035,1,Papier
1.8920227322568466,-0.6040059172838974,2,Verre
-1.105460177415803,-0.2657016380221682,1,Papier
-1.043202357668781,-1.2670803857262245,1,Papier
-0.8291138071548492,-1.2857365243230154,1,Papier
2.1433016338907427,-0.6302764793808754,2,Plastique
-0.2387401612475626,1.622526895076257,1,Plastique
1.984695796858197,0.37357136486004117,2,Verre
-0.6621295087370603,-1.637130357848037,0,Métal
-0.37077064392260195,0.6409329622612134,1,Plastique
-0.9461437484038446,0.7116296482616853,1,Papier
-0.7903431438553862,1.6861172835081912,1,Papier
-0.5492435773894538,1.6575728345143224,1,Papier
2.4102399490281594,1.3306720885612238,2,Verre
0.41992622924854495,-1.476457353005352,1,Verre
-0.8784526041189954,-0.29068621072658796,1,Plastique
-0.5755662794990479,1.293054496533397,0,Métal
-0.4379414076174276,0.6493293298804923,1,Plastique
-0.5198416008519738,0.6690991068795114,1,Papier
-0.7663949228163751,0.6850727340196447,1,Plastique
-0.45248101459381695,-0.344374966468014,1,Plastique
-1.064466232979769,-0.6244454705004102,0,Métal
-0.6627043288358969,0.3610713614060357,0,Métal
-0.536261280965457,1.6626459890703698,1,Papier
-0.7769506488854385,0.6937197732257989,1,Papier
1.2570449605045728,-1.6114630118473545,2,Plastique
0.9174471901699663,0.5284150406357633,2,Verre
-0.7811279081252506,1.6848000637808969,1,Plastique
1.207861827764935,0.459037527700628,2,Verre
-0.5904971625965353,-0.33157099791026146,1,Plastique
-0.9405251872373519,0.71168461158329,1,Papier
1.922182698397696,-1.5992995511424617,2,Verre
-1.063049170962041,0.7566575160314957,1,Plastique
-0.6766482993078253,-0.6340564007859417,0,Métal
-0.5334239878953215,-0.711899445730435,0,Métal
-0.6194501508288921,-0.6436761913604808,0,Plastique
-0.44592675040826857,0.3063580880791359,0,Métal
0.7617326084062116,1.4631975283262963,1,Verre
-0.6542576628625004,1.6729194244836265,1,Papier
-0.9774493558847646,-0.27932027052738295,1,Papier
-0.6106094838331237,-1.6766120248540561,0,Métal
-0.540361053327665,1.657188152240421,1,Papier
-0.6059559743399326,-0.6531810932974362,0,Métal
-0.7442946000125042,-0.3073251209091048,1,Plastique
-0.7498021612368937,-0.3082475236046376,1,Plastique
2.6810335234940688,-1.6811610670806407,2,Verre
-0.5828236150013186,1.6606669525568216,1,Plastique
1.8428264016285785,-1.5943445407134726,2,Verre
-0.4693064950461685,0.6578892568278374,1,Plastique
-0.16940075464475102,1.2903803775906681,0,Métal
-0.6944689982116934,0.6819750348486189,1,Papier
-0.6059559743399326,-0.6531810932974362,0,Métal
-0.4771630695091046,-0.34279712954020547,1,Plastique
-0.48839432023875273,1.6457054756851173,1,Plastique
-0.34320622843696413,0.638203318699597,1,Plastique
-0.6167764370869511,-0.6640105855051113,0,Métal
-0.2934254539091693,-1.3509214569717458,1,Plastique
-0.2955583887471736,-0.6803758417062483,0,Métal
-0.6910294162584709,-0.3059170423183164,1,Papier
1.8746060188359834,-1.5940379919333376,2,Verre
2.4035173275804045,0.3302349312020665,2,Verre
-0.8511021448367233,-0.2946443700309358,1,Papier
1.967323848916529,-0.6183145166994869,2,Verre
-0.396906652332896,-1.6709321895648825,0,Métal
-0.9882841712259446,-1.273207422498419,1,Plastique
-0.6853157353243764,1.3159930190010731,0,Métal
-0.13927081612232128,0.2996278395948486,0,Métal
-0.4693064950461685,0.6578892568278374,1,Plastique
-0.5094196861453688,0.6563976712851198,1,Plastique
-0.7633092623547297,-1.2997192890383762,1,Papier
-0.7170532683067711,-0.3063303462235005,1,Papier
-0.8617595766569339,-0.29001438895548537,1,Plastique
-0.7370231157635043,-1.3003682318748786,1,Plastique
-0.536261280965457,1.6626459890703698,1,Papier
-0.5508032896529141,1.6648899580696905,1,Papier
-0.9117784695406165,-0.6571637570883377,0,Métal
-0.36099434288719334,1.2686847815643463,0,Métal
1.2795095021835043,1.4485013883528801,2,Verre
1.559177765468777,-1.5613040574076298,2,Verre
-0.5138407931736694,-0.33572412185507794,1,Plastique
2.3548946713852223,0.33954808219437194,2,Verre
-0.751640758506576,-1.2982945035142779,1,Plastique
1.9850677368596998,0.3745587597853566,2,Verre
2.274729612024223,-0.646777402663811,2,Verre
-0.40108385383809486,-0.6634339050616849,0,Métal
-0.9134322338552243,0.705042795482355,1,Papier
-0.7368642525756368,-0.30966123757918473,1,Plastique
-0.701307550984974,0.6870623571799734,1,Papier
-0.36099434288719334,1.2686847815643463,0,Métal
-0.2658950144131855,1.62338124120878,1,Plastique
1.5579931380796663,-1.558805382982399,2,Verre
-0.8004945696422425,-0.3057225128560239,1,Plastique
2.132620031664344,-1.6242955368395646,2,Verre
-0.9134322338552243,0.705042795482355,1,Papier
-0.594820645399215,-1.3174698772651472,1,Plastique
-0.8080989490855923,-0.6858814845159925,0,Métal
-0.3740434451396354,-0.7331879073772938,0,Métal
-0.6542576628625004,1.6729194244836265,1,Papier
-1.063049170962041,0.7566575160314957,1,Plastique
-1.135998214941523,-1.258087455686123,1,Plastique
1.862821760832301,-1.5946915047565375,2,Verre
-0.5791041280904737,1.6664700087471267,1,Papier
-0.36592198475312976,0.6418189040743763,1,Plastique
-0.7731183103700952,-0.2968461702809908,1,Papier
-0.44058930503768856,-0.3420362584547718,1,Plastique
-0.2951792487243863,0.6389502968396419,1,Plastique
-0.5622759666314197,-0.32801435830213266,1,Plastique
-0.5394782381364231,0.6590076991176812,1,Plastique
-0.8017235471794557,-0.30471999921537063,1,Plastique
-0.9973080255112141,-0.28306332038022686,1,Plastique
-0.8293340951930894,-1.2832300743209115,1,Papier
-0.14888412299756695,0.29707462920124983,0,Métal
1.143670426207248,1.499436852877854,2,Verre
-0.7646082430115468,0.6928387560377802,1,Papier
0.38061053971137704,0.5654675579843886,1,Métal
2.1447519555740904,1.354734446738904,2,Verre
-0.4495839487093878,0.6496277980761784,1,Plastique
-0.3948086250871746,0.6336388144947536,1,Papier
0.5301937935561509,2.1305921306215865,3,Verre
2.133623948458909,-0.6331950207449297,2,Verre
-0.6678960617231253,-1.6266811880736078,0,Métal
1.4165072044962812,-0.5531965898090021,2,Verre
2.6061673411979376,1.3042611806989453,2,Verre
-0.642185871242317,-0.31925394661304973,1,Plastique
-0.7961884866817304,-1.3001629994574309,1,Plastique
-0.6799444018384907,1.6707816860412337,1,Papier
-0.8860293385895707,-1.2847574933343895,1,Papier
-0.7451685835286328,0.687543619890939,1,Plastique
0.007177788428238602,0.25992144217043234,0,Métal
-0.7917546090685093,-0.31410325045031784,1,Plastique
-0.5473540684681344,-0.33459730867696025,1,Plastique
-1.1384698552968686,-1.5958408232091355,0,Métal
-0.25329360673427104,1.627182249931877,1,Plastique
-0.7171392910835055,-0.6924101587788114,0,Métal
-0.4548337168387847,-1.3334774198595845,1,Plastique
-0.6319054785884691,-0.32332189871401895,1,Plastique
1.4372902531679512,-1.5493670675251308,2,Verre
2.1350407589120333,1.3551403783487947,2,Verre
1.1699020704975878,0.4695523030507338,2,Plastique
-0.5931039788455251,-1.3175778363808577,1,Plastique
-0.7540607968105223,-0.617851867592865,0,Métal
-0.6037125500150741,1.6692515458497257,1,Papier
0.9139882373912858,-1.4948782594554126,2,Verre
2.978109084287743,0.26702546811631334,2,Verre
-0.281237626078621,0.6326031289893674,1,Plastique
-0.8764230266895482,-1.2946715072265338,1,Plastique
-0.594820645399215,-1.3174698772651472,1,Plastique
-0.7554474723721561,-0.30924488424151475,1,Papier
-1.0209750694189785,-1.6282992660641855,0,Métal
1.3401994415008542,0.4485840580423761,2,Verre
-0.6685672061453768,-1.6633755739856206,0,Métal
-0.6890362852654561,1.6810841023337189,1,Papier
0.9249670952152522,0.5268570802361416,2,Verre
-0.6535830398941834,-1.688312651022957,0,Métal
-0.6037125500150741,1.6692515458497257,1,Papier
-0.539393037452385,0.28985043791651965,0,Métal
-0.7395908917577229,-0.6705019460018466,0,Métal
-0.5964372241123914,0.6644829977010407,1,Plastique
1.922182698397696,-1.5992995511424617,2,Verre
0.011356252912694237,1.5952792694601314,1,Plastique
-0.5850386269032175,-0.6591656084673693,0,Plastique
-0.6418199338394378,-0.32011023314369424,1,Plastique
-0.5282295436636871,-0.33189106320900463,1,Plastique
-0.3065943185890948,0.6402536933979455,1,Plastique
-0.44955236552836275,-0.345517921768304,1,Plastique
1.7907903389655908,-0.5963475945177907,2,Plastique
-0.4928127382577019,0.6592755416507645,1,Papier
-1.171540839600162,-1.2527287690161086,1,Papier
2.055191447665156,0.3690077398261917,2,Verre
-0.8776244347843722,-0.29509642683834914,1,Plastique
-0.5155721593790114,0.6640318883217609,1,Papier
-0.48217632898730234,-0.6828918923607746,0,Métal
-0.7351812130606907,0.6851218103348338,1,Papier
0.9836080948201618,-0.46878905308317964,2,Verre
-0.7765907027930472,-0.2973155250009536,1,Papier
-0.3120220705299177,-0.3599794410325732,1,Plastique
-0.542503873621314,0.6625986972318654,1,Plastique
-0.7131138815819223,1.2967320385525174,0,Métal
-0.6803454821013522,0.6718663837445076,1,Plastique
3.4179960372936478,1.218774342596656,2,Verre
-0.892152295507876,-1.2807095225128915,1,Papier
-0.7811279081252506,1.6848000637808969,1,Papier
-0.9045581367970423,-0.2925186243384088,1,Plastique
-0.6331834124381616,-0.3200307934711706,1,Plastique
-0.6866740101477201,-0.3048557745739915,1,Papier
2.0235108375509574,0.3724466144486678,2,Verre
1.7528159485141452,-0.5882018467227826,2,Verre
-0.9798536467678269,-1.2774299117244023,1,Papier
-0.8935972693633161,0.7001830394624575,1,Papier
-0.734603237837965,0.6718251779310871,1,Plastique
-0.7426166444342139,0.6900626558637402,1,Papier
-0.9707461943185319,-1.272653462755729,1,Papier
-0.10159530795098784,0.6255640373098148,1,Métal
-0.5078904519938363,-1.671169142689112,0,Métal
-0.7566336196100197,-0.3048462771962852,1,Plastique
-0.8164337466855252,-0.2933291909336464,1,Plastique
1.794310877562426,-0.5955627533319854,2,Verre
-0.6542576628625004,1.6729194244836265,1,Papier
-0.34790933896275855,-1.3428438075029872,1,Plastique
-0.9242958020114177,-0.2844468133650271,1,Papier
-0.6644360229475041,-0.7011197525274109,0,Métal
1.3401994415008542,0.4485840580423761,2,Verre
-0.6174833381515717,-0.3136662663041836,1,Papier
-0.8917796922076858,-1.2795928189938135,1,Papier
0.4025872059107255,0.5622173135686739,1,Métal
-0.9754231408245537,1.381175040678073,0,Métal
2.1703610592588976,0.3550222158467202,2,Verre
-0.5138407931736694,-0.33572412185507794,1,Plastique
-0.8563446862676307,0.6906013668671986,1,Papier
-0.4358660211586852,-1.3331678085483492,1,Plastique
2.0609937472958313,-0.6193080972417127,2,Verre
-0.892152295507876,-1.2807095225128915,1,Papier
-0.3084282408050044,0.6411203963552883,1,Plastique
-0.8680993154524671,-1.2808458964478786,1,Papier
-0.8379853401162072,-1.2885489318276224,1,Papier
3.325678306643125,-1.277104104300406,2,Métal
-0.7395498741072597,0.6810066880798147,1,Plastique
-0.7518484954436458,-1.2980479493761508,1,Plastique
-1.3861581179303535,-1.6171374765455582,0,Métal
0.7673949052723407,-0.4855021791289731,2,Verre
-0.16143554860937206,0.23683360804677456,0,Métal
-0.9031364306425226,-1.285324613518144,1,Plastique
2.6810335234940688,-1.6811610670806407,2,Verre
1.4944250887381088,-0.5614702200894299,2,Verre
-0.7063553953469388,-0.31918132307550184,1,Plastique
-0.5596017237227476,0.2797873499673651,0,Métal
-0.7776316063225828,-1.6794378337075102,0,Métal
-0.8961376764075721,0.35262241585181986,0,Métal
-0.5864957990422932,0.2961040289807684,0,Métal
2.791742577783431,0.28796972545305555,2,Verre
-0.545529405493546,-0.33139479027317287,1,Plastique
2.0670666768255668,1.3629693837079417,2,Verre
-0.6180048598595937,-1.6947533819232516,0,Métal
-0.7781018357972351,0.6952984645576639,1,Papier
-0.8660558759393759,0.7031539519886494,1,Papier
-0.7300176237709703,-0.6903758215400504,0,Métal
-0.584076983008122,-0.3283935472183279,1,Plastique
-0.8912977526623647,0.3147451630770264,0,Métal
-0.6000065285865556,-0.3238014109505074,1,Plastique
-1.1287833665029363,-1.2568507759598044,1,Papier
0.42370054055973694,0.5574677667730894,1,Métal
-0.8668269202938879,0.6984741678828381,1,Papier
-0.7395908917577229,-0.6705019460018466,0,Métal
0.8706630922930811,-0.49377259465328627,2,Verre
-1.0633454358469145,-1.6385753793523958,0,Métal
1.9363913786600833,1.3764527811792637,2,Verre
-0.4590540136715623,0.2911609040117109,0,Métal
1.4358448999528644,1.431787135807822,2,Verre
1.9036224739689254,-1.6024411559641802,2,Verre
-0.5251361569373165,1.6532127365262663,1,Papier
-0.4272077785377081,1.642898528414065,1,Plastique
-0.1544052802156436,1.6166738517048567,1,Plastique
-0.9000058562948081,1.6979895238023388,1,Papier
1.1576289637164683,-0.525864020588252,2,Verre
-1.071099720067606,-0.27047001744456334,1,Papier
-0.9110038057936755,-1.6197946324136132,0,Métal
-0.7700356642417989,1.3407014476135937,0,Métal
-0.34582288954954027,-0.7324263972684528,0,Métal
-0.6946288714314617,0.6832463019301407,1,Papier
2.2529318915755487,-0.6432506558745413,2,Verre
-0.3635829745764423,0.32227558716875504,0,Métal
-0.6892218967552923,-0.6539957277703132,0,Métal
2.2651197940444767,0.34928378191713083,2,Verre
2.5873984910224466,-0.6799170796138541,2,Verre
-0.3691283263457642,0.3251135073639835,0,Métal
-0.7588826194367508,0.6929029862434877,1,Papier
1.5432437787256605,-0.5635357803355695,2,Verre
1.8889655951417774,0.39000794471675215,2,Verre
-0.44592675040826857,0.3063580880791359,0,Métal
-0.5964372241123914,0.6644829977010407,1,Plastique
-0.6037125500150741,1.6692515458497257,1,Papier
2.1433016338907427,-0.6302764793808754,2,Plastique
1.7191249366240602,0.41660666644988575,2,Verre
-0.4566623277794465,0.656448672100659,1,Plastique
2.1624706678296293,0.3596702825439049,2,Verre
1.9790671207378692,-1.6054856375513882,2,Verre
-0.3869828183279489,1.6482293980789022,1,Papier
-0.7781018357972351,0.6952984645576639,1,Papier
-0.6606316167998283,-0.31082147943975835,1,Papier
-0.6445036876614609,0.6831496162174668,1,Papier
2.7568772177192047,1.2864159342162742,2,Verre
0.21704621383486414,1.5773723227515444,1,Métal
2.1922612585419206,-0.6393434612885951,2,Verre
-0.11768846124668936,1.605578406113559,1,Plastique
-0.7405932848105957,-0.311766582996865,1,Plastique
2.2522330888841804,1.336901751291817,2,Verre
2.6061673411979376,1.3042611806989453,2,Verre
0.7921902468440036,1.5308462884137002,2,Verre
-0.6721437906502784,-0.3164232260290534,1,Papier
-0.4693064950461685,0.6578892568278374,1,Plastique
2.8000118927428934,0.28941165547176695,2,Verre
-0.42015740551166914,-0.3443294358449227,1,Plastique
-0.8593240176344521,-1.2930946663604994,1,Plastique
-0.5394782381364231,0.6590076991176812,1,Plastique
-0.7176837303088315,-1.6430212082252742,0,Métal
-0.23389759288757397,-0.3655318976757316,1,Plastique
1.1275898097315493,1.5564532142815948,2,Verre
-0.8986834233504724,-1.2775168910585597,1,Papier
2.270714526169941,-1.6362384517384296,2,Verre
-0.6122155522724698,1.6623069197639475,1,Plastique
1.963826942654217,-1.6020870208147786,2,Verre
-0.7778155250336813,0.6937757606443273,1,Papier
-0.8784526041189954,-0.29068621072658796,1,Plastique
-0.28202744258313184,-1.366243013242851,1,Verre
-0.23389759288757397,-0.3655318976757316,1,Plastique
-0.7946651959255114,-0.61764144734059,0,Métal
1.1275898097315493,1.5564532142815948,2,Verre
-0.6029553576392969,-1.6425690997274915,0,Métal
-0.5879653234655293,-0.31211378097764597,1,Papier
-0.5330427374604132,0.34515063991828465,0,Métal
-0.5696721304528861,-0.32803520416114784,1,Plastique
0.3822924645276634,-0.4172633401764765,1,Verre
-0.5918248797704363,1.666757222350274,1,Papier
-1.1979056552266514,-1.2547925394775914,1,Plastique
-0.08907304258487675,1.238792846773695,0,Métal
-0.743891543465902,-0.3004322788010707,1,Papier
-0.9031364306425226,-1.285324613518144,1,Plastique
-0.3412972296317907,-1.344797194765068,1,Plastique
-0.41917477282682203,0.6469547156174642,1,Plastique
-0.8141982325884158,0.3775288680955864,0,Métal
1.7904316059112042,-0.590958610746565,2,Verre
-0.7292786056368712,-1.307351054211889,1,Plastique
-0.775496656467258,-1.2895657757107455,1,Papier
-0.16143554860937206,0.23683360804677456,0,Métal
1.5145663380480643,0.430343106699012,2,Verre
-0.3078505546141349,-0.35203172545155437,1,Métal
0.19736193280974926,-1.3371645252824624,2,Verre
1.2746497588893038,-0.5345643616654353,2,Verre
-0.7765907027930472,-0.2973155250009536,1,Papier
-0.19154876230126944,1.6244672563119964,1,Métal
1.3828106762141175,0.4427971508136932,2,Verre
-0.6933057369130003,-0.31047744695650636,1,Plastique
-0.6872050403868691,-1.2993335715992067,1,Papier
1.961950316591981,1.3718803032178484,2,Verre
-0.5895622389158212,-0.6994242424472285,0,Métal
-0.9134322338552243,0.705042795482355,1,Papier
-0.6553465262312996,-0.318613470532064,1,Plastique
-0.9042589558892188,-0.2838388763636861,1,Papier
-0.5623884636430804,-1.32026458310226,1,Plastique
-0.7551394822191897,0.6900387858778407,1,Papier
-0.6944689982116934,0.6819750348486189,1,Papier
-0.8087623630337011,-1.2884030909100204,1,Papier
-0.8526249386325846,0.683143149078582,1,Plastique
-0.4035692585907783,0.3282939942803951,0,Métal
1.9890309519987208,-0.6188603921192561,2,Verre
-0.4078387000637409,0.3333612128381458,0,Métal
-0.8811972080954842,-1.2942601123736397,1,Plastique
-0.5251361569373165,1.6532127365262663,1,Papier
-1.2673284499065915,-1.2443424236295801,1,Papier
0.5260811617034334,1.5014531651145064,1,Verre
-1.0018152473292163,-0.27945615188787865,1,Papier
-0.7707011326083602,0.6892289185520835,1,Papier
-0.9856995201611705,-1.636669286250153,0,Métal
-0.3785976174512101,1.309493219380309,0,Métal
-0.45261473943527897,-0.3400364753253502,1,Plastique
-1.3861581179303535,-1.6171374765455582,0,Plastique
0.8706630922930811,-0.49377259465328627,2,Verre
2.0235108375509574,0.3724466144486678,2,Verre
3.4179960372936478,1.218774342596656,2,Verre
-0.8763799226645685,1.6895197412768204,1,Plastique
-0.591115159015075,-1.3165061809079053,1,Plastique
0.10578820275890613,0.5953987331623869,1,Métal
-0.6331834124381616,-0.3200307934711706,1,Plastique
1.889939640410478,-0.6010207653939572,2,Verre
-0.22959540555873514,1.6277457645786833,1,Papier
0.8833852397271555,-1.4923624901834462,2,Verre
1.143670426207248,1.499436852877854,2,Plastique
3.4179960372936478,1.218774342596656,2,Verre
-0.9739775484790479,-0.6078045433297743,0,Plastique
-1.2176544357846049,-1.2512612102276697,1,Plastique
2.6810335234940688,-1.6811610670806407,2,Verre
-0.7916218154069345,0.3145216969635767,0,Métal
-0.6606316167998283,-0.31082147943975835,1,Papier
0.46305961366971604,1.5477813020069473,1,Plastique
-0.2726825072885051,1.2867200265280323,0,Métal
1.763283513799607,-1.5919239407077521,2,Verre
1.8144619267744257,1.392593582577249,2,Verre
-0.8138370011520613,-0.6370157088405474,0,Métal
-0.46745412571990674,-1.6914690032576911,0,Métal
-0.6338896103063858,-0.3249078659013238,1,Plastique
-0.48839432023875273,1.6457054756851173,1,Plastique
-0.8128231224418527,0.6991259173933064,1,Plastique
2.5536961713464468,1.3109911476093903,2,Verre
3.4179960372936478,1.218774342596656,2,Verre
0.6435086462355687,-0.4396485031269588,2,Verre
-1.068624396453232,-1.5970234218657735,0,Métal
-0.4162457037096573,1.6359278521808338,1,Plastique
-0.8418243258081799,-1.29601318886491,1,Plastique
0.9139882373912858,-1.4948782594554126,2,Verre
-0.28457349388453057,0.6357582230616285,1,Plastique
-0.771675763699287,0.6943567563308817,1,Papier
-0.5948128086324146,0.6633656479779375,1,Papier
-1.0300980927925258,-1.6123796443208804,0,Métal
-0.975413539788579,-1.6566949699266198,0,Métal
-0.7551394822191897,0.6900387858778407,1,Papier
0.6916469308351553,-1.4670365454005556,2,Verre
-0.5043856134523848,-1.3287473228688833,1,Plastique
1.063803547619552,-0.4752047528511204,2,Verre
-1.0139282462395738,-0.6711473401555164,0,Plastique
-0.37438043152851125,-0.35106417091301756,1,Plastique
-0.5138407931736694,-0.33572412185507794,1,Plastique
-0.38863253116529983,-0.3477070693165998,1,Plastique
0.3655993322493497,-0.4696363289913188,1,Verre
-0.6553465262312996,-0.318613470532064,1,Plastique
1.241511290669636,-0.5337707113383097,2,Verre
-0.6822928695197747,-0.6572952356506343,0,Métal
1.9363913786600833,1.3764527811792637,2,Verre
-0.299234611864296,0.6353209077014583,1,Plastique
-0.6741027840923569,-0.6796704865449692,0,Métal
1.7731850638437447,0.4066539186061513,2,Verre
-0.7144308683465708,0.36184514181292204,0,Métal
1.371816563530918,0.44821456190763076,2,Verre
-0.6892218967552923,-0.6539957277703132,0,Métal
1.664546084626264,-0.580203385484249,2,Verre
2.292657340298296,1.3397923820365654,2,Verre
-0.7168241342555814,-0.31534238361715294,1,Plastique
0.9174471901699663,0.5284150406357633,2,Verre
1.7016093690338914,-0.5797710747021486,2,Verre
-0.9461437484038446,0.7116296482616853,1,Papier
-0.22691264693283655,0.6322829338154785,1,Plastique
-0.6922177039946782,-0.3164533560527869,1,Plastique
2.2024833355265576,1.3473330455646997,2,Verre
1.5258147018444035,0.4279786126876226,2,Verre
-0.8476161520762926,-1.2932065330130031,1,Plastique
-0.6088071939829125,-1.3191543651194089,1,Plastique
-0.5329939804717245,-0.33165405690133376,1,Plastique
1.5301662137504262,-1.5599131610304688,2,Verre
-0.40939130879904506,-0.34731096067895817,1,Plastique
-1.0429534762885118,-0.27262732514511545,1,Papier
0.5279198205533557,-0.45626493847569294,1,Verre
-1.001383677944713,-1.2850954010203606,1,Plastique
-0.6920544387206058,0.2912536673345103,0,Métal
-0.40563613448221836,-0.6616637904767921,0,Métal
0.857263866051785,1.4480802778159194,1,Verre
-0.6922177039946782,-0.3164533560527869,1,Plastique
-0.7797760873777331,-0.6437983594300378,0,Métal
-0.5649266500457416,0.66157153873926,1,Plastique
-1.0868431275281067,1.2870983136053706,3,Papier
1.241511290669636,-0.5337707113383097,2,Verre
-0.866294701108097,-1.2908449552366668,1,Papier
-0.8031894269860695,1.3192385087418208,0,Métal
-0.7466442220151605,-1.3011553282744321,1,Papier
2.1447519555740904,1.354734446738904,2,Verre
2.0115152983539932,-1.613105106939644,2,Verre
-0.6409968910564671,-0.32300759491243647,1,Plastique
-0.6749966664508857,-0.7031746931125984,0,Métal
-0.23702353377255223,0.6345991596893394,1,Métal
-0.256219193363161,0.6335354933678985,1,Plastique
1.4980557538238302,0.4779243590804152,2,Verre
-0.9929043261675916,-1.2684211465050297,1,Papier
-0.7617567452710687,0.3474040658426305,0,Plastique
-0.13927081612232128,0.2996278395948486,0,Métal
-0.9933044810491862,-0.6301565077212462,0,Métal
-0.5850386269032175,-0.6591656084673693,0,Métal
1.569385773918365,-0.573134135435278,2,Plastique
-0.8418243258081799,-1.29601318886491,1,Plastique
2.1922612585419206,-0.6393434612885951,2,Verre
-0.5744101408426544,-1.318305091893271,1,Plastique
1.2938906059872908,1.4512368222106693,2,Verre
-0.7642583833750459,-0.3044840017333026,1,Plastique
-1.3149057794683459,0.7800874105526254,1,Plastique
-0.1422631856015808,1.618398903480467,1,Métal
-0.26399204459698866,0.6289042476226452,1,Plastique
-0.5181633655120941,1.6542603624199421,1,Plastique
1.5285252245087302,-0.5673067039336086,2,Verre
-0.21081064793349552,1.6179928666446004,1,Plastique
-0.5300238303259489,-0.327185989998485,1,Plastique
-0.9504655831311739,-1.2731683939218656,1,Papier
-0.639465137337752,-0.3167732203529816,1,Papier
-0.8638794906794663,-1.6688668599334457,0,Métal
1.1033627776012231,0.4735892594465423,2,Verre
-0.08087501292678881,-0.749034957572452,0,Métal
1.0330510840531648,0.5176031188074124,2,Verre
-0.6844312353587694,-1.2950025080044776,1,Plastique
-0.4162457037096573,1.6359278521808338,1,Plastique
-0.6761597288636587,-1.3120060947285368,1,Plastique
-0.4005189529973824,-0.34819791984133985,1,Plastique
-0.5389106596255188,-1.3198233521355291,1,Plastique
-0.0577177355357302,-1.3855719517743401,1,Verre
-0.18662163522728886,1.301263521057493,0,Métal
-0.8763799226645685,1.6895197412768204,1,Plastique
1.8222911860573263,0.39305065101139025,2,Verre
-0.639465137337752,-0.3167732203529816,1,Papier
-1.0349634759103088,-0.6544953251876848,0,Métal
-0.44152113912458124,-1.3282764392511548,1,Plastique
-0.775496656467258,-1.2895657757107455,1,Papier
-1.071099720067606,-0.27047001744456334,1,Papier
-0.3223661791079244,0.30574257842265906,0,Métal
-0.32975152891479864,0.6377851626182658,1,Plastique
-0.2658950144131855,1.62338124120878,1,Plastique
-0.9806698622665229,-1.6544515810343865,0,Métal
-0.6883587021483719,0.6797235059489408,1,Papier
1.5619208238397602,-1.5656104978486511,2,Verre
-0.6872050403868691,-1.2993335715992067,1,Papier
-0.5823987971452674,-1.317282520141313,1,Plastique
1.5484774867382316,-1.5623984740839731,2,Plastique
2.3860537565669206,1.3230693665381,2,Verre
-0.8883081146121451,-0.28838103025012285,1,Papier
1.801829206663734,1.3934800692919647,2,Verre
-0.8164337466855252,-0.2933291909336464,1,Papier
-0.4777563540758115,0.6522589597767363,1,Plastique
-0.5131723325281469,0.3498630195255392,0,Métal
-0.4958803332164604,-0.3387005660129354,1,Plastique
-0.6759536642469255,0.6852816810881566,1,Papier
-0.37794086250123704,-0.6668570195103913,0,Métal
-0.3727837382543675,1.6373482127699457,1,Plastique
1.984695796858197,0.37357136486004117,2,Verre
-0.18662163522728886,1.301263521057493,0,Métal
-0.26768646676318375,-0.36109139623344233,1,Plastique
1.7678101976148444,-1.587673978136756,2,Verre
2.31712886389263,0.34044855320519396,2,Verre
-0.892152295507876,-1.2807095225128915,1,Papier
-0.48173934764870907,0.6553030276577265,1,Plastique
2.3548946713852223,0.33954808219437194,2,Verre
-0.5179191258182173,1.6624030427274603,1,Papier
2.248034125870655,-1.6382697709603018,2,Verre
-0.6106094838331237,-1.6766120248540561,0,Métal
2.440558517315604,-1.6600404516175498,2,Verre
-0.18421394953073666,1.2670201493414532,0,Métal
-0.5322340388342223,1.2989123571794663,0,Métal
-0.3457787248894952,1.3094251892551492,0,Métal
2.7568772177192047,1.2864159342162742,2,Verre
2.9658320686982704,0.2727252364467474,2,Verre
1.5167180488709628,-1.5515997824707526,2,Verre
-0.7391569893427004,0.6832803364486206,1,Plastique
-0.6583368553038791,-1.3128498435462306,1,Plastique
1.5842064741050217,-0.5727775813897279,2,Verre
-0.3726621478800962,1.63733565984413,1,Plastique
-1.0117596370950266,-0.2836395290409923,1,Plastique
2.440558517315604,-1.6600404516175498,2,Verre
-0.6759536642469255,0.6852816810881566,1,Papier
-0.8080989490855923,-0.6858814845159925,0,Métal
-0.6830743652277149,1.6771529025349647,1,Papier
2.208798995212381,-0.6337516621535756,2,Verre
-0.7227406942065647,-1.3022405910207335,1,Plastique
-0.5649266500457416,0.66157153873926,1,Plastique
-0.57699510972612,1.3487215357177174,0,Métal
-0.6818850656245297,0.684308599872473,1,Papier
0.6624805791231325,0.5503392655582222,2,Verre
-0.26399204459698866,0.6289042476226452,1,Plastique
-0.5243016290698864,-1.7006272112030396,0,Métal
1.0553613265793376,-0.4745371454921612,2,Verre
-0.37794086250123704,-0.6668570195103913,0,Métal
-0.05560415731325985,1.2468801544894885,0,Métal
-0.048999037116068705,1.2424760851947465,0,Métal
1.5285252245087302,-0.5673067039336086,2,Verre
-0.6954711752498567,1.6720510737719592,1,Papier
-0.40814189288454594,-1.3339367153639032,1,Plastique
2.31712886389263,0.34044855320519396,2,Verre
2.270714526169941,-1.6362384517384296,2,Verre
1.3922484581717265,-0.5485207285851648,2,Verre
-0.8094004487281377,-1.6096360895003647,0,Métal
-0.9461961416582114,-1.2782356124796164,1,Papier
1.2795095021835043,1.4485013883528801,2,Verre
-0.5133999385665494,1.651841279326714,1,Plastique
-0.4771630695091046,-0.34279712954020547,1,Plastique
-0.743009506750598,-0.6303159705653975,0,Métal
2.2522330888841804,1.336901751291817,2,Verre
1.1671816619573536,-0.523518842635381,2,Verre
-0.5412620175707316,1.6637550861011359,1,Papier
1.6961141597596452,-0.5835470698328395,2,Verre
-0.6189068714640983,0.6811456052856466,1,Papier
-0.7466442220151605,-1.3011553282744321,1,Papier
-0.9045581367970423,-0.2925186243384088,1,Plastique
-0.8291138071548492,-1.2857365243230154,1,Papier
-1.6100406490353818,-1.1719310458025294,1,Plastique
-0.9261332986312321,0.708204949189642,1,Papier
2.0942612656334982,0.3699295301104877,2,Verre
0.10878286961538083,-0.4310072653548893,1,Verre
-0.652084469091131,1.6638812774061702,1,Plastique
2.241817891389328,0.3544167571329453,2,Verre
-0.45547217103357474,-1.3328950157326032,1,Plastique
-0.28457349388453057,0.6357582230616285,1,Plastique
1.722032552698261,-1.580090642968768,2,Plastique
-0.6946288714314617,0.6832463019301407,1,Papier
1.7266374601260739,0.4090511640884986,2,Verre
-0.47776744276420513,0.6519413368015068,1,Plastique
-1.0139282462395738,-0.6711473401555164,0,Métal
-0.3726621478800962,1.63733565984413,1,Plastique
-1.001383677944713,-1.2850954010203606,1,Plastique
-0.536261280965457,1.6626459890703698,1,Plastique
-0.5121692807578856,-0.3316960144119576,1,Métal
-0.8919097910274586,-0.2874686085561886,1,Plastique
-0.5324491030849365,-1.3263290705639483,1,Plastique
-0.9657594338851342,-1.6522728013244383,0,Métal
-0.5982773190555647,-0.33086437060623464,1,Plastique
-0.6331834124381616,-0.3200307934711706,1,Plastique
-1.048067333866515,-1.619625893077357,0,Métal
-0.8996625502921459,-0.29115356774219125,1,Plastique
-0.5931039788455251,-1.3175778363808577,1,Plastique
-0.9505105811518335,-1.6709447981934233,0,Métal
1.1760192448788052,0.46863035750276194,2,Verre
2.978109084287743,0.26702546811631334,2,Verre
-0.8379853401162072,-1.2885489318276224,1,Papier
-0.6076525822413896,-0.32315873588180133,1,Plastique
-0.2840334904426872,0.6379941884297338,1,Plastique
2.7568772177192047,1.2864159342162742,2,Verre
1.8920227322568466,-0.6040059172838974,2,Verre
-0.7643002111189072,-1.6432393671085994,0,Métal
-0.6468445178238883,-1.3141306588146309,1,Plastique
-0.6016865328669702,-0.6582483118551868,0,Métal
-1.5665886341598436,-1.1803746565939157,1,Plastique
-0.8744940505457578,-1.2969609269961158,1,Plastique
-0.5501496247851172,1.6622135950511312,1,Papier
1.9109325219846722,0.3888753402250862,2,Verre
-0.7405932848105957,-0.311766582996865,1,Plastique
-0.23693391086650764,0.6280733357951755,1,Plastique
-0.7745986680888425,-1.6597931803186865,0,Métal
-0.16143554860937206,0.23683360804677456,0,Métal
-0.8038295076126298,-0.6909487030737432,0,Métal
-0.9754231408245537,1.381175040678073,0,Métal
-0.6183659278775254,1.671238446787781,1,Papier
-0.4428040229712712,0.3369449208107971,0,Métal
1.559177765468777,-1.5613040574076298,2,Verre
1.4670516321145217,-1.5507500896786268,2,Verre
2.4143561368362643,1.3257867602623106,2,Verre
0.994099385728908,-0.468930949846062,2,Verre
-0.8229512834394771,-0.2910804044443127,1,Papier
-0.4841487400351191,0.2814202918395532,0,Métal
-0.26768646676318375,-0.36109139623344233,1,Plastique
-1.0997877713506103,-1.259396747417475,1,Papier
-0.736024419423014,-0.3014595399499418,1,Papier
-0.6270210211519253,0.2834373525109317,0,Métal
1.637020912258993,1.413783094564972,2,Verre
1.4657627778376594,0.43320421495434824,2,Verre
-0.7124459244221616,1.3202432961956376,0,Métal
-1.009442507318908,-0.27807724825722313,1,Papier
-0.3331763920571551,0.6396058080157603,1,Plastique
0.5250165280983905,0.5022361453472723,1,Verre
1.7016093690338914,-0.5797710747021486,2,Verre
-0.8308779584138954,0.6970960448291705,1,Papier
-0.6174833381515717,-0.3136662663041836,1,Papier
-0.4195093913200536,0.2567246239801133,0,Métal
-0.855863526026901,-0.2914125356722921,1,Papier
-0.9504655831311739,-1.2731683939218656,1,Papier
-0.3100523472512204,1.2797667913635264,0,Métal
-0.6457135039392177,-0.319233495784913,1,Plastique
-1.0594155073419345,-0.6203324917895243,0,Métal
2.5531782611051184,1.3102466863730282,2,Verre
1.8222911860573263,0.39305065101139025,2,Verre
-0.6439857278511388,-0.3185313191000616,1,Plastique
-0.8128231224418527,0.6991259173933064,1,Papier
-0.5775251724738499,-0.3281206332176212,1,Plastique
0.0007383451702840382,0.2701021968854904,0,Métal
-0.9703443795099247,-0.278143936318606,1,Papier
2.545065340345822,0.31389745340551434,2,Verre
-0.5823987971452674,-1.317282520141313,1,Plastique
-0.45248101459381695,-0.344374966468014,1,Plastique
-0.6338896103063858,-0.3249078659013238,1,Plastique
-0.37290238502707285,1.6374890295798907,1,Plastique
-0.4566623277794465,0.656448672100659,1,Plastique
-0.8604554516028882,-1.2917518154892471,1,Plastique
-1.0018152473292163,-0.27945615188787865,1,Papier
1.5258147018444035,0.4279786126876226,2,Verre
-0.7460944221948909,-0.2998681097069418,1,Papier
-0.4548337168387847,-1.3334774198595845,1,Plastique
-0.47697668022420725,-1.685439494001578,0,Métal
-0.7472379485356221,-1.6376828701051025,0,Métal
2.047678729464164,-0.620123497624052,2,Verre
0.5490324892579513,1.4959321395936016,1,Verre
1.4372902531679512,-1.5493670675251308,2,Verre
-0.8443622891298533,-1.6035500570543375,0,Métal
1.1699020704975878,0.4695523030507338,2,Verre
-1.5526213733107526,0.4537732834231354,0,Métal
-1.4975495211168461,-0.19047263085370103,1,Papier
1.8137657173430581,-0.5939035833479797,2,Verre
-0.23693391086650764,0.6280733357951755,1,Plastique
1.420936873135522,0.44164002093487653,2,Verre
-0.70571610192182,-1.6879489869864845,0,Métal
-0.2920804270952586,0.6396123721743143,1,Plastique
1.5928522845804658,-1.5686586134194358,2,Verre
-1.0493436720378517,-0.6315553565336511,0,Métal
-0.4428040229712712,0.3369449208107971,0,Métal
-0.917183813818258,-1.2844693043671538,1,Plastique
1.6020799158441894,1.330740035595549,2,Plastique
-1.1149695769892027,-1.589762880363463,0,Métal
-0.6499940390718246,-1.3003975175820217,1,Papier
-0.9950084561539059,-0.2787676825507772,1,Papier
-0.9261332986312321,0.708204949189642,1,Papier
-0.6167764370869511,-0.6640105855051113,0,Métal
-0.5381612362726091,1.6521813041353044,1,Plastique
-0.9045581367970423,-0.2925186243384088,1,Plastique
-1.0209750694189785,-1.6282992660641855,0,Métal
-0.430346929306026,-1.334343480711561,1,Plastique
-0.5964372241123914,0.6644829977010407,1,Plastique
1.8781069703158524,-0.6034467625517462,2,Verre
-0.31711369381047116,-0.7340137418131141,0,Métal
-1.1462923840975963,1.3682244939450772,0,Métal
0.4025872059107255,0.5622173135686739,1,Métal
-0.43582717583011044,0.6511248666717322,1,Plastique
2.54265738059874,0.32398795313732864,2,Verre
-0.8917796922076858,-1.2795928189938135,1,Papier
-0.8744940505457578,-1.2969609269961158,1,Plastique
1.8243490409759158,1.3893762743105464,2,Verre
-1.0394620128442849,-1.2662826100031703,1,Papier
-0.5755140193878766,-0.320413741044812,1,Papier
-0.027515070155488514,0.6057219713703728,1,Métal
-0.9042589558892188,-0.2838388763636861,1,Plastique
-0.9410792227848693,-0.6625854028825966,0,Métal
-1.2889913132887394,-0.6343585529724922,0,Métal
-0.5820440314611292,1.6685845271151007,1,Papier
14.598799723527696,-1.5620695801788826,2,Verre
-0.8361057286527616,-1.2957545835032147,1,Plastique
1.7619252989259087,-0.5876202508989261,2,Verre
0.21704621383486414,1.5773723227515444,1,Métal
1.1033627776012231,0.4735892594465423,2,Verre
-0.8575849550135124,0.34271803878750884,0,Métal
1.8344283459131536,-0.6007623510003622,2,Verre
-0.86859262924352,-0.6694938777513724,0,Métal
2.4463951545247156,1.3236996503593421,2,Verre
-0.18662163522728886,1.301263521057493,0,Métal
1.7688462778660352,-0.5936112566317508,2,Verre
-0.917183813818258,-1.2844693043671538,1,Plastique
-0.7176837303088315,-1.6430212082252742,0,Métal
1.143670426207248,1.499436852877854,2,Plastique
-0.42401314849651883,-0.3440210067483571,1,Plastique
-0.579536942515478,1.6579004937096096,1,Papier
-0.4483343023268961,-1.6706240016570466,0,Métal
-0.9629589049276568,-0.2807624298434286,1,Papier
-0.9134322338552243,0.705042795482355,1,Papier
-0.44152113912458124,-1.3282764392511548,1,Plastique
-0.9626290614354107,-0.2794272986548012,1,Papier
-0.6167764370869511,-0.6640105855051113,0,Métal
-0.5696721304528861,-0.32803520416114784,1,Plastique
-1.17853582471796,0.9270886444628139,3,Métal
-0.7754229105233428,-0.3012692860942763,1,Papier
-0.41917477282682203,0.6469547156174642,1,Plastique
-0.3216681721407751,-1.3518337954337127,1,Métal
1.1498498509187027,1.4652893552554203,2,Verre
1.8937117888014905,0.38983691641136153,2,Verre
-0.6059559743399326,-0.6531810932974362,0,Métal
1.1671816619573536,-0.523518842635381,2,Verre
-0.3182790267054746,0.6348985112003593,1,Verre
-1.0997877713506103,-1.259396747417475,1,Papier
-0.22583173038107035,1.2629176037024015,0,Métal
0.9454962949436045,-0.49949694424794955,2,Verre
1.5484774867382316,-1.5623984740839731,2,Verre
-0.48217632898730234,-0.6828918923607746,0,Métal
-0.6855903661844034,1.6667694354137732,1,Plastique
-0.4991512055558771,1.3216790023006182,0,Métal
-0.4693064950461685,0.6578892568278374,1,Plastique
-0.09979819568744441,0.6132123395903186,1,Plastique
2.6061673411979376,1.3042611806989453,2,Verre
-0.15639006965542657,0.3053994641146094,0,Métal
-0.540361053327665,1.657188152240421,1,Papier
-0.038052281928549245,-0.7631352469489898,0,Métal
0.39691115810185373,-0.3641801983329813,2,Plastique
-1.1782107313687327,-1.2588082977826176,1,Papier
-0.931642998527467,-0.28379991003068517,1,Papier
-0.6208092614869715,-0.3257174302379293,1,Plastique
1.922182698397696,-1.5992995511424617,2,Verre
2.0051697680262435,1.3674021043547147,2,Verre
-0.7572751672947274,-0.30334292307326827,1,Papier
-0.6822928695197747,-0.6572952356506343,0,Métal
-0.2992556191157345,0.17457737064973244,3,Verre
-0.9091627923822618,0.6999755769246045,1,Papier
-0.4823984023508848,1.287344849956776,0,Métal
-0.5932505051247486,1.667584181909682,1,Papier
1.5285252245087302,-0.5673067039336086,2,Verre
-0.5057549264555546,-0.6983304106236577,0,Métal
-0.8345958291784792,0.7009967300323241,1,Papier
-0.5932505051247486,1.667584181909682,1,Papier
-0.743009506750598,-0.6303159705653975,0,Métal
-0.7124255892300758,-0.7055486716503563,0,Métal
1.4372902531679512,-1.5493670675251308,2,Verre
-0.3084282408050044,0.6411203963552883,1,Plastique
0.5186180355831707,-0.49338981965663176,1,Verre
2.1922612585419206,-0.6393434612885951,2,Verre
-0.5559892807782659,1.6650365018026776,1,Papier
-0.3801881237197413,1.6407224539557903,1,Papier
-0.6935936780877673,1.6782792544572198,1,Papier
1.8746060188359834,-1.5940379919333376,2,Verre
-0.33386498785105323,1.6392139977809743,1,Plastique
-0.1189507740522851,1.6105851814924106,1,Plastique
-0.5601849874271755,1.6656037303311135,1,Papier
1.9109325219846722,0.3888753402250862,2,Verre
-0.7651464800252776,-0.3064838658651803,1,Plastique
-0.4545040651524843,1.6433764300176754,1,Plastique
-0.5775251724738499,-0.3281206332176212,1,Plastique
2.173605059753751,1.3509929694415044,2,Verre
-1.0696463091719777,-0.2743131923415387,1,Plastique
-0.5404659754965208,0.6559425871866738,1,Plastique
1.763283513799607,-1.5919239407077521,2,Verre
-0.6342267160319892,1.6722837469522134,1,Papier
-0.9505105811518335,-1.6709447981934233,0,Métal
-0.9841230882407894,-1.2723626931666516,1,Papier
-0.9080062612043314,0.6996344567580921,1,Papier
-0.6412148296199306,-0.32043021082601153,1,Plastique
-0.9504655831311739,-1.2731683939218656,1,Papier
-0.5094965528362246,-1.3250313858999017,1,Plastique
-0.5400712743219306,1.297684646421892,0,Métal
-0.5641841397549132,1.6551423059854329,1,Plastique
-0.5755140193878766,-0.320413741044812,1,Papier
1.8889655951417774,0.39000794471675215,2,Verre
-0.37290238502707285,1.6374890295798907,1,Plastique
-0.4784966986762519,0.6559505078270516,1,Plastique
-0.5133999385665494,1.651841279326714,1,Plastique
-0.7760107702266964,1.687413910827526,1,Papier
-0.8137661744734068,0.6913942349556665,1,Plastique
-0.775496656467258,-1.2895657757107455,1,Papier
1.4898240360586694,-1.5499432488124067,2,Verre
-0.8917796922076858,-1.2795928189938135,1,Papier
-0.04725303610607845,1.6044611341205017,1,Plastique
-0.4693064950461685,0.6578892568278374,1,Plastique
2.7755246397487245,0.2901916138925098,2,Verre
0.8706630922930811,-0.49377259465328627,2,Plastique
2.2605021110526073,0.3502666969277375,2,Verre
0.20593353945872137,1.2322720053648786,0,Métal
-0.40920917157802084,1.63661970435863,1,Plastique
0.7669199047752203,0.08270421261153982,3,Verre
-1.192175149962744,-0.22724741921200908,1,Verre
-0.6644360229475041,-0.7011197525274109,0,Plastique
0.7673949052723407,-0.4855021791289731,2,Verre
-0.9537437255276902,-1.6462644630739456,0,Métal
0.8833852397271555,-1.4923624901834462,2,Verre
-0.1834338112463702,-0.7012047960859582,0,Métal
0.1990130425316924,-1.4417010316900438,1,Verre
-0.9321403197956872,-1.2830891874562156,1,Plastique
2.2529318915755487,-0.6432506558745413,2,Verre
-0.48551756245118527,1.2574220493813282,0,Métal
-0.704636785383721,-0.629637418032313,0,Métal
2.0576049933775207,0.37592305756934463,2,Verre
0.9173993745265971,0.5277638776891547,2,Verre
-0.26265836551913413,-1.7105391816735334,0,Métal
-0.680149585206026,1.6767506352889587,1,Papier
-0.7824311938610182,-0.6459638115503916,0,Métal
-0.23107094699315517,1.6234956736300863,1,Plastique
-0.7395908917577229,-0.6705019460018466,0,Métal
2.6574999638096544,1.2968869763126964,2,Verre
-0.723755578437331,-0.3118083915897183,1,Plastique
-0.8056250528621177,1.6884097158920828,1,Papier
2.0051697680262435,1.3674021043547147,2,Verre
-0.08087501292678881,-0.749034957572452,0,Métal
0.7673949052723407,-0.4855021791289731,2,Verre
-0.577632913181487,-1.638072795079811,0,Métal
-0.23448113333645565,1.2677573195729648,0,Métal
-1.17853582471796,0.9270886444628139,3,Plastique
-0.6211634334349199,-0.32081624229170136,1,Papier
-0.7712695887339711,-1.6624494101180352,0,Plastique
-0.1600564972065247,1.6173407570390632,1,Plastique
-1.0429534762885118,-0.27262732514511545,1,Papier
2.132620031664344,-1.6242955368395646,2,Verre
-0.7778789225572764,-0.2978285929846807,1,Papier
-0.7144308683465708,0.36184514181292204,0,Métal
1.7434020530072873,0.4031496404808137,2,Verre
-0.6799444018384907,1.6707816860412337,1,Papier
-1.0429534762885118,-0.27262732514511545,1,Papier
-0.24551787127483077,1.628636557951263,1,Plastique
0.152653600492455,1.586118016194909,1,Métal
-0.699862065374213,1.6782080834279045,1,Papier
1.3451538803935108,2.0029186279017788,3,Plastique
1.079446688735241,1.4700155743226768,2,Verre
-1.001383677944713,-1.2850954010203606,1,Plastique
-0.4933406981636821,1.2894184629105367,0,Métal
-0.6634010538004439,-0.32404934661175044,1,Plastique
1.6559589650050899,1.4062183046948686,2,Verre
1.7324985023978652,-0.59448609599032,2,Verre
-0.2842242104358121,1.6267118005347598,1,Plastique
1.6323792860259085,-0.5749625585435301,2,Verre
-1.000002816956471,-0.2844360498394247,1,Plastique
1.3257758839277232,1.4429289091009736,2,Verre
-0.6855903661844034,1.6667694354137732,1,Plastique
-1.000163276806059,-0.2755031730771167,1,Papier
-0.9859258071794983,-1.2740411128879001,1,Plastique
-0.887420956262197,-0.3031187098768211,1,Plastique
-0.7572751672947274,-0.30334292307326827,1,Papier
-0.9707461943185319,-1.272653462755729,1,Papier
1.5928522845804658,-1.5686586134194358,2,Verre
1.7738626757115217,-0.5920879255019454,2,Verre
-0.7329207488240747,-1.3049949686571984,1,Plastique
-0.7613929058215607,0.6927698986034223,1,Plastique
-0.15127051848350226,-1.7461117888432116,0,Métal
1.0284457679803314,1.5146400796495094,2,Verre
1.5145663380480643,0.430343106699012,2,Verre
-0.5057549264555546,-0.6983304106236577,0,Métal
2.0007757191057327,0.3816124479111056,2,Verre
-0.8668269202938879,0.6984741678828381,1,Plastique
-0.45248101459381695,-0.344374966468014,1,Plastique
-0.9284788724681112,-0.6647314885486262,0,Métal
-0.6883587021483719,0.6797235059489408,1,Papier
-0.6606316167998283,-0.31082147943975835,1,Papier
-0.5412620175707316,1.6637550861011359,1,Plastique
2.208798995212381,-0.6337516621535756,2,Verre
-0.7780880810878542,-0.30729392572107606,1,Papier
-0.5898185332343572,-0.32591814091779825,1,Plastique
-0.7521278995202817,1.6806756196830837,1,Papier
-0.8244191906391864,-0.29556462239835857,1,Papier
-0.8962203675931396,-0.28878705275143135,1,Papier
-0.3793805670301154,-1.7193965813189465,0,Métal
-1.0300980927925258,-1.6123796443208804,0,Métal
-0.9461437484038446,0.7116296482616853,1,Papier
-0.35480404221314576,1.6389180785359618,1,Plastique
2.5377253219572182,-0.6772615280444838,2,Verre
2.35884465182189,-0.6553111607731039,2,Verre
-1.111478982213392,-1.2612775879810538,1,Papier
-0.09979819568744441,0.6132123395903186,1,Plastique
-0.34085517611270316,1.6358889943901118,1,Plastique
-0.3390903786120932,1.253658401415697,0,Métal
-0.8080989490855923,-0.6858814845159925,0,Plastique
1.5842064741050217,-0.5727775813897279,2,Verre
-0.2777651685200593,-0.7125804450960556,0,Métal
2.0942612656334982,0.3699295301104877,2,Verre
-0.5775251724738499,-0.3281206332176212,1,Plastique
1.5432437787256605,-0.5635357803355695,2,Verre
-0.6111038465450636,-1.3205276063038296,1,Plastique
-0.8785074692694552,0.6921583973263294,1,Plastique
-0.2387401612475626,1.622526895076257,1,Plastique
-0.26399204459698866,0.6289042476226452,1,Plastique
-0.4935772964578494,0.32089257730932874,0,Métal
1.4670516321145217,-1.5507500896786268,2,Verre
-0.56914398348202,1.6568316735935265,1,Plastique
1.5572796124309594,0.4268460965375558,2,Plastique
-0.6430391021096348,-0.3259223301803016,1,Plastique
2.6061673411979376,1.3042611806989453,2,Plastique
-0.31338569645877634,-1.7150469153220715,0,Métal
-0.08087501292678881,-0.749034957572452,0,Métal
-0.3928908851649453,-1.7285590393590395,0,Métal
-0.22583173038107035,1.2629176037024015,0,Métal
-0.6497023090243648,-0.31973082205408687,1,Plastique
-0.5459034416980083,1.6647125210044929,1,Papier
1.8454947045862538,0.3922446998255542,2,Verre
-0.7778789225572764,-0.2978285929846807,1,Papier
-0.30311353656126333,1.63926328236895,1,Papier
-0.49755113552686103,-0.653425497391936,0,Métal
-0.9841230882407894,-1.2723626931666516,1,Papier
-0.8883081146121451,-0.28838103025012285,1,Papier
1.6035598680518677,1.4124455671929457,2,Verre
1.5928522845804658,-1.5686586134194358,2,Verre
-0.6319054785884691,-0.32332189871401895,1,Plastique
-0.20858627467393925,1.6169755980310898,1,Plastique
-0.7748716749075355,0.3319292448767055,0,Métal
-0.26503385005150737,0.6351057674140164,1,Plastique
2.4639834694031695,-0.6696814508304607,2,Verre
1.7664115169404393,-0.5828855168445961,2,Verre
2.208798995212381,-0.6337516621535756,2,Verre
-0.5128257699529247,-0.7062633457892797,0,Métal
0.28393098867680266,0.5396035162108666,1,Verre
2.381607560402837,1.328346367723553,2,Verre
-0.009807300414494069,0.26418987546991746,0,Métal
-0.6208092614869715,-0.3257174302379293,1,Plastique
-0.6326325498597457,0.32995710789617694,0,Métal
-0.5282295436636871,-0.33189106320900463,1,Plastique
-0.45298202051915193,1.6450355846658031,1,Plastique
-0.9626290614354107,-0.2794272986548012,1,Papier
-0.830567454786387,-0.6608183446299768,0,Métal
-0.591136187519028,1.286484374404808,0,Métal
2.0861977566403347,0.3639185314538098,2,Verre
1.338161101313397,0.45207715937041426,2,Verre
-0.7383720964206539,0.6823487804112263,1,Plastique
-0.3390903786120932,1.253658401415697,0,Métal
-0.5836553086860149,0.6653782929620478,1,Plastique
-0.46745412571990674,-1.6914690032576911,0,Métal
-0.6319644040301963,1.2996722839584043,0,Métal
1.4124188974888778,-0.5483443520470163,2,Verre
-0.7492922120974896,1.684494740744196,1,Papier
-0.6190551753247835,-1.642992842235653,0,Métal
-0.4991512055558771,1.3216790023006182,0,Métal
-0.5864957990422932,0.2961040289807684,0,Métal
-0.8141736240100425,-0.291423848808094,1,Papier
-0.9035090192187983,-1.2781613986733111,1,Papier
-0.7700356642417989,1.3407014476135937,0,Métal
-0.6166129066161944,-1.3188596522892428,1,Plastique
-0.038052281928549245,-0.7631352469489898,0,Métal
-0.40814189288454594,-1.3339367153639032,1,Plastique
-0.28277209312301005,1.6261366546302274,1,Plastique
-0.6431851095713752,0.35982163730138117,0,Métal
0.35204967817291954,1.1246557202172485,3,Verre
-0.6330166663505441,0.6695971168581083,1,Plastique
-0.9715944083673255,-1.2747992751611728,1,Papier
-0.48971070418027396,1.6532389801577405,1,Plastique
-0.5329939804717245,-0.33165405690133376,1,Plastique
2.4299865495963053,-1.6540119413099794,2,Verre
-0.3078505546141349,-0.35203172545155437,1,Métal
-1.001383677944713,-1.2850954010203606,1,Plastique
-0.9110038057936755,-1.6197946324136132,0,Métal
-0.43666390633588326,0.26244320978989855,0,Métal
1.734122961994921,0.40887508563244856,2,Verre
1.8222911860573263,0.39305065101139025,2,Verre
-0.6944689982116934,0.6819750348486189,1,Papier
-0.6001021740193325,0.28804782092439196,0,Métal
0.6624805791231325,0.5503392655582222,2,Verre
-0.7849852709451784,1.6806313677816285,1,Plastique
-0.39887070883872566,-1.7232888652159435,0,Métal
-0.7613929058215607,0.6927698986034223,1,Papier
-0.23693391086650764,0.6280733357951755,1,Plastique
1.59886650887196,1.4180159156530963,2,Verre
1.7422379481123769,1.3988891688626837,2,Verre
2.142501718851785,0.36374460937864717,2,Verre
-0.7617567452710687,0.3474040658426305,0,Métal
-0.5829919790365816,-0.64581959064274,0,Métal
-0.8701738927208593,1.694102014371232,1,Papier
1.983303599460092,-0.6086104749453641,2,Verre
-0.4711982995800523,-0.7157404350018883,0,Métal
-0.4548337168387847,-1.3334774198595845,1,Plastique
-0.8329686118904299,1.6906194561121815,1,Papier
-0.7124255892300758,-0.7055486716503563,0,Métal
-0.8027929184208659,-0.29642171735222034,1,Papier
-0.7118875220697267,-1.6787875915679005,0,Métal
-0.894722767512414,-0.6589800491776416,0,Métal
0.9547798899079625,-1.4939069173578658,2,Verre
-0.6644360229475041,-0.7011197525274109,0,Métal
1.4657119905054667,-0.5558537543883324,2,Verre
-0.8996625502921459,-0.29115356774219125,1,Plastique
0.32350636164853674,-1.4253367257723135,1,Verre
-0.9042589558892188,-0.2838388763636861,1,Papier
2.0861977566403347,0.3639185314538098,2,Verre
-0.7460944221948909,-0.2998681097069418,1,Papier
-0.8094004487281377,-1.6096360895003647,0,Métal
1.8105928495881995,0.39579165549753736,2,Verre
-0.6486802009483352,0.35986289161012475,0,Métal
-0.9626290614354107,-0.2794272986548012,1,Papier
0.16860731165209417,-0.40541245994567654,1,Métal
-0.4034674703958562,-0.3464287312888781,1,Plastique
-0.9045581367970423,-0.2925186243384088,1,Plastique
1.143670426207248,1.499436852877854,2,Verre
-0.3319342642455402,1.6358594633296895,1,Plastique
-1.5526213733107526,0.4537732834231354,0,Métal
-0.6946288714314617,0.6832463019301407,1,Plastique
-0.1834338112463702,-0.7012047960859582,0,Métal
1.175266689819234,1.4611040475877803,2,Verre
-0.44592675040826857,0.3063580880791359,0,Métal
1.5301662137504262,-1.5599131610304688,2,Verre
-0.48879781411962087,1.645675890797025,1,Plastique
-0.7498021612368937,-0.3082475236046376,1,Plastique
-0.396906652332896,-1.6709321895648825,0,Métal
-0.6342267160319892,1.6722837469522134,1,Papier
0.20459765155284668,0.5527333210439271,1,Verre
-0.9629589049276568,-0.2807624298434286,1,Papier
-0.08087501292678881,-0.749034957572452,0,Métal
2.0545505357783527,-1.6148949566217219,2,Verre
-0.6385080760436705,1.662885968915073,1,Plastique
-0.37794086250123704,-0.6668570195103913,0,Métal
-0.3726621478800962,1.63733565984413,1,Plastique
1.9466826675481546,-1.6093169731781596,2,Verre
-0.6687406987834634,0.6742767460623533,1,Plastique
-0.7124255892300758,-0.7055486716503563,0,Métal
1.420936873135522,0.44164002093487653,2,Verre
-0.5434125021695632,0.352417263161904,0,Métal
-0.7143605014528304,-1.2947120791705422,1,Plastique
0.39691115810185373,-0.3641801983329813,2,Verre
1.6736099820281718,0.4115698046284162,2,Verre
-0.40721880881077055,-0.34596839929581735,1,Plastique
-0.6634010538004439,-0.32404934661175044,1,Plastique
2.151717340419967,-0.632116033048656,2,Verre
1.5145828372399135,-1.5546853767518218,2,Verre
-0.9555133835387105,-1.2736377450120757,1,Papier
-0.743891543465902,-0.3004322788010707,1,Papier
0.969535986483604,1.5197163804500498,2,Verre
1.8299174056747018,0.3995804661556013,2,Verre
-1.0493436720378517,-0.6315553565336511,0,Métal
1.1275898097315493,1.5564532142815948,2,Verre
2.2583984930306347,0.34418864694444395,2,Verre
-0.2524944427079837,1.2597174140824785,0,Métal
-0.5478009872520146,-1.659644540315446,0,Métal
0.552421394146576,-1.4973382356807032,1,Verre
1.4218894340917716,-0.5615914095839692,2,Verre
-0.7107687131331943,-0.3103513658982251,1,Plastique
-1.0216740461372191,-1.2664917377609406,1,Papier
-1.4146072258231073,-1.1887716929327505,1,Papier
1.794310877562426,-0.5955627533319854,2,Verre
-0.9369283996625718,-0.28323948021678946,1,Plastique
-0.5596017237227476,0.2797873499673651,0,Métal
1.2688644201949224,-0.5342261844340008,2,Verre
-1.043202357668781,-1.2670803857262245,1,Papier
-0.8593240176344521,-1.2930946663604994,1,Plastique
-0.6330166663505441,0.6695971168581083,1,Plastique
-0.34508984980896285,1.3126984837748827,0,Plastique
-1.2673284499065915,-1.2443424236295801,1,Plastique
-0.7227406942065647,-1.3022405910207335,1,Plastique
-0.256219193363161,0.6335354933678985,1,Plastique
-0.5404659754965208,0.6559425871866738,1,Plastique
-0.577632913181487,-1.638072795079811,0,Métal
-0.6687406987834634,0.6742767460623533,1,Plastique
-0.2737802935107143,1.6302695115903376,1,Plastique
-0.48173934764870907,0.6553030276577265,1,Plastique
-0.2793994474969379,0.6325629730006226,1,Plastique
2.4143561368362643,1.3257867602623106,2,Verre
-0.9928619859658365,-0.28599458673928146,1,Plastique
-0.8219331549110127,-0.6371939372463002,0,Métal
-0.5075084705360261,1.657303714949853,1,Plastique
1.9466826675481546,-1.6093169731781596,2,Verre
-0.680149585206026,1.6767506352889587,1,Papier
-0.7183757782758152,-0.635430529626668,0,Métal
0.9125405769067594,-0.46150341131288686,2,Verre
-0.7654064084827152,-0.3061753678305881,1,Plastique
-0.3984809632768396,1.327396766361103,0,Métal
-0.7118875220697267,-1.6787875915679005,0,Métal
-0.0027772906132901842,-1.3742203859204543,1,Verre
1.8889655951417774,0.39000794471675215,2,Verre
-0.5899335281101188,0.2714102018253963,0,Métal
-1.0556947493106912,-0.2751095908195371,1,Papier
-0.6412148296199306,-0.32043021082601153,1,Plastique
2.292657340298296,1.3397923820365654,2,Verre
-0.5641841397549132,1.6551423059854329,1,Plastique
-0.7118875220697267,-1.6787875915679005,0,Métal
-0.2519654525021988,-0.3581818212880703,1,Plastique
1.9466826675481546,-1.6093169731781596,2,Verre
-0.7855977964578778,-0.30990447656552433,1,Plastique
-0.8902987800625332,-1.2796902747766388,1,Papier
1.3910454959953222,1.4373193096580053,2,Verre
1.2402619828756398,-1.5180340982605962,2,Plastique
-0.07964538840284255,-1.4166429843840989,1,Plastique
0.1595863652177145,-0.43897121590333843,1,Verre
-0.41535755645816996,-0.7203156984787816,0,Métal
-0.5836553086860149,0.6653782929620478,1,Plastique
0.4018226086934986,-0.4755709771887462,1,Verre
-0.7064128064952109,0.6871467387900985,1,Papier
-0.41345902708322413,0.264045101778666,0,Métal
-0.7916218154069345,0.3145216969635767,0,Métal
-0.739688249407706,1.3232938914982586,0,Métal
-0.639465137337752,-0.3167732203529816,1,Papier
-0.7107687131331943,-0.3103513658982251,1,Plastique
-0.4831787638227,-0.3359802851785447,1,Plastique
-0.7161334997112356,0.32602629440147535,0,Métal
-0.6215413878209364,-0.322659318732067,1,Plastique
-0.1422631856015808,1.618398903480467,1,Métal
-0.7498021612368937,-0.3082475236046376,1,Plastique
-0.22172216069029105,1.6184013449959946,1,Verre
0.07956018962778005,0.26565680625670973,0,Plastique
12.053322234055173,-3.192516229399301,2,Verre
-0.16486869234545762,0.2861967278086377,0,Plastique
1.5542096089849355,-1.5543148731665315,2,Verre
-0.5329939804717245,-0.33165405690133376,1,Plastique
-0.5622759666314197,-0.32801435830213266,1,Plastique
1.4613938516739429,1.4299726924416658,2,Verre
0.851854565802581,-1.4490036599776135,2,Verre
2.2583984930306347,0.34418864694444395,2,Verre
-0.522283346187278,0.33910273221258525,0,Métal
-0.6334331186479537,-1.657002133117044,0,Métal
-0.6326325498597457,0.32995710789617694,0,Métal
-0.8293340951930894,-1.2832300743209115,1,Papier
-0.5057549264555546,-0.6983304106236577,0,Plastique
0.5497153531634761,0.49824416939461624,1,Verre
-0.48862578310850224,1.6552490141393201,1,Papier
2.664274096239459,-0.6892583871504951,2,Verre
-0.6334331186479537,-1.657002133117044,0,Métal
-0.539393037452385,0.28985043791651965,0,Métal
-0.5019458854264406,1.3242597684819335,0,Métal
-0.09979819568744441,0.6132123395903186,1,Plastique
1.7016093690338914,-0.5797710747021486,2,Verre
-0.5280579940536058,-1.678003210941433,0,Métal
-0.7091415088923221,-0.3036212885489602,1,Papier
-0.48862578310850224,1.6552490141393201,1,Papier
1.5568853769654982,0.4275805445537786,2,Plastique
-0.4973315267231502,-1.3313903974901453,1,Plastique
-1.0868431275281067,1.2870983136053706,3,Papier
2.039487680729956,1.368116238981542,2,Verre
-0.8543722460075781,-1.6446108183092647,0,Métal
0.06716580289530852,1.5915987874722923,1,Métal
2.4515871968702854,1.3175374360526912,2,Verre
1.7416250383786787,0.9121670503575137,0,Métal
-0.8902987800625332,-1.2796902747766388,1,Plastique
-0.4579574629232004,-0.3344767585849213,1,Plastique
-0.7124255892300758,-0.7055486716503563,0,Métal
3.1593232695156743,0.24955025389694274,2,Plastique
-0.7161334997112356,0.32602629440147535,0,Métal
-0.7855977964578778,-0.30990447656552433,1,Plastique
-0.57699510972612,1.3487215357177174,0,Métal
-0.2715390252782473,-0.675012796138656,0,Métal
-0.6076525822413896,-0.32315873588180133,1,Plastique
-0.7115729818194954,0.6813947366539466,1,Plastique
-0.9859258071794983,-1.2740411128879001,1,Plastique
-0.6606316167998283,-0.31082147943975835,1,Papier
-0.12647339953489461,0.6186001135263541,1,Métal
-1.1545672592845366,-0.6947236540772534,3,Plastique
-0.8291138071548492,-1.2857365243230154,1,Papier
1.5568853769654982,0.4275805445537786,2,Verre
-0.45261473943527897,-0.3400364753253502,1,Plastique
-1.111478982213392,-1.2612775879810538,1,Papier
1.5285252245087302,-0.5673067039336086,2,Verre
-0.6334331186479537,-1.657002133117044,0,Métal
-0.5333456308604061,-0.3206706263802688,1,Papier
-0.03403171142777042,-0.3797118895692251,1,Plastique
-0.318543103631164,0.6383448463916619,1,Plastique
0.9411464988988183,-0.4943343562653869,2,Verre
-0.26503385005150737,0.6351057674140164,1,Plastique
-0.6759536642469255,0.6852816810881566,1,Plastique
-0.3923460533660005,-0.3438286267334243,1,Plastique
1.4613938516739429,1.4299726924416658,2,Verre
-0.520866715464354,1.6481455179685158,1,Papier
-0.5622759666314197,-0.32801435830213266,1,Plastique
-0.4771630695091046,-0.34279712954020547,1,Plastique
-0.07393465054914525,0.257957422522896,0,Métal
2.241817891389328,0.3544167571329453,2,Verre
1.818476703353801,1.3900864556138257,2,Verre
-0.2439986610196277,1.2774881360884824,0,Métal
-1.1910232253474509,-1.2486971518323253,1,Papier
1.984695796858197,0.37357136486004117,2,Verre
2.322073224966372,0.337901266795098,2,Verre
-0.9817146563972893,-1.2785128200627343,1,Plastique
-0.9461437484038446,0.7116296482616853,1,Papier
-1.2582116448298073,-0.6499058005050623,0,Métal
-0.6342267160319892,1.6722837469522134,1,Papier
-1.0216740461372191,-1.2664917377609406,1,Papier
-0.7118568658078139,0.6817316664896087,1,Plastique
1.8388006927506912,1.3882215211805329,2,Verre
-1.1545672592845366,-0.6947236540772534,3,Plastique
1.6035598680518677,1.4124455671929457,2,Verre
-0.8361057286527616,-1.2957545835032147,1,Plastique
-0.23448113333645565,1.2677573195729648,0,Métal
1.8222911860573263,0.39305065101139025,2,Verre
-1.0394620128442849,-1.2662826100031703,1,Papier
2.0007757191057327,0.3816124479111056,2,Verre
-0.6430391021096348,-0.3259223301803016,1,Plastique
1.4937829284116917,-0.5633962664619733,2,Verre
-0.8002383685510026,-0.30602658703815466,1,Plastique
-0.5722773309559969,-0.3252988515267985,1,Plastique
2.4299865495963053,-1.6540119413099794,2,Verre
-0.734603237837965,0.6718251779310871,1,Plastique
-0.2715390252782473,-0.675012796138656,0,Métal
0.8371077597954381,-0.45586528839161855,2,Verre
-1.1200595429188929,-0.26899036636649143,1,Plastique
-0.7642583833750459,-0.3044840017333026,1,Plastique
1.6521138951321588,1.4107818546438147,2,Verre
-0.892152295507876,-1.2807095225128915,1,Papier
-0.5156187584985831,-1.6399928559505643,0,Métal
-0.46745412571990674,-1.6914690032576911,0,Métal
0.9249670952152522,0.5268570802361416,2,Verre
-0.37290238502707285,1.6374890295798907,1,Plastique
-0.9035090192187983,-1.2781613986733111,1,Papier
2.403964097061919,0.33176721109469365,2,Verre
-0.12647339953489461,0.6186001135263541,1,Métal
-0.6558974297705499,1.678212644171795,1,Papier
1.2795095021835043,1.4485013883528801,2,Verre
-0.7825540279237578,-0.29730152029838286,1,Papier
-0.6782558992639546,-0.31030132163147606,1,Papier
-0.839127322213352,-1.2901419041674727,1,Plastique
-0.7027036009045038,-0.3057876947895126,1,Papier
-0.9461437484038446,0.7116296482616853,1,Papier
-0.6444107594753727,0.354795673052374,0,Métal
-0.34320622843696413,0.638203318699597,1,Plastique
1.3314695449965086,0.45087657249735846,2,Verre
1.967323848916529,-0.6183145166994869,2,Verre
-0.7731183103700952,-0.2968461702809908,1,Papier
-0.3319342642455402,1.6358594633296895,1,Plastique
-0.5190370242644465,1.6552972708472142,1,Plastique
-0.48971070418027396,1.6532389801577405,1,Plastique
-0.5179191258182173,1.6624030427274603,1,Papier
-0.32682045555469197,0.6401491105484365,1,Plastique
1.6148152880663262,1.4104799589948975,2,Verre
-0.7144308683465708,0.36184514181292204,0,Métal
-0.8892550462549462,-1.2860033558510509,1,Plastique
-0.4777563540758115,0.6522589597767363,1,Plastique
1.3314695449965086,0.45087657249735846,2,Verre
-0.5807901453679234,-0.3242952393160974,1,Papier
-0.0577177355357302,-1.3855719517743401,1,Verre
-0.7329207488240747,-1.3049949686571984,1,Plastique
-0.38663368902590034,1.6523477396142539,1,Papier
1.8920227322568466,-0.6040059172838974,2,Verre
-0.48971070418027396,1.6532389801577405,1,Plastique
-0.5823987971452674,-1.317282520141313,1,Plastique
1.9918911710306393,0.37827508933215803,2,Verre
1.6426397367905095,1.4106854841198564,2,Verre
-0.43008213238079496,1.6463099767797276,1,Plastique
-0.3740434451396354,-0.7331879073772938,0,Métal
-0.48802838796622605,0.6658328094523156,1,Papier
-0.8701738927208593,1.694102014371232,1,Papier
2.2191815445005734,1.344000237463394,2,Verre
1.3686473673086872,-0.548187174403014,2,Verre
-0.8002383685510026,-0.30602658703815466,1,Plastique
-0.7789126071733856,-0.30722287567944107,1,Papier
-0.2957240805233311,-0.7457801157859736,0,Plastique
1.6148152880663262,1.4104799589948975,2,Verre
-0.44955236552836275,-0.345517921768304,1,Plastique
-0.7749705740813226,0.6942961371098344,1,Papier
-1.0544235667893755,0.7181651843476857,1,Papier
-0.4358660211586852,-1.3331678085483492,1,Plastique
-0.6911654983786755,-1.3058898175337683,1,Plastique
-0.5022805821133287,1.646679611570905,1,Plastique
1.559177765468777,-1.5613040574076298,2,Verre
-0.43879637793490434,0.6546295785036056,1,Plastique
1.8454947045862538,0.3922446998255542,2,Verre
1.684556058685523,-0.5778828434023814,2,Verre
-0.4500063057720447,0.650129075716227,1,Plastique
-0.5345518352218331,-0.330812998103595,1,Plastique
-0.5649461966017779,1.2826111423770963,0,Métal
-0.28457349388453057,0.6357582230616285,1,Plastique
-0.13927081612232128,0.2996278395948486,0,Métal
2.2491749027473196,-0.6387916455725553,2,Verre
1.4657627778376594,0.43320421495434824,2,Verre
1.9109325219846722,0.3888753402250862,2,Verre
1.24303263685924,-0.5341948655306898,2,Verre
-0.4935772964578494,0.32089257730932874,0,Métal
-0.4903799585293275,-0.33224181245982254,1,Plastique
-0.4379414076174276,0.6493293298804923,1,Plastique
-0.7077335478497777,-0.3137165678194178,1,Plastique
-0.8668269202938879,0.6984741678828381,1,Papier
-0.37438043152851125,-0.35106417091301756,1,Plastique
-0.5388825193070791,0.67216410328814,1,Papier
9.136372616266371,-1.761732851154237,2,Verre
-1.0386840348155493,-0.27769454370286595,1,Papier
-0.7161334997112356,0.32602629440147535,0,Métal
-0.7118875220697267,-1.6787875915679005,0,Métal
-0.4958803332164604,-0.3387005660129354,1,Plastique
-0.2868530353311682,-1.3474149939967472,1,Métal
1.5572796124309594,0.4268460965375558,2,Verre
-0.7617567452710687,0.3474040658426305,0,Métal
2.463208699398891,1.320089678916798,2,Verre
-0.17378544853894506,1.2415680161012401,0,Métal
1.8356559472894907,0.3938051353127041,2,Verre
-0.10518340371588583,-0.41106713049163823,1,Papier
-0.5271037432931641,1.6473868132906306,1,Plastique
1.4670516321145217,-1.5507500896786268,2,Verre
1.3314695449965086,0.45087657249735846,2,Verre
-0.6411771487081366,-0.3204511565003827,1,Plastique
-0.7588826194367508,0.6929029862434877,1,Papier
-0.6338896103063858,-0.3249078659013238,1,Plastique
0.07956018962778005,0.26565680625670973,0,Métal
1.3314695449965086,0.45087657249735846,2,Verre
1.722032552698261,-1.580090642968768,2,Verre
-1.063049170962041,0.7566575160314957,1,Plastique
-1.1782107313687327,-1.2588082977826176,1,Papier
2.054895535749814,1.3607439301356312,2,Verre
-0.20362486977079455,-0.36297953613235223,1,Métal
1.4860351154153897,-1.5511795188476925,2,Verre
-0.6802050592429182,1.678712792803003,1,Papier
-0.8208016190232102,1.6894422954303472,1,Papier
-0.5022805821133287,1.646679611570905,1,Plastique
-0.8201165309478446,-0.6749377736545884,0,Métal
1.7688462778660352,-0.5936112566317508,2,Plastique
-0.6146047574049739,-0.322312258888114,1,Plastique
1.3335641246066465,-1.5324040084610493,2,Verre
-0.4958803332164604,-0.3387005660129354,1,Plastique
-0.6621295087370603,-1.637130357848037,0,Métal
-0.3635829745764423,0.32227558716875504,0,Métal
-0.7731183103700952,-0.2968461702809908,1,Papier
-0.9774493558847646,-0.27932027052738295,1,Papier
-0.6430391021096348,-0.3259223301803016,1,Plastique
-0.6174833381515717,-0.3136662663041836,1,Papier
1.9918911710306393,0.37827508933215803,2,Verre
0.41435963126836484,-0.4753171352122484,1,Papier
-0.5388825193070791,0.67216410328814,1,Papier
-0.6759536642469255,0.6852816810881566,1,Papier
1.8388006927506912,1.3882215211805329,2,Verre
-0.3412972296317907,-1.344797194765068,1,Plastique
2.2529318915755487,-0.6432506558745413,2,Verre
-0.14715177488877412,1.2847334624944888,0,Métal
1.1963396138830107,-0.5283090340457274,2,Verre
-0.40329692971521824,1.280639966686458,0,Métal
-0.44955236552836275,-0.345517921768304,1,Plastique
-0.22588734119635476,0.2839595276530411,0,Métal
-0.8080989490855923,-0.6858814845159925,0,Métal
-0.5158381610392067,-1.326831097404992,1,Plastique
-0.9942133883773274,-0.27894116420495996,1,Papier
0.9547798899079625,-1.4939069173578658,2,Verre
-0.751332236678703,0.6900377087435017,1,Papier
1.9580872148753636,0.37957458027434887,2,Verre
-0.81462377762891,-1.2984347096915831,1,Plastique
-0.24551787127483077,1.628636557951263,1,Plastique
-0.44955236552836275,-0.345517921768304,1,Plastique
1.371816563530918,0.44821456190763076,2,Verre
-0.9657594338851342,-1.6522728013244383,0,Métal
-0.7972420531857902,1.6790973380135295,1,Plastique
0.20593353945872137,1.2322720053648786,0,Métal
-0.7328607932255031,-0.3011192799315856,1,Papier
-0.702908516491379,-0.30668388762441734,1,Papier
-0.5345518352218331,-0.330812998103595,1,Plastique
-0.7091415088923221,-0.3036212885489602,1,Papier
2.8000118927428934,0.28941165547176695,2,Verre
-0.5887285200155368,-1.321728841589371,1,Plastique
-0.6943275757696734,0.6786068564880423,1,Papier
-0.7170532683067711,-0.3063303462235005,1,Papier
1.4613938516739429,1.4299726924416658,2,Verre
-0.7776316063225828,-1.6794378337075102,0,Métal
-0.3928908851649453,-1.7285590393590395,0,Métal
-0.46745412571990674,-1.6914690032576911,0,Métal
-0.6167764370869511,-0.6640105855051113,0,Métal
-0.4738055422238686,1.6485157430716744,1,Plastique
-0.7765907027930472,-0.2973155250009536,1,Papier
-0.6817424552162119,-0.32303724231556896,1,Plastique
-0.29622339909176454,0.6363202230141389,1,Plastique
1.3335641246066465,-1.5324040084610493,2,Verre
-0.6082104443545091,-0.31421946830402403,1,Papier
-0.6802050592429182,1.678712792803003,1,Papier
-0.8141982325884158,0.3775288680955864,0,Métal
-0.5389106596255188,-1.3198233521355291,1,Plastique
2.5536961713464468,1.3109911476093903,2,Verre
-0.48971070418027396,1.6532389801577405,1,Plastique
-0.8892550462549462,-1.2860033558510509,1,Plastique
-0.5078904519938363,-1.671169142689112,0,Métal
-0.6896912431428321,0.3515405246926804,0,Métal
-0.43666390633588326,0.26244320978989855,0,Métal
-0.7663949228163751,0.6850727340196447,1,Plastique
-0.6553465262312996,-0.318613470532064,1,Plastique
-0.9414017226479275,-1.275283054220382,1,Papier
-0.5389106596255188,-1.3198233521355291,1,Plastique
-0.6047524023977793,-1.6682344900841883,0,Métal
-0.31711369381047116,-0.7340137418131141,0,Métal
-0.680822113327629,-0.3174006306110182,1,Plastique
-0.483577174057758,-0.32553189681030137,1,Plastique
0.4025872059107255,0.5622173135686739,1,Métal
-0.9629589049276568,-0.2807624298434286,1,Papier
-0.48173934764870907,0.6553030276577265,1,Plastique
1.8428264016285785,-1.5943445407134726,2,Verre
-0.6208092614869715,-0.3257174302379293,1,Plastique
-0.6190551753247835,-1.642992842235653,0,Métal
-0.12647339953489461,0.6186001135263541,1,Métal
0.009322097830810144,-1.4271044284661778,1,Plastique
-0.6552091385660138,-0.31023106045888604,1,Papier
1.9087302417597436,1.3765498841600239,2,Verre
-0.771675763699287,0.6943567563308817,1,Papier
-0.7540607968105223,-0.617851867592865,0,Métal
-1.1125387371696733,-0.7013079380430673,3,Plastique
-0.6035427808612491,-0.3289381427875018,1,Plastique
-0.5904971625965353,-0.33157099791026146,1,Plastique
-0.7178761982845757,-0.31248242958428096,1,Papier
-0.5043856134523848,-1.3287473228688833,1,Plastique
1.5301662137504262,-1.5599131610304688,2,Verre
-0.8998272402663612,-0.28590502874368773,1,Papier
-0.7168241342555814,-0.31534238361715294,1,Plastique
-0.9223324639633665,-1.2860161384728752,1,Papier
-0.917183813818258,-1.2844693043671538,1,Plastique
-0.9944951592299116,-0.6590418542087709,0,Métal
-0.5982773190555647,-0.33086437060623464,1,Plastique
-0.4545040651524843,1.6433764300176754,1,Plastique
-0.9789241436265078,-1.280454885717953,1,Plastique
-0.9882841712259446,-1.273207422498419,1,Plastique
-0.3412972296317907,-1.344797194765068,1,Plastique
-0.702908516491379,-0.30668388762441734,1,Papier
-0.3864565360846951,1.6412626078300343,1,Papier
-0.6933057369130003,-0.31047744695650636,1,Plastique
-0.7383720964206539,0.6823487804112263,1,Plastique
-0.6315895884384479,0.6721466716654787,1,Plastique
-0.8290935637686824,-1.2873227845585706,1,Papier
-0.23107094699315517,1.6234956736300863,1,Plastique
-1.03951589694695,-1.6423085691719896,0,Métal
-0.5211687614705269,0.6546294790917846,1,Plastique
-0.11173159429959972,0.27457456093175425,0,Métal
-1.4975495211168461,-0.19047263085370103,1,Plastique
-0.3032175262436327,1.3121323497541957,0,Métal
-0.5915441521466194,-0.3254323436093127,1,Plastique
1.6148152880663262,1.4104799589948975,2,Verre
-1.0002844230198136,-0.2773740062903425,1,Papier
-0.7849852709451784,1.6806313677816285,1,Plastique
2.2522330888841804,1.336901751291817,2,Verre
2.7553390733479377,-0.17793149216654802,2,Métal
0.6481859174086992,0.5513219283646964,2,Verre
-0.2394528971309235,1.6257478043150908,1,Métal
-0.5156187584985831,-1.6399928559505643,0,Métal
-0.5373277989231504,1.654263299614436,1,Papier
-0.7123064351617717,1.6763697079118052,1,Papier
-0.8996625502921459,-0.29115356774219125,1,Plastique
-0.5494869661548962,0.6631770806282005,1,Plastique
-0.6511346552801375,-1.3002188260498517,1,Plastique
-0.5459034416980083,1.6647125210044929,1,Papier
-0.704636785383721,-0.629637418032313,0,Métal
-0.18304134595698238,0.592583447274585,1,Plastique
-0.5243016290698864,-1.7006272112030396,0,Métal
1.0638033858570657,1.4720870706261657,2,Verre
-0.2840334904426872,0.6379941884297338,1,Plastique
2.4143561368362643,1.3257867602623106,2,Verre
-0.5932505051247486,1.667584181909682,1,Papier
-0.9842379437290221,-0.28146090912123833,1,Papier
-0.6696455726947493,-0.31600856916641695,1,Plastique
-0.3059496139217033,0.6363719216206929,1,Plastique
-0.43427903033790727,0.3217613421370711,0,Métal
2.2605021110526073,0.3502666969277375,2,Verre
-0.8744940505457578,-1.2969609269961158,1,Plastique
-0.743891543465902,-0.3004322788010707,1,Papier
-0.5426232947350732,0.6724878391694535,1,Papier
-0.8301868976490008,-1.2860714468988788,1,Plastique
-0.739688249407706,1.3232938914982586,0,Métal
-0.37438043152851125,-0.35106417091301756,1,Plastique
-0.4627967901104647,0.6566890445065294,1,Papier
2.4515871968702854,1.3175374360526912,2,Verre
-0.611008710384928,-1.3195142872511745,1,Plastique
-0.4234608262860532,-1.3405125386047834,1,Plastique
-0.40939130879904506,-0.34731096067895817,1,Plastique
-0.5057549264555546,-0.6983304106236577,0,Métal
2.089927259648426,-1.618167165126803,2,Plastique
-0.577632913181487,-1.638072795079811,0,Métal
1.175266689819234,1.4611040475877803,2,Verre
1.2688644201949224,-0.5342261844340008,2,Verre
-0.6307894225957078,-0.32358521684552155,1,Plastique
-0.6727206508275865,0.299431867628315,0,Métal
-0.7668123773363635,-1.298787492739483,1,Plastique
-0.6082104443545091,-0.31421946830402403,1,Papier
-0.6911654983786755,-1.3058898175337683,1,Plastique
-0.256219193363161,0.6335354933678985,1,Plastique
2.2991045577964733,-1.6418870400595444,2,Verre
0.14061605140343655,-0.4358678620459884,1,Verre
-1.0493436720378517,-0.6315553565336511,0,Métal
1.3910454959953222,1.4373193096580053,2,Verre
-0.38916772616866224,1.6390594438568755,1,Plastique
-0.9042589558892188,-0.2838388763636861,1,Papier
-0.6721655031960878,-1.6216139695158573,0,Métal
-0.18421394953073666,1.2670201493414532,0,Métal
-0.5898185332343572,-0.32591814091779825,1,Plastique
-0.7898602846533029,-0.306279505961486,1,Papier
-0.26503385005150737,0.6351057674140164,1,Plastique
1.3443472684241073,1.48177059565669,2,Verre
-0.4500063057720447,0.650129075716227,1,Plastique
-0.8763799226645685,1.6895197412768204,1,Plastique
-0.8919097910274586,-0.2874686085561886,1,Papier
-0.81462377762891,-1.2984347096915831,1,Plastique
1.170292998927478,-0.5245959099221233,2,Plastique
-0.9817146563972893,-1.2785128200627343,1,Plastique
-0.4568179945732701,0.6653416762988418,1,Papier
-0.5179191258182173,1.6624030427274603,1,Papier
-0.6059559743399326,-0.6531810932974362,0,Métal
-0.36926951963667665,1.3026776879937139,0,Métal
-1.076935660651512,-1.2629509202252367,1,Papier
1.5568853769654982,0.4275805445537786,2,Verre
-0.8878828540349135,-1.2857767410706422,1,Papier
-0.6195995383097039,-1.3051591892741647,1,Papier
1.7434020530072873,0.4031496404808137,2,Verre
1.4608028189177176,0.43909097931075736,2,Verre
-0.5478009872520146,-1.659644540315446,0,Métal
2.488638930951668,1.3182151166515659,2,Verre
-0.6330166663505441,0.6695971168581083,1,Plastique
1.8052017804011071,-1.5861502688732896,2,Verre
-0.326294021644439,-0.3577336150317174,1,Plastique
-0.56914398348202,1.6568316735935265,1,Plastique
1.3335641246066465,-1.5324040084610493,2,Verre
-0.6395187322466209,-1.6459526980408248,0,Métal
-0.9626290614354107,-0.2794272986548012,1,Papier
-0.866294701108097,-1.2908449552366668,1,Papier
-0.33532699062294996,1.6319728271483,1,Plastique
-0.9563442497785073,-1.653747805503244,0,Métal
2.488638930951668,1.3182151166515659,2,Verre
-0.5902204699069805,0.6599252240835078,1,Plastique
-0.7389389240111474,-0.31297565993014875,1,Plastique
-0.8056250528621177,1.6884097158920828,1,Papier
-0.6332690957914356,-1.303017685275981,1,Papier
-0.7651464800252776,-0.3064838658651803,1,Plastique
-0.35480404221314576,1.6389180785359618,1,Plastique
-0.5902204699069805,0.6599252240835078,1,Plastique
-0.19122546639673477,0.6300758316039927,1,Métal
-0.892152295507876,-1.2807095225128915,1,Papier
-0.6872218168792226,1.668231179275521,1,Plastique
1.8889655951417774,0.39000794471675215,2,Verre
1.4657119905054667,-0.5558537543883324,2,Verre
0.8299850617848569,-0.4546195377106963,2,Verre
-0.43666390633588326,0.26244320978989855,0,Métal
-0.8043809421483596,-0.2957066527954255,1,Papier
-0.5211687614705269,0.6546294790917846,1,Plastique
-0.33403895795100136,0.6407501489620524,1,Plastique
-0.35480404221314576,1.6389180785359618,1,Plastique
-0.9739775484790479,-0.6078045433297743,0,Métal
-0.3540792910242916,1.6303384348870245,1,Plastique
-0.5073998503447277,-0.3344160836841643,1,Plastique
-0.9774493558847646,-0.27932027052738295,1,Papier
-0.7776316063225828,-1.6794378337075102,0,Métal
-0.4720287853633339,-0.7135315179961648,0,Métal
-0.6953317204851555,0.6767909569103583,1,Plastique
-0.6315895884384479,0.6721466716654787,1,Plastique
-0.6395187322466209,-1.6459526980408248,0,Métal
1.7191249366240602,0.41660666644988575,2,Verre
-0.2439986610196277,1.2774881360884824,0,Métal
0.007177788428238602,0.25992144217043234,0,Métal
1.8222911860573263,0.39305065101139025,2,Verre
-0.3100523472512204,1.2797667913635264,0,Métal
1.1208225194619752,0.5107423737572139,2,Verre
-0.5902204699069805,0.6599252240835078,1,Plastique
-1.105460177415803,-0.2657016380221682,1,Papier
1.3828106762141175,0.4427971508136932,2,Verre
1.6647584942842946,-1.570399174471992,2,Verre
-0.56914398348202,1.6568316735935265,1,Plastique
-0.6385080760436705,1.662885968915073,1,Plastique
1.8781069703158524,-0.6034467625517462,2,Verre
-0.8961376764075721,0.35262241585181986,0,Plastique
-0.7540607968105223,-0.617851867592865,0,Métal
-0.9806698622665229,-1.6544515810343865,0,Métal
-0.8892550462549462,-1.2860033558510509,1,Plastique
0.9249670952152522,0.5268570802361416,2,Verre
-0.7588826194367508,0.6929029862434877,1,Papier
-0.8578345975720618,-1.6620766827188205,0,Métal
-0.3659438284510086,0.28419001508154307,0,Métal
-0.8785074692694552,0.6921583973263294,1,Plastique
-0.7064128064952109,0.6871467387900985,1,Papier
-1.0209750694189785,-1.6282992660641855,0,Métal
-0.5749213587811339,1.3282261250945437,0,Métal
-0.8651498686989986,-0.29174259248924206,1,Papier
-0.6803454821013522,0.6718663837445076,1,Plastique
-0.7071695859180054,0.3216219169904737,0,Métal
-0.7700356642417989,1.3407014476135937,0,Métal
-0.894722767512414,-0.6589800491776416,0,Métal
1.5619208238397602,-1.5656104978486511,2,Verre
2.3625501859496736,-1.653715562903939,2,Verre
-0.9035090192187983,-1.2781613986733111,1,Papier
2.4639834694031695,-0.6696814508304607,2,Verre
-0.6894178850682565,1.3530136570705074,0,Métal
0.04926524303937635,-1.3837974107211126,1,Métal
2.047678729464164,-0.620123497624052,2,Verre
-0.917183813818258,-1.2844693043671538,1,Plastique
1.4657119905054667,-0.5558537543883324,2,Verre
-0.6534133585489156,-0.6527505434056451,0,Plastique
-0.3793805670301154,-1.7193965813189465,0,Métal
-0.642185871242317,-0.31925394661304973,1,Plastique
1.9898687109655309,0.37827742945088905,2,Verre
-0.2793994474969379,0.6325629730006226,1,Plastique
-1.0696463091719777,-0.2743131923415387,1,Plastique
-0.56914398348202,1.6568316735935265,1,Plastique
2.2651197940444767,0.34928378191713083,2,Verre
-0.9787670610393531,-0.2877323125341362,1,Plastique
1.4670516321145217,-1.5507500896786268,2,Verre
-0.36977400366667285,-0.7382551259350445,0,Métal
-0.736024419423014,-0.3014595399499418,1,Papier
-0.9737925784825799,-1.2700186133879976,1,Papier
-0.4950747493603139,-0.7234226677568749,0,Métal
0.152653600492455,1.586118016194909,1,Métal
-0.6699275953344423,-1.2985261636945387,1,Papier
2.8000118927428934,0.28941165547176695,2,Plastique
-0.4922843538871857,0.6592300103665718,1,Papier
1.5536748558358573,0.4311244288745959,2,Verre
1.637020912258993,1.413783094564972,2,Verre
-0.5990937146511637,-0.31037038187718213,1,Plastique
1.274427128788684,-1.485742282071418,2,Plastique
2.208798995212381,-0.6337516621535756,2,Verre
-0.6431851095713752,0.35982163730138117,0,Métal
-0.40329692971521824,1.280639966686458,0,Métal
2.154073220007338,-1.62583204501358,2,Verre
1.3314695449965086,0.45087657249735846,2,Verre
2.399284962138049,0.3352581457954744,2,Verre
-0.975413539788579,-1.6566949699266198,0,Métal
-1.0303731597794725,-1.2675395548817407,1,Papier
-0.7498021612368937,-0.3082475236046376,1,Plastique
2.14044022801236,1.3598518528575092,2,Verre
-0.743891543465902,-0.3004322788010707,1,Papier
-0.5559892807782659,1.6650365018026776,1,Papier
1.2639803720812404,0.3730257412489111,1,Plastique
2.4990843149171913,1.3169802589847273,2,Verre
1.4937829284116917,-0.5633962664619733,2,Verre
-0.8801971891831901,0.7029661043779425,1,Papier
-0.6456835137657614,-0.3213788370505366,1,Plastique
0.7761989052618571,1.4657773796989944,1,Verre
-1.1979056552266514,-1.2547925394775914,1,Plastique
0.9836080948201618,-0.46878905308317964,2,Verre
-0.8680993154524671,-1.2808458964478786,1,Plastique
-0.28277209312301005,1.6261366546302274,1,Plastique
2.9658320686982704,0.2727252364467474,2,Verre
-0.5345518352218331,-0.330812998103595,1,Plastique
-0.6445036876614609,0.6831496162174668,1,Papier
1.3910454959953222,1.4373193096580053,2,Verre
-0.7754370669899355,-1.3001742216685126,1,Plastique
-0.528261415925432,-0.3214671310678143,1,Papier
2.6968078746235404,-0.689692073059839,2,Verre
-0.3603174245846962,1.268219366023746,0,Métal
-0.6059559743399326,-0.6531810932974362,0,Métal
-0.15442715072072544,1.614847016503208,1,Plastique
1.8105928495881995,0.39579165549753736,2,Verre
-0.9737925784825799,-1.2700186133879976,1,Papier
-0.7797760873777331,-0.6437983594300378,0,Métal
-0.502001849600446,0.28472089832375613,0,Métal
-0.6997855399498616,-0.31960920109039326,1,Plastique
-0.775496656467258,-1.2895657757107455,1,Papier
-0.5066359596607731,1.6605320598330324,1,Papier
-0.6655938020192423,-0.6602643891859248,0,Métal
-0.9042589558892188,-0.2838388763636861,1,Papier
-0.44119526793696984,-0.7075253191506943,0,Métal
-0.23107094699315517,1.6234956736300863,1,Plastique
1.8243490409759158,1.3893762743105464,2,Verre
-0.7452063581136881,-1.30945571704749,1,Plastique
-0.5444267985498669,-0.326265852903898,1,Plastique
-0.10090077464623654,1.6050075179029244,1,Plastique
-0.6573467104324129,-0.3155388864333233,1,Plastique
1.8344283459131536,-0.6007623510003622,2,Verre
-0.38916772616866224,1.6390594438568755,1,Plastique
0.4025872059107255,0.5622173135686739,1,Métal
-0.6106094838331237,-1.6766120248540561,0,Métal
-0.8759277477102276,0.6978988858201916,1,Papier
1.143670426207248,1.499436852877854,2,Verre
-0.5950508993530641,0.666325567520279,1,Plastique
-0.3979835869839049,-1.3381662844720053,1,Plastique
-1.0359319889364065,0.7118604489359865,1,Plastique
-0.5458513668226614,1.651518602091824,1,Plastique
-0.5983034162972465,1.6568668475062795,1,Plastique
-0.9000058562948081,1.6979895238023388,1,Papier
-0.34582288954954027,-0.7324263972684528,0,Métal
-0.8027929184208659,-0.29642171735222034,1,Papier
1.1275898097315493,1.5564532142815948,2,Verre
1.9363913786600833,1.3764527811792637,2,Verre
-0.5915441521466194,-0.3254323436093127,1,Plastique
0.9249670952152522,0.5268570802361416,2,Verre
-0.029762269954807907,-0.3847791081269758,1,Métal
-0.7144308683465708,0.36184514181292204,0,Métal
-0.6803454821013522,0.6718663837445076,1,Plastique
-0.7754229105233428,-0.3012692860942763,1,Papier
-0.8409021574623275,-0.6516690340916693,0,Métal
-0.4123609999947233,0.6523429540061827,1,Papier
-0.45242751299386685,1.6469473772246566,1,Papier
-0.34694703698304863,-0.7153922024178021,0,Métal
-0.9414017226479275,-1.275283054220382,1,Papier
-0.3525620444985742,1.635067972090179,1,Plastique
-0.6606316167998283,-0.31082147943975835,1,Plastique
-0.5129871267120466,1.6534279725650605,1,Plastique
-0.7168241342555814,-0.31534238361715294,1,Plastique
-0.23448113333645565,1.2677573195729648,0,Métal
-0.8383555856085874,0.6992872146016584,1,Papier
1.8243490409759158,1.3893762743105464,2,Verre
-0.2726825072885051,1.2867200265280323,0,Métal
1.3686473673086872,-0.548187174403014,2,Verre
1.9623852457170576,-1.60596131284802,2,Verre
-0.6430391021096348,-0.3259223301803016,1,Plastique
-0.6935936780877673,1.6782792544572198,1,Papier
-0.7994052656638981,-1.6379636077526154,0,Métal
-0.3100523472512204,1.2797667913635264,0,Métal
-0.723755578437331,-0.3118083915897183,1,Plastique
-0.8758748154397742,-1.2884274646008638,1,Plastique
-0.41917477282682203,0.6469547156174642,1,Plastique
-0.4428040229712712,0.3369449208107971,0,Métal
-0.6231916852381522,-0.32289477942129907,1,Plastique
-0.5133999385665494,1.651841279326714,1,Plastique
-0.4566623277794465,0.656448672100659,1,Plastique
1.967323848916529,-0.6183145166994869,2,Verre
-0.5791041280904737,1.6664700087471267,1,Papier
-0.7784758610132092,0.30502321462727866,0,Métal
1.8576335421099501,-1.5885338285457136,2,Verre
0.04926524303937635,-1.3837974107211126,1,Métal
-0.8441166648015376,-1.2921811042578017,1,Plastique
-0.501485484982592,-0.7033976291814084,0,Métal
2.488638930951668,1.3182151166515659,2,Verre
-0.608208264781666,-1.668859340511251,0,Métal
-0.256219193363161,0.6335354933678985,1,Plastique
-0.7176837303088315,-1.6430212082252742,0,Métal
-0.5023665181878106,1.655464841275282,1,Papier
-0.41093918054496337,1.638672978445623,1,Plastique
-0.3576729105812925,-0.6982256391941228,0,Métal
-1.3861581179303535,-1.6171374765455582,0,Métal
-1.1462923840975963,1.3682244939450772,0,Métal
1.032069422403283,1.5085561723302627,2,Verre
2.3326606850863723,-1.646445889863599,2,Verre
-0.6111038465450636,-1.3205276063038296,1,Plastique
2.4035173275804045,0.3302349312020665,2,Verre
-0.6802050592429182,1.678712792803003,1,Papier
-0.7651464800252776,-0.3064838658651803,1,Plastique
-0.7227406942065647,-1.3022405910207335,1,Plastique
2.055191447665156,0.3690077398261917,2,Verre
-0.9199601006087802,-0.6654655576167918,0,Métal
2.664274096239459,-0.6892583871504951,2,Verre
-0.5381612362726091,1.6521813041353044,1,Plastique
-0.555915545954213,1.660536511773363,1,Papier
1.3257758839277232,1.4429289091009736,2,Verre
-0.2842448837404532,0.6382450821469117,1,Plastique
-0.6486802009483352,0.35986289161012475,0,Métal
-0.9578645213361481,-1.272917539320281,1,Papier
-0.7651464800252776,-0.3064838658651803,1,Plastique
-0.9030287090365763,-0.6733711965485272,0,Métal
-0.38001596889812284,1.323375836588131,0,Métal
-0.7781018357972351,0.6952984645576639,1,Papier
-0.866294701108097,-1.2908449552366668,1,Papier
-0.826608516940933,0.6920288262714196,1,Papier
-0.668274883425219,1.6655471097559353,1,Papier
-0.7177824644362809,-1.2941759866583677,1,Papier
0.9249670952152522,0.5268570802361416,2,Verre
-0.48930785498488694,0.315825358751578,0,Métal
-0.7754229105233428,-0.3012692860942763,1,Papier
-0.7492922120974896,1.684494740744196,1,Papier
1.3181849074584269,-0.5410019564110311,2,Verre
-0.9723152213174152,-1.2694519241927127,1,Papier
0.9646252434279918,-0.5047558554351751,2,Verre
-0.4195093913200536,0.2567246239801133,0,Métal
-0.6652777181768601,0.6713190247178111,1,Plastique
-0.7642583833750459,-0.3044840017333026,1,Plastique
2.7568772177192047,1.2864159342162742,2,Verre
1.1760192448788052,0.46863035750276194,2,Verre
1.4944250887381088,-0.5614702200894299,2,Verre
0.39691115810185373,-0.3641801983329813,2,Verre
2.054895535749814,1.3607439301356312,2,Verre
1.9599885654739153,-0.6119125811834716,2,Verre
-0.3648588848728016,0.320046288806233,0,Métal
-0.7227406942065647,-1.3022405910207335,1,Plastique
-0.6703185272437822,0.6784462342116682,1,Papier
-0.41345902708322413,0.264045101778666,0,Métal
-0.7588826194367508,0.6929029862434877,1,Papier
-0.5022805821133287,1.646679611570905,1,Plastique
-0.8660558759393759,0.7031539519886494,1,Papier
-0.6362338455031588,1.3047395025161552,0,Métal
-0.3223661791079244,0.30574257842265906,0,Métal
-0.29783547068685057,-1.3446518832254384,1,Métal
1.765017288477377,-0.5890667919258845,2,Verre
-0.4993441908332764,-0.7183554491991243,0,Métal
-0.9321403197956872,-1.2830891874562156,1,Plastique
1.6559589650050899,1.4062183046948686,2,Verre
-1.0209750694189785,-1.6282992660641855,0,Métal
-1.171540839600162,-1.2527287690161086,1,Papier
2.2024833355265576,1.3473330455646997,2,Verre
-0.5782171515805485,-0.3136409517799612,1,Papier
-1.0300980927925258,-1.6123796443208804,0,Métal
-0.14888412299756695,0.29707462920124983,0,Métal
1.4657119905054667,-0.5558537543883324,2,Verre
-0.9194147309945724,1.2611468317736925,3,Plastique
-0.9723152213174152,-1.2694519241927127,1,Papier
-1.5526213733107526,0.4537732834231354,0,Métal
-0.432379261047134,1.6436663238175904,1,Plastique
-0.6824674530002265,-1.295310158619942,1,Papier
-0.6385080760436705,1.662885968915073,1,Plastique
-0.7161334997112356,0.32602629440147535,0,Métal
-0.5436223032583816,0.6596886984076684,1,Plastique
-0.3061796339849162,0.6397615218726498,1,Plastique
2.7755246397487245,0.2901916138925098,2,Plastique
-0.591115159015075,-1.3165061809079053,1,Plastique
-0.5198416008519738,0.6690991068795114,1,Papier
-0.8785074692694552,0.6921583973263294,1,Plastique
-0.7027036009045038,-0.3057876947895126,1,Papier
0.6624805791231325,0.5503392655582222,2,Verre
-0.5492435773894538,1.6575728345143224,1,Papier
-0.4217043929240377,1.6362990415730783,1,Plastique
-0.39299630331024027,0.6496921608594934,1,Plastique
2.039487680729956,1.368116238981542,2,Verre
1.9918911710306393,0.37827508933215803,2,Verre
1.569385773918365,-0.573134135435278,2,Verre
-0.5990822501053771,0.668432866535688,1,Papier
-0.421326005708212,0.6597814205144392,1,Papier
-0.9555133835387105,-1.2736377450120757,1,Plastique
-0.8923183059568482,0.7047093487639435,1,Papier
1.3181849074584269,-0.5410019564110311,2,Plastique
-0.7022604465535989,0.6775959919821808,1,Plastique
-1.0509543339172827,-0.2690170360438653,1,Papier
-0.7442946000125042,-0.3073251209091048,1,Plastique
-1.0166884443119764,-1.266114541015213,1,Papier
-0.7107687131331943,-0.3103513658982251,1,Plastique
-0.8582957360161008,-1.2908287571283332,1,Plastique
-0.8273096540329419,0.7007851726700844,1,Papier
1.3770002339020782,1.439228624335225,2,Verre
1.2795095021835043,1.4485013883528801,2,Verre
1.8344283459131536,-0.6007623510003622,2,Verre
-0.43879637793490434,0.6546295785036056,1,Plastique
-0.22691264693283655,0.6322829338154785,1,Plastique
2.8929207875933507,1.2726661683437748,2,Verre
-0.9303947069793291,-1.277791557378103,1,Papier
2.068814564439957,1.3631736706728483,2,Verre
-0.39376152323495694,1.3255856502609051,0,Métal
-0.5211687614705269,0.6546294790917846,1,Plastique
-0.7183757782758152,-0.635430529626668,0,Métal
-0.17378544853894506,1.2415680161012401,0,Métal
9.441161146718311,-1.8008414973264253,2,Verre
-0.3726621478800962,1.63733565984413,1,Plastique
1.5345042785335,-1.560221577004525,2,Verre
1.4358448999528644,1.431787135807822,2,Verre
-0.734603237837965,0.6718251779310871,1,Plastique
0.7673949052723407,-0.4855021791289731,2,Verre
2.2651197940444767,0.34928378191713083,2,Verre
-0.3283192166013778,1.3092982260087063,0,Métal
-0.7160736761057124,-0.3016333182874191,1,Papier
-0.6029553576392969,-1.6425690997274915,0,Métal
2.069142289655625,-1.6235081340431767,2,Verre
-0.7426166444342139,0.6900626558637402,1,Papier
-0.5779198846397141,0.6657752088656761,1,Plastique
-0.658280667730542,0.6735340393315512,1,Papier
-0.34508984980896285,1.3126984837748827,0,Métal
-0.8582957360161008,-1.2908287571283332,1,Plastique
-0.658280667730542,0.6735340393315512,1,Papier
1.8093967968050289,1.3968349273885294,2,Verre
-0.4958803332164604,-0.3387005660129354,1,Plastique
-0.7466442220151605,-1.3011553282744321,1,Papier
1.2938906059872908,1.4512368222106693,2,Verre
2.1703610592588976,0.3550222158467202,2,Verre
-0.2816632885224367,0.6304269921891021,1,Plastique
2.6574999638096544,1.2968869763126964,2,Verre
-0.7668123773363635,-1.298787492739483,1,Plastique
-0.5022805821133287,1.646679611570905,1,Plastique
-0.3936037165974692,1.6438474430072836,1,Plastique
-0.5492435773894538,1.6575728345143224,1,Papier
0.2718396504552125,-0.4561191004382855,1,Plastique
-0.5734202261206166,-0.3311226617034586,1,Plastique
-0.9754231408245537,1.381175040678073,0,Métal
-0.43427903033790727,0.3217613421370711,0,Métal
1.8428264016285785,-1.5943445407134726,2,Verre
1.722032552698261,-1.580090642968768,2,Verre
-0.5749231587174256,-0.33051996379632964,1,Plastique
-0.6430391021096348,-0.3259223301803016,1,Plastique
-0.2777651685200593,-0.7125804450960556,0,Métal
-0.6222743013325562,-1.689686163365501,0,Métal
-0.5035845049691132,0.6659876602348611,1,Plastique
-0.2777651685200593,-0.7125804450960556,0,Métal
1.5764431773865575,-0.5712091189446499,2,Verre
-0.4500063057720447,0.650129075716227,1,Plastique
-0.3032175262436327,1.3121323497541957,0,Métal
1.862821760832301,-1.5946915047565375,2,Verre
-0.9555133835387105,-1.2736377450120757,1,Papier
-0.2840334904426872,0.6379941884297338,1,Plastique
-0.541072047247641,0.6587071022707722,1,Plastique
-0.6721655031960878,-1.6216139695158573,0,Métal
-1.2673284499065915,-1.2443424236295801,1,Plastique
0.152653600492455,1.586118016194909,1,Métal
-0.8658681788447449,0.7014931765847654,1,Papier
-0.009807300414494069,0.26418987546991746,0,Métal
-0.256219193363161,0.6335354933678985,1,Plastique
-0.4882488649756205,0.3351520239147392,0,Métal
-0.9405251872373519,0.71168461158329,1,Papier
-0.6558974297705499,1.678212644171795,1,Papier
-1.1121381100040382,-1.259321754271792,1,Papier
0.5279198205533557,-0.45626493847569294,1,Verre
-0.3084282408050044,0.6411203963552883,1,Plastique
-0.40814189288454594,-1.3339367153639032,1,Plastique
-0.6761597288636587,-1.3120060947285368,1,Plastique
-0.751332236678703,0.6900377087435017,1,Papier
-0.7329207488240747,-1.3049949686571984,1,Plastique
1.2309606987392223,0.5060373523774697,2,Verre
-0.7022604465535989,0.6775959919821808,1,Plastique
2.292657340298296,1.3397923820365654,2,Verre
0.6624805791231325,0.5503392655582222,2,Verre
-0.9789241436265078,-1.280454885717953,1,Plastique
-0.536261280965457,1.6626459890703698,1,Papier
-0.9035090192187983,-1.2781613986733111,1,Papier
-0.682727929521981,-0.3198523714610144,1,Plastique
-0.48573504024041314,-0.7114258380708898,0,Métal
-0.3283192166013778,1.3092982260087063,0,Métal
-0.8892550462549462,-1.2860033558510509,1,Plastique
-0.8804638270825674,-0.30020586238148317,1,Plastique
1.452249241969751,-1.556496723889539,2,Verre
0.36114351841223136,-1.4679810919804932,1,Plastique
-0.9194147309945724,1.2611468317736925,3,Plastique
-0.6866740101477201,-0.3048557745739915,1,Papier
-0.678254609106338,-1.653906835389674,0,Métal
-0.41759020883470144,1.6527036676905287,1,Papier
-0.4784966986762519,0.6559505078270516,1,Plastique
1.664546084626264,-0.580203385484249,2,Verre
-0.7329207488240747,-1.3049949686571984,1,Plastique
-0.48217632898730234,-0.6828918923607746,0,Métal
-0.5179191258182173,1.6624030427274603,1,Papier
-0.47449223058918233,-0.3342890922010997,1,Plastique
1.7324985023978652,-0.59448609599032,2,Verre
-0.5868667460460655,1.2814171558470575,0,Métal
-0.6933057369130003,-0.31047744695650636,1,Plastique
-0.7498021612368937,-0.3082475236046376,1,Plastique
-0.8923183059568482,0.7047093487639435,1,Plastique
2.133623948458909,-0.6331950207449297,2,Verre
-0.6331834124381616,-0.3200307934711706,1,Plastique
1.3686473673086872,-0.548187174403014,2,Verre
-0.7961884866817304,-1.3001629994574309,1,Plastique
-0.10766794842028204,0.6195994569907619,1,Métal
-1.0429534762885118,-0.27262732514511545,1,Papier
2.4639834694031695,-0.6696814508304607,2,Verre
-0.8094004487281377,-1.6096360895003647,0,Métal
4.832256442985321,-1.1696493626641162,2,Verre
-0.7486465734066201,-0.6378310911373308,0,Métal
1.3181849074584269,-0.5410019564110311,2,Verre
-0.48551756245118527,1.2574220493813282,0,Plastique
-0.5639140003939921,1.6514793233124319,1,Plastique
1.3038512097901358,1.4867195447223571,2,Verre
-0.5494869661548962,0.6631770806282005,1,Plastique
2.3625501859496736,-1.653715562903939,2,Verre
1.5301662137504262,-1.5599131610304688,2,Verre
-0.5601849874271755,1.6656037303311135,1,Papier
-0.8027929184208659,-0.29642171735222034,1,Papier
1.4670516321145217,-1.5507500896786268,2,Verre
-0.5864957990422932,0.2961040289807684,0,Métal
-0.6866740101477201,-0.3048557745739915,1,Papier
-1.0166884443119764,-1.266114541015213,1,Papier
1.559177765468777,-1.5613040574076298,2,Verre
2.54753716955863,0.3181963390978686,2,Verre
-0.7097036961173911,-0.31646045899800157,1,Plastique
-0.6111957344375699,-0.3293487537550497,1,Plastique
2.4102399490281594,1.3306720885612238,2,Verre
-0.6173438263124202,-1.30991093238736,1,Plastique
-0.7583593898401534,-1.2899560985989769,1,Papier
-0.6908449354296746,0.6782230209295512,1,Papier
-0.6672606730375245,-0.6766396775709508,0,Métal
-0.4310168167202475,-1.3364779486316878,1,Plastique
-0.7765907027930472,-0.2973155250009536,1,Papier
0.07632147490732236,1.2207477534534241,0,Métal
-0.916956579016023,-0.6793120097926526,0,Métal
-1.6100406490353818,-1.1719310458025294,1,Papier
1.4165072044962812,-0.5531965898090021,2,Verre
-1.043202357668781,-1.2670803857262245,1,Papier
-0.9042589558892188,-0.2838388763636861,1,Papier
1.794310877562426,-0.5955627533319854,2,Verre
-0.6270210211519253,0.2834373525109317,0,Métal
-0.8468327033637608,-0.2997115885886865,1,Papier
-0.7972420531857902,1.6790973380135295,1,Plastique
-1.0209750694189785,-1.6282992660641855,0,Métal
-0.48173934764870907,0.6553030276577265,1,Plastique
-0.1544052802156436,1.6166738517048567,1,Plastique
-0.5073998503447277,-0.3344160836841643,1,Plastique
-0.009807300414494069,0.26418987546991746,0,Métal
-0.7521874190776098,-0.6800285194284155,0,Métal
-0.40969253706672326,-0.34715107038717896,1,Plastique
-0.4841487400351191,0.2814202918395532,0,Métal
-0.2715390252782473,-0.675012796138656,0,Métal
-0.4959371742039109,-0.3347989128077917,1,Plastique
2.357358005311352,1.3342716584061416,2,Verre
-0.4720287853633339,-0.7135315179961648,0,Métal
1.60261025296309,-0.5701921807617876,2,Verre
-0.9842379437290221,-0.28146090912123833,1,Papier
-0.7395908917577229,-0.6705019460018466,0,Métal
1.8105928495881995,0.39579165549753736,2,Verre
-0.14888412299756695,0.29707462920124983,0,Métal
-0.6445036876614609,0.6831496162174668,1,Papier
-0.5706519173081714,1.3231589065367928,0,Métal
-0.3984809632768396,1.327396766361103,0,Métal
1.829576436685831,-1.590007432376696,2,Verre
-0.11768846124668936,1.605578406113559,1,Plastique
-0.7131138815819223,1.2967320385525174,0,Plastique
-0.7124459244221616,1.3202432961956376,0,Métal
-0.9337461989282465,-1.274994517275454,1,Papier
-1.050154125316413,0.7130979657899352,1,Papier
1.9466826675481546,-1.6093169731781596,2,Verre
1.420936873135522,0.44164002093487653,2,Verre
-0.1969650003290586,-0.36956658398274733,1,Plastique
-0.7472379485356221,-1.6376828701051025,0,Métal
-0.9110038057936755,-1.6197946324136132,0,Métal
1.9918911710306393,0.37827508933215803,2,Verre
-0.5345518352218331,-0.330812998103595,1,Plastique
-0.584076983008122,-0.3283935472183279,1,Plastique
1.169745513867,1.0329212474928717,3,Verre
-0.5412620175707316,1.6637550861011359,1,Papier
-0.054421101128248384,1.600445966861254,1,Plastique
-0.9907640740049302,-0.28259588411060843,1,Papier
2.4299865495963053,-1.6540119413099794,2,Verre
-0.2633993244257051,1.3029450682794679,0,Métal
2.2605021110526073,0.3502666969277375,2,Verre
-0.318543103631164,0.6383448463916619,1,Plastique
-0.7428271761745803,-0.6489098129012286,0,Métal
-0.736024419423014,-0.3014595399499418,1,Papier
2.3363037890784155,-1.6507697350956283,2,Verre
1.371816563530918,0.44821456190763076,2,Verre
-1.0696463091719777,-0.2743131923415387,1,Plastique
-0.6656581538614799,-1.3035933822522894,1,Papier
-0.3390903786120932,1.253658401415697,0,Métal
0.6836236900424141,-0.4709709520853257,2,Verre
1.5145663380480643,0.430343106699012,2,Verre
-0.3390903786120932,1.253658401415697,0,Métal
-0.7642583833750459,-0.3044840017333026,1,Plastique
-0.5804997276711561,0.3279861431741369,0,Métal
1.6035598680518677,1.4124455671929457,2,Verre
-0.5306667287097865,-0.6862696924120323,0,Métal
-0.3770955409609996,1.2664239081116915,0,Métal
-0.6183659278775254,1.671238446787781,1,Papier
-0.44592675040826857,0.3063580880791359,0,Métal
-0.7118568658078139,0.6817316664896087,1,Plastique
-0.5508032896529141,1.6648899580696905,1,Papier
-0.39881491991715834,0.6432690506730887,1,Plastique
-0.4693064950461685,0.6578892568278374,1,Plastique
1.722032552698261,-1.580090642968768,2,Verre
2.664274096239459,-0.6892583871504951,2,Plastique
1.7738626757115217,-0.5920879255019454,2,Verre
-0.6122155522724698,1.6623069197639475,1,Plastique
-0.9083002672362167,-0.2902770440650495,1,Papier
-1.135998214941523,-1.258087455686123,1,Plastique
-0.7370231157635043,-1.3003682318748786,1,Plastique
0.6624805791231325,0.5503392655582222,2,Verre
0.46305961366971604,1.5477813020069473,1,Métal
1.6559589650050899,1.4062183046948686,2,Verre
-0.5977839360518434,-0.3149739329105341,1,Plastique
-0.5982773190555647,-0.33086437060623464,1,Plastique
3.0497461671412514,0.26304414176618596,2,Verre
-0.5749213587811339,1.3282261250945437,0,Métal
-0.18421394953073666,1.2670201493414532,0,Métal
2.057899479600952,-0.6286560958543149,2,Verre
-0.5990822501053771,0.668432866535688,1,Papier
-0.9122757026772939,0.704701675315843,1,Papier
-0.5935427275666555,-1.3106001104219327,1,Papier
-0.3936037165974692,1.6438474430072836,1,Plastique
-0.37710030993846544,1.3087700526819621,0,Métal
-0.775496656467258,-1.2895657757107455,1,Papier
-0.7027036009045038,-0.3057876947895126,1,Papier
2.545065340345822,0.31389745340551434,2,Verre
-0.4711982995800523,-0.7157404350018883,0,Métal
-0.45862959225050826,1.2175517312736692,3,Métal
-0.931642998527467,-0.28379991003068517,1,Papier
1.8454947045862538,0.3922446998255542,2,Plastique
-0.5492435773894538,1.6575728345143224,1,Papier
-0.7383720964206539,0.6823487804112263,1,Plastique
1.7191249366240602,0.41660666644988575,2,Verre
-0.3648588848728016,0.320046288806233,0,Métal
1.1275898097315493,1.5564532142815948,2,Verre
-0.038052281928549245,-0.7631352469489898,0,Métal
-0.7368642525756368,-0.30966123757918473,1,Plastique
1.0863568685832572,-0.4772695377504129,2,Verre
1.7569840213668566,-0.5859483625991253,2,Verre
-0.6003315866422831,1.347916399805542,0,Métal
0.007177788428238602,0.25992144217043234,0,Métal
1.0556726365464602,0.5211420583842934,2,Verre
-0.7187792373446068,1.6651997909217011,1,Papier
-0.4928127382577019,0.6592755416507645,1,Papier
-0.5243016290698864,-1.7006272112030396,0,Métal
-0.2955583887471736,-0.6803758417062483,0,Métal
-0.7161334997112356,0.32602629440147535,0,Métal
0.9547798899079625,-1.4939069173578658,2,Verre
-0.887071139087408,0.7013180144518276,1,Papier
-0.710319064410877,1.6796343801674072,1,Papier
-0.6759536642469255,0.6852816810881566,1,Papier
2.5536961713464468,1.3109911476093903,2,Plastique
-0.6439857278511388,-0.3185313191000616,1,Plastique
-1.063049170962041,0.7566575160314957,1,Plastique
-0.6698632434922048,-0.6551971706281741,0,Plastique
0.3942133414141661,-1.4723742198246128,1,Verre
0.6528037078334219,1.5429542878988458,2,Verre
2.464995408810037,0.32301104745129594,2,Verre
1.4863467458040465,-1.5458162008553153,2,Verre
0.38061053971137704,0.5654675579843886,1,Métal
-0.9242958020114177,-0.2844468133650271,1,Papier
-0.34148538417200247,-0.6808243846516432,0,Métal
1.963826942654217,-1.6020870208147786,2,Verre
1.7419070567253119,-0.5897162736023569,2,Verre
-0.5478009872520146,-1.659644540315446,0,Métal
1.3335641246066465,-1.5324040084610493,2,Plastique
-0.4041013707511649,1.650685908268213,1,Papier
-0.9537437255276902,-1.6462644630739456,0,Métal
-0.19711933104950652,-1.3575436692837097,1,Métal
-0.6803454821013522,0.6718663837445076,1,Plastique
-0.9950084561539059,-0.2787676825507772,1,Papier
0.7807904946840283,0.5118079714877404,2,Verre
-0.7500620888876055,-0.6975927971587049,0,Métal
-0.6047524023977793,-1.6682344900841883,0,Métal
-0.4271348244282722,-0.7178482876299737,0,Métal
-0.26697411137484595,-1.34749279860353,1,Métal
-0.710319064410877,1.6796343801674072,1,Papier
-0.8767284858254923,-1.2888511610681994,1,Plastique
-0.22691264693283655,0.6322829338154785,1,Plastique
-0.7029001444450429,0.316554698432723,0,Métal
-0.8032092393188623,0.6860226448785915,1,Papier
-0.7945552240873017,-0.29857838873646947,1,Papier
-0.8880206288015478,1.6952171353251277,1,Papier
-1.1545672592845366,-0.6947236540772534,3,Plastique
-1.003961893299806,-1.2789820682902988,1,Papier
-0.48240313631668297,-1.6752878227119514,0,Métal
2.463208699398891,1.320089678916798,2,Verre
-0.9303947069793291,-1.277791557378103,1,Papier
2.1350407589120333,1.3551403783487947,2,Verre
-0.7617567452710687,0.3474040658426305,0,Métal
-0.3992518358295115,0.6494534231257181,1,Plastique
-0.33206083885165144,1.6324631262872231,1,Plastique
-0.3726621478800962,1.63733565984413,1,Plastique
1.8356559472894907,0.3938051353127041,2,Verre
-0.5305201231999787,1.2836750990134724,0,Métal
-0.9756742739110693,-0.2906205262467363,1,Plastique
-0.3928908851649453,-1.7285590393590395,0,Métal
-0.6404253340155753,-0.3084637464110618,1,Papier
-0.701051813344313,-0.30657465568942044,1,Papier
-0.751332236678703,0.6900377087435017,1,Papier
-0.9303947069793291,-1.277791557378103,1,Papier
1.6647584942842946,-1.570399174471992,2,Verre
2.4299865495963053,-1.6540119413099794,2,Verre
-0.40108385383809486,-0.6634339050616849,0,Métal
-0.9739775484790479,-0.6078045433297743,0,Métal
2.1447519555740904,1.354734446738904,2,Plastique
1.8388006927506912,1.3882215211805329,2,Verre
-1.0166884443119764,-1.266114541015213,1,Papier
-0.3984809632768396,1.327396766361103,0,Métal
-0.8658681788447449,0.7014931765847654,1,Papier
-0.4720287853633339,-0.7135315179961648,0,Métal
-1.0166884443119764,-1.266114541015213,1,Papier
-0.5273049279654639,1.6511274877161959,1,Plastique
-0.5066359596607731,1.6605320598330324,1,Papier
-1.0633454358469145,-1.6385753793523958,0,Métal
-0.4358660211586852,-1.3331678085483492,1,Plastique
-0.3980454726865439,0.6451796043778566,1,Plastique
2.8929207875933507,1.2726661683437748,2,Verre
1.7324985023978652,-0.59448609599032,2,Verre
-0.5404659754965208,0.6559425871866738,1,Plastique
2.270714526169941,-1.6362384517384296,2,Verre
-0.25261193765249096,1.6264551951538897,1,Plastique
-0.810423057236498,-1.6470220959539774,0,Métal
2.154073220007338,-1.62583204501358,2,Verre
1.6559589650050899,1.4062183046948686,2,Verre
1.5484774867382316,-1.5623984740839731,2,Verre
-0.70571610192182,-1.6879489869864845,0,Métal
-1.374996566305111,-1.6188860706359913,0,Métal
-0.6822835221805642,-0.30863734883764793,1,Papier
-0.8498199098249464,-1.292640920336551,1,Plastique
2.2024833355265576,1.3473330455646997,2,Verre
-0.39376152323495694,1.3255856502609051,0,Métal
0.9964562324908688,-1.4603224271217197,2,Plastique
-0.4967830435039482,0.3330671215144121,0,Métal
-0.9199601006087802,-0.6654655576167918,0,Métal
1.8746060188359834,-1.5940379919333376,2,Verre
-0.22588734119635476,0.2839595276530411,0,Métal
-0.5094965528362246,-1.3250313858999017,1,Plastique
-0.7437392831012231,0.6803614352839207,1,Plastique
2.3625501859496736,-1.653715562903939,2,Verre
-0.5709971298512322,-0.3147720568227519,1,Papier
-0.6451741253002613,-1.3140839757241145,1,Plastique
-0.0723508855969779,-0.429733534323683,1,Plastique
-1.063049170962041,0.7566575160314957,1,Plastique
-0.5779198846397141,0.6657752088656761,1,Plastique
1.7613557622801956,-0.5911369960131299,2,Verre
0.35204967817291954,1.1246557202172485,3,Verre
-0.7957638218842501,-0.2991048485272729,1,Papier
2.154073220007338,-1.62583204501358,2,Verre
0.3142208751380402,-0.4626691720298014,1,Verre
1.420936873135522,0.44164002093487653,2,Verre
2.274729612024223,-0.646777402663811,2,Verre
1.2670602423907145,-0.5355851547044662,2,Verre
1.1033627776012231,0.4735892594465423,2,Plastique
1.7528159485141452,-0.5882018467227826,2,Verre
-0.5850386269032175,-0.6591656084673693,0,Métal
-0.931642998527467,-0.28379991003068517,1,Papier
-0.672939899232476,0.6759848595880891,1,Plastique
2.9658320686982704,0.2727252364467474,2,Verre
-0.3635829745764423,0.32227558716875504,0,Métal
2.0857693446563825,-1.6132323126074137,2,Verre
-0.7825540279237578,-0.29730152029838286,1,Papier
1.9087302417597436,1.3765498841600239,2,Verre
2.0115152983539932,-1.613105106939644,2,Verre
-0.963365513145539,1.696241420998686,1,Plastique
-0.6332056291066079,-0.3197785571064007,1,Papier
-0.7776316063225828,-1.6794378337075102,0,Métal
1.1650737523832686,0.5074916855704674,2,Verre
-0.5592970768895308,1.2333225286187683,3,Métal
-0.2270817719879436,1.285756402056016,0,Métal
1.079446688735241,1.4700155743226768,2,Verre
-0.5696721304528861,-0.32803520416114784,1,Plastique
-1.0429534762885118,-0.27262732514511545,1,Papier
-0.8880206288015478,1.6952171353251277,1,Papier
-0.545529405493546,-0.33139479027317287,1,Plastique
-0.12645755194539227,0.6202147438915329,1,Métal
-0.6583368553038791,-1.3128498435462306,1,Plastique
-0.9235480475932932,-1.2874143206860214,1,Plastique
-0.7020795209940158,0.6864760490851431,1,Papier
-0.6319054785884691,-0.32332189871401895,1,Plastique
-0.8998272402663612,-0.28590502874368773,1,Papier
0.7916233030580514,1.5299231614588449,2,Verre
-0.5043856134523848,-1.3287473228688833,1,Plastique
-0.7396909640427249,-1.309014029988639,1,Plastique
0.6916469308351553,-1.4670365454005556,2,Verre
-0.723755578437331,-0.3118083915897183,1,Plastique
-0.8563446862676307,0.6906013668671986,1,Plastique
-0.18662163522728886,1.301263521057493,0,Métal
-0.4797679957895412,-1.323488565644272,1,Métal
-0.5810890946223405,0.6724776019415899,1,Papier
0.3632563131287876,1.5265837111445404,1,Verre
-0.7760107702266964,1.687413910827526,1,Papier
-0.15639006965542657,0.3053994641146094,0,Métal
1.3038512097901358,1.4867195447223571,2,Verre
-0.5494869661548962,0.6631770806282005,1,Plastique
-0.6190551753247835,-1.642992842235653,0,Métal
-0.3032175262436327,1.3121323497541957,0,Métal
-0.5649266500457416,0.66157153873926,1,Plastique
-0.3540792910242916,1.6303384348870245,1,Plastique
-0.9882841712259446,-1.273207422498419,1,Plastique
-0.7754229105233428,-0.3012692860942763,1,Papier
-0.7426166444342139,0.6900626558637402,1,Papier
-0.6047524023977793,-1.6682344900841883,0,Métal
-0.699862065374213,1.6782080834279045,1,Papier
-0.6894178850682565,1.3530136570705074,0,Métal
-1.171540839600162,-1.2527287690161086,1,Papier
0.7807904946840283,0.5118079714877404,2,Verre
-0.7738323943242726,0.6902312459999134,1,Papier
-0.7825540279237578,-0.29730152029838286,1,Papier
-0.658280667730542,0.6735340393315512,1,Papier
-0.775496656467258,-1.2895657757107455,1,Papier
-0.8961376764075721,0.35262241585181986,0,Métal
-0.13927081612232128,0.2996278395948486,0,Plastique
-0.751640758506576,-1.2982945035142779,1,Plastique
-0.5722773309559969,-0.3252988515267985,1,Plastique
-0.8535573673594399,-0.6591311736772946,0,Métal
1.079446688735241,1.4700155743226768,2,Verre
0.35204967817291954,1.1246557202172485,3,Verre
-0.2920804270952586,0.6396123721743143,1,Plastique
1.5619208238397602,-1.5656104978486511,2,Verre
-0.2832371850588564,0.6331642017049031,1,Plastique
-0.9303947069793291,-1.277791557378103,1,Papier
1.5167180488709628,-1.5515997824707526,2,Verre
1.4657627778376594,0.43320421495434824,2,Verre
0.54805747459763,1.501518535663388,1,Verre
-0.5066359596607731,1.6605320598330324,1,Papier
-0.28202744258313184,-1.366243013242851,1,Verre
1.1671816619573536,-0.523518842635381,2,Verre
-0.6222683542139237,-0.32412103590877384,1,Plastique
2.0776432612048863,-1.6193040939469543,2,Verre
-0.6117287904008527,-1.3107905966976814,1,Plastique
-0.07393465054914525,0.257957422522896,0,Métal
-0.6817424552162119,-0.32303724231556896,1,Plastique
-1.2176544357846049,-1.2512612102276697,1,Plastique
-0.7617567452710687,0.3474040658426305,0,Métal
2.133623948458909,-0.6331950207449297,2,Verre
-0.6817424552162119,-0.32303724231556896,1,Plastique
-0.6189068714640983,0.6811456052856466,1,Papier
-0.7778155250336813,0.6937757606443273,1,Papier
2.4143561368362643,1.3257867602623106,2,Verre
1.7688462778660352,-0.5936112566317508,2,Verre
1.8900847288034335,0.3941417197090811,2,Verre
-0.577632913181487,-1.638072795079811,0,Métal
1.9502232557096577,0.38652065344392117,2,Plastique
-0.7642583833750459,-0.3044840017333026,1,Plastique
2.054895535749814,1.3607439301356312,2,Verre
1.079446688735241,1.4700155743226768,2,Verre
-0.4327173502612527,-0.3358347808042106,1,Métal
1.4937101067882195,1.4700172634731719,2,Verre
-0.9405251872373519,0.71168461158329,1,Papier
0.46305961366971604,1.5477813020069473,1,Métal
-0.40613657752297994,0.6574018101113761,1,Papier
1.8052017804011071,-1.5861502688732896,2,Verre
-0.9042589558892188,-0.2838388763636861,1,Papier
-0.3153810559680169,0.6378504463972632,1,Plastique
-0.3540792910242916,1.6303384348870245,1,Plastique
-0.6338896103063858,-0.3249078659013238,1,Plastique
-0.3603174245846962,1.268219366023746,0,Métal
-0.6167764370869511,-0.6640105855051113,0,Métal
-0.5427850027073725,-0.33225934092176423,1,Plastique
-0.5915441521466194,-0.3254323436093127,1,Plastique
-0.6497023090243648,-0.31973082205408687,1,Plastique
-0.505005504705355,-0.6494177107349203,0,Métal
2.5536961713464468,1.3109911476093903,2,Verre
-0.6409968910564671,-0.32300759491243647,1,Plastique
-0.8880206288015478,1.6952171353251277,1,Papier
-0.6997855399498616,-0.31960920109039326,1,Plastique
2.1922612585419206,-0.6393434612885951,2,Verre
1.3314695449965086,0.45087657249735846,2,Verre
-0.7778155250336813,0.6937757606443273,1,Papier
2.322073224966372,0.337901266795098,2,Verre
-1.107862753489285,-0.6094327500156691,0,Métal
-0.4379414076174276,0.6493293298804923,1,Plastique
1.7191249366240602,0.41660666644988575,2,Verre
2.5873984910224466,-0.6799170796138541,2,Verre
-0.6685672061453768,-1.6633755739856206,0,Métal
-0.7537867131868617,-0.3082251493862336,1,Plastique
-0.8345958291784792,0.7009967300323241,1,Papier
2.4515871968702854,1.3175374360526912,2,Verre
-1.0509543339172827,-0.2690170360438653,1,Papier
-0.8056250528621177,1.6884097158920828,1,Papier
1.1235302517655348,1.5612713310286968,2,Verre
-0.6122155522724698,1.6623069197639475,1,Plastique
1.569385773918365,-0.573134135435278,2,Verre
-0.5541492371274581,-0.3174114860564452,1,Papier
-0.4165966397857688,0.6523551888622723,1,Plastique
1.7949101531629037,1.3885739110962263,2,Verre
0.7807904946840283,0.5118079714877404,2,Verre
-0.8510821445728516,-1.2886994066321646,1,Papier
-0.9789241436265078,-1.280454885717953,1,Plastique
-0.6486802009483352,0.35986289161012475,0,Métal
-0.5902204699069805,0.6599252240835078,1,Plastique
-0.7537867131868617,-0.3082251493862336,1,Plastique
-0.9578645213361481,-1.272917539320281,1,Papier
-0.7937961360535258,-1.2976091689005627,1,Plastique
-0.8087623630337011,-1.2884030909100204,1,Papier
-0.8164337466855252,-0.2933291909336464,1,Papier
-0.26265836551913413,-1.7105391816735334,0,Métal
-0.8563446862676307,0.6906013668671986,1,Papier
-0.9390885437225185,-1.2845722543006002,1,Papier
0.07832203012568409,0.593518877062021,1,Métal
0.875268223219887,-0.4601904486968921,2,Verre
-0.8290935637686824,-1.2873227845585706,1,Papier
-0.34790933896275855,-1.3428438075029872,1,Plastique
-0.2955583887471736,-0.6803758417062483,0,Métal
2.7568772177192047,1.2864159342162742,2,Verre
-0.9505105811518335,-1.6709447981934233,0,Métal
-0.9024479468198003,-1.2844662535847904,1,Papier
-0.9259873952338143,-1.2784171893482883,1,Papier
-0.8017235471794557,-0.30471999921537063,1,Plastique
0.8833852397271555,-1.4923624901834462,2,Verre
1.963826942654217,-1.6020870208147786,2,Verre
-0.8640359806148383,-0.28940868888027693,1,Papier
1.8052017804011071,-1.5861502688732896,2,Verre
-0.8383555856085874,0.6992872146016584,1,Papier
-0.9739775484790479,-0.6078045433297743,0,Métal
-0.3844907531142703,1.6520120223952628,1,Papier
1.1963396138830107,-0.5283090340457274,2,Verre
-0.502001849600446,0.28472089832375613,0,Métal
-0.6166129066161944,-1.3188596522892428,1,Plastique
-0.701051813344313,-0.30657465568942044,1,Papier
-0.2840334904426872,0.6379941884297338,1,Plastique
-0.6558974297705499,1.678212644171795,1,Papier
-0.710319064410877,1.6796343801674072,1,Papier
-1.0166884443119764,-1.266114541015213,1,Papier
-0.9083002672362167,-0.2902770440650495,1,Papier
-0.9194147309945724,1.2611468317736925,3,Plastique
1.7907903389655908,-0.5963475945177907,2,Verre
-0.5990822501053771,0.668432866535688,1,Papier
-0.6047524023977793,-1.6682344900841883,0,Métal
-0.6908449354296746,0.6782230209295512,1,Papier
1.569385773918365,-0.573134135435278,2,Verre
-0.6404253340155753,-0.3084637464110618,1,Papier
-0.43139868316682395,1.651476158313829,1,Papier
-0.48879781411962087,1.645675890797025,1,Plastique
-0.41980353470801957,-0.34285674781405473,1,Plastique
-0.7635957819474264,-0.6925750804678028,0,Métal
1.8635783215820534,0.39989340672846985,2,Plastique
-0.908906734351594,-0.6567579566383035,0,Métal
1.7949101531629037,1.3885739110962263,2,Verre
-0.6890362852654561,1.6810841023337189,1,Papier
-0.975413539788579,-1.6566949699266198,0,Métal
-0.743891543465902,-0.3004322788010707,1,Papier
-0.4548055134868053,-0.3375523158003846,1,Plastique
-0.6342267160319892,1.6722837469522134,1,Papier
-0.8658681788447449,0.7014931765847654,1,Papier
2.0545505357783527,-1.6148949566217219,2,Verre
1.8746060188359834,-1.5940379919333376,2,Verre
-0.5829919790365816,-0.64581959064274,0,Métal
-0.6076525822413896,-0.32315873588180133,1,Plastique
-0.6883587021483719,0.6797235059489408,1,Papier
-0.57699510972612,1.3487215357177174,0,Métal
-0.31711369381047116,-0.7340137418131141,0,Métal
-0.5932879161777999,1.668003586603288,1,Papier
-0.5975339453028382,-0.32673601492158433,1,Plastique
2.3962713624380876,-0.6591081164864785,2,Verre
-0.5775251724738499,-0.3281206332176212,1,Plastique
0.2802142242112602,-1.4551648626341747,1,Verre
-0.8495158990528712,-0.2918594543422679,1,Papier
-0.4162457037096573,1.6359278521808338,1,Plastique
-0.2524944427079837,1.2597174140824785,0,Métal
-0.3032175262436327,1.3121323497541957,0,Métal
-0.5887285200155368,-1.321728841589371,1,Plastique
-0.5404659754965208,0.6559425871866738,1,Plastique
-0.35516814404833197,1.6430199175608913,1,Papier
-0.6063400423601611,-1.6816792434118066,0,Métal
0.04861869000960953,-0.4223337265910647,1,Papier
-0.26489625559014823,1.6242930870510983,1,Plastique
-0.2439986610196277,1.2774881360884824,0,Métal
-0.8713251338560306,1.6914978726018293,1,Papier
2.3548946713852223,0.33954808219437194,2,Verre
1.905893491883567,0.39485595080449953,2,Verre
-1.105460177415803,-0.2657016380221682,1,Papier
-0.8273096540329419,0.7007851726700844,1,Papier
-0.500625453387885,-0.335031182586468,1,Plastique
1.8093967968050289,1.3968349273885294,2,Verre
2.6061673411979376,1.3042611806989453,2,Verre
-0.8361057286527616,-1.2957545835032147,1,Plastique
-0.7170532683067711,-0.3063303462235005,1,Papier
-0.9831105190234019,-1.6342312127398497,0,Métal
-0.7472379485356221,-1.6376828701051025,0,Métal
1.7678101976148444,-1.587673978136756,2,Verre
2.2605021110526073,0.3502666969277375,2,Verre
-0.37438043152851125,-0.35106417091301756,1,Plastique
-0.5324731076850514,-0.3208073178474964,1,Papier
2.248034125870655,-1.6382697709603018,2,Verre
-0.8427751323509718,0.6941385249220031,1,Plastique
-0.47865055706999404,0.6687620152483518,1,Papier
1.8635783215820534,0.39989340672846985,2,Verre
-0.5271037432931641,1.6473868132906306,1,Plastique
-0.8031894269860695,1.3192385087418208,0,Métal
-0.256219193363161,0.6335354933678985,1,Plastique
-1.0359319889364065,0.7118604489359865,1,Plastique
-0.5330427374604132,0.34515063991828465,0,Métal
1.3268970557571251,0.4472313965106882,2,Verre
2.4515871968702854,1.3175374360526912,2,Verre
-0.7646082430115468,0.6928387560377802,1,Papier
-0.7754370669899355,-1.3001742216685126,1,Plastique
-0.3667935229832266,-0.6832851774673337,0,Métal
-0.701307550984974,0.6870623571799734,1,Papier
-0.6892218967552923,-0.6539957277703132,0,Plastique
0.6624805791231325,0.5503392655582222,2,Verre
-0.7760107702266964,1.687413910827526,1,Plastique
2.3548946713852223,0.33954808219437194,2,Verre
-0.7395498741072597,0.6810066880798147,1,Plastique
0.7013666574267634,-0.4443698049781216,2,Verre
-0.45298202051915193,1.6450355846658031,1,Plastique
1.5432437787256605,-0.5635357803355695,2,Verre
-0.8725396303436437,-1.2864830080451184,1,Plastique
-0.11173159429959972,0.27457456093175425,0,Métal
-0.6418199338394378,-0.32011023314369424,1,Plastique
-0.3864565360846951,1.6412626078300343,1,Papier
-0.8043809421483596,-0.2957066527954255,1,Plastique
-0.6330166663505441,0.6695971168581083,1,Plastique
2.047678729464164,-0.620123497624052,2,Verre
-0.4162457037096573,1.6359278521808338,1,Plastique
-0.5649266500457416,0.66157153873926,1,Plastique
-0.8379853401162072,-1.2885489318276224,1,Papier
-0.6088071939829125,-1.3191543651194089,1,Plastique
0.8371077597954381,-0.45586528839161855,2,Verre
-0.8379853401162072,-1.2885489318276224,1,Papier
-0.5074897625389596,1.2936708639194874,0,Plastique
-0.5975339453028382,-0.32673601492158433,1,Plastique
2.078602892146284,0.37423856285858137,2,Verre
2.545065340345822,0.31389745340551434,2,Verre
0.19736193280974926,-1.3371645252824624,2,Verre
-0.22583173038107035,1.2629176037024015,0,Métal
2.0618772116558537,0.370852543339363,2,Verre
0.8851130794520126,-0.4955422728234552,2,Plastique
2.0942612656334982,0.3699295301104877,2,Verre
-0.8427751323509718,0.6941385249220031,1,Plastique
-0.17245991369999825,1.2822726696787983,0,Métal
-0.5251361569373165,1.6532127365262663,1,Papier
-0.8345958291784792,0.7009967300323241,1,Papier
-0.6076525822413896,-0.32315873588180133,1,Plastique
-1.0002844230198136,-0.2773740062903425,1,Papier
0.20593353945872137,1.2322720053648786,0,Métal
-0.08907304258487675,1.238792846773695,0,Métal
-0.47824468121482955,-0.34102291826567876,1,Plastique
1.4165072044962812,-0.5531965898090021,2,Verre
1.169745513867,1.0329212474928717,3,Verre
1.763283513799607,-1.5919239407077521,2,Verre
-0.8749823296752955,-0.2890031629287386,1,Papier
-1.1121381100040382,-1.259321754271792,1,Papier
-0.038052281928549245,-0.7631352469489898,0,Métal
-0.7466442220151605,-1.3011553282744321,1,Papier
-0.4929632720336896,0.6710042777620127,1,Papier
-0.5810890946223405,0.6724776019415899,1,Papier
-0.3980454726865439,0.6451796043778566,1,Plastique
-0.9973080255112141,-0.28306332038022686,1,Plastique
1.8299174056747018,0.3995804661556013,2,Verre
-0.5810890946223405,0.6724776019415899,1,Papier
-0.5074741936904199,1.657263033219173,1,Plastique
-1.290159556815612,-0.6802219496532936,3,Plastique
-1.0633454358469145,-1.6385753793523958,0,Métal
-0.48573504024041314,-0.7114258380708898,0,Métal
-0.6911654983786755,-1.3058898175337683,1,Plastique
-0.7168241342555814,-0.31534238361715294,1,Plastique
1.8937117888014905,0.38983691641136153,2,Verre
1.331774503584418,1.4830234449577218,2,Plastique
-1.071099720067606,-0.27047001744456334,1,Plastique
2.089927259648426,-1.618167165126803,2,Verre
-0.8563446862676307,0.6906013668671986,1,Papier
0.3942133414141661,-1.4723742198246128,1,Verre
-0.9199601006087802,-0.6654655576167918,0,Plastique
-0.917183813818258,-1.2844693043671538,1,Plastique
-0.4165966397857688,0.6523551888622723,1,Plastique
0.152653600492455,1.586118016194909,1,Métal
1.6114010634370484,1.4145321570426674,2,Verre
1.3770002339020782,1.439228624335225,2,Verre
-0.40939130879904506,-0.34731096067895817,1,Plastique
0.7531795961271686,0.5414365893755471,2,Verre
-0.8902987800625332,-1.2796902747766388,1,Papier
-0.7262296866953358,-0.6257897008093831,0,Métal
-0.3065943185890948,0.6402536933979455,1,Plastique
1.8609204102337493,-0.6032043432987171,2,Verre
2.0235108375509574,0.3724466144486678,2,Verre
-0.8986834233504724,-1.2775168910585597,1,Plastique
-0.06966520907618273,0.2528902039651453,0,Métal
-0.6745879687167446,0.6835134527694191,1,Papier
-0.37543978060025096,-0.34980687454077564,1,Plastique
-0.8476161520762926,-1.2932065330130031,1,Plastique
-0.8935972693633161,0.7001830394624575,1,Papier
-0.6553465262312996,-0.318613470532064,1,Plastique
2.292657340298296,1.3397923820365654,2,Verre
1.268867621449767,-1.4835427547169493,2,Verre
-0.08907304258487675,1.238792846773695,0,Métal
-0.7014466604488575,-1.6930162055442353,0,Plastique
-0.6307894225957078,-0.32358521684552155,1,Plastique
-0.5904971625965353,-0.33157099791026146,1,Plastique
-0.8164337466855252,-0.2933291909336464,1,Papier
-0.7194351588555379,-1.3068999594818398,1,Plastique
-0.40329692971521824,1.280639966686458,0,Métal
-0.584076983008122,-0.3283935472183279,1,Plastique
-0.5075084705360261,1.657303714949853,1,Plastique
-0.7731183103700952,-0.2968461702809908,1,Papier
1.8093967968050289,1.3968349273885294,2,Verre
-0.4953434806707744,-0.33960556814044107,1,Plastique
0.10372558086623074,1.587438595808084,1,Métal
-1.0165031840070615,0.7164318128188472,1,Papier
-1.0190753045524428,-0.631556516694722,0,Métal
-1.064466232979769,-0.6244454705004102,0,Métal
2.2991045577964733,-1.6418870400595444,2,Verre
0.8706630922930811,-0.49377259465328627,2,Verre
-0.44119526793696984,-0.7075253191506943,0,Métal
0.7436277287050153,1.4668994257527632,1,Verre
-0.7183757782758152,-0.635430529626668,0,Métal
2.047678729464164,-0.620123497624052,2,Verre
1.984695796858197,0.37357136486004117,2,Verre
-1.290159556815612,-0.6802219496532936,3,Plastique
-0.5066359596607731,1.6605320598330324,1,Papier
-0.8427751323509718,0.6941385249220031,1,Plastique
-0.2270817719879436,1.285756402056016,0,Métal
-0.4590540136715623,0.2911609040117109,0,Métal
1.6736099820281718,0.4115698046284162,2,Verre
1.8222911860573263,0.39305065101139025,2,Verre
1.1033627776012231,0.4735892594465423,2,Verre
-0.8701738927208593,1.694102014371232,1,Papier
2.2024833355265576,1.3473330455646997,2,Verre
-0.4358660211586852,-1.3331678085483492,1,Plastique
-0.23107094699315517,1.6234956736300863,1,Plastique
-0.26768646676318375,-0.36109139623344233,1,Plastique
1.1760192448788052,0.46863035750276194,2,Verre
-0.6910294162584709,-0.3059170423183164,1,Papier
-0.3793805670301154,-1.7193965813189465,0,Métal
1.4372902531679512,-1.5493670675251308,2,Verre
2.701078364298307,-0.6947605356837439,2,Verre
-0.48839432023875273,1.6457054756851173,1,Plastique
0.3286476695146211,-1.421436244664311,1,Métal
-1.6100406490353818,-1.1719310458025294,1,Papier
-0.6262607469452038,0.3041875800966909,0,Métal
0.9547798899079625,-1.4939069173578658,2,Verre
1.4358448999528644,1.431787135807822,2,Verre
-0.8038295076126298,-0.6909487030737432,0,Métal
-0.9787670610393531,-0.2877323125341362,1,Plastique
-0.8606977166945339,-0.290138615747215,1,Papier
-0.8495158990528712,-0.2918594543422679,1,Papier
1.3922484581717265,-0.5485207285851648,2,Verre
-0.39900846159574455,-0.3417161931785675,1,Métal
-0.3230254057398104,0.6390247407967926,1,Plastique
-0.18662163522728886,1.301263521057493,0,Métal
0.32350636164853674,-1.4253367257723135,1,Verre
-0.6332663893575894,-0.31993231169348313,1,Plastique
-0.14288233341581158,1.279666243936738,0,Métal
-0.11768846124668936,1.605578406113559,1,Plastique
-0.21086873214483284,-0.36623407682310805,1,Métal
1.1963396138830107,-0.5283090340457274,2,Verre
1.664546084626264,-0.580203385484249,2,Verre
1.6903453249444143,0.41504346639226797,2,Verre
-0.483979423502658,0.3300848053569885,0,Métal
-0.48879781411962087,1.645675890797025,1,Plastique
-0.592928360241521,1.6698642227179497,1,Papier
0.07956018962778005,0.26565680625670973,0,Métal
-0.7945552240873017,-0.29857838873646947,1,Papier
-0.7077335478497777,-0.3137165678194178,1,Plastique
-0.30927197651723376,-0.35457651559273207,1,Plastique
-0.5790903201135489,-0.7138512372531521,0,Métal
-0.40563613448221836,-0.6616637904767921,0,Plastique
-0.7668123773363635,-1.298787492739483,1,Plastique
1.7907903389655908,-0.5963475945177907,2,Verre
0.1595863652177145,-0.43897121590333843,1,Verre
2.978109084287743,0.26702546811631334,2,Verre
-0.6319054785884691,-0.32332189871401895,1,Plastique
-0.5950508993530641,0.666325567520279,1,Plastique
0.3512258619730705,-0.467657019501034,1,Verre
-0.4096356275624692,-0.34248925701061395,1,Métal
-0.5458513668226614,1.651518602091824,1,Plastique
-0.6003315866422831,1.347916399805542,0,Métal
-0.6552091385660138,-0.31023106045888604,1,Papier
-0.9045581367970423,-0.2925186243384088,1,Plastique
-0.5280579940536058,-1.678003210941433,0,Métal
1.5484774867382316,-1.5623984740839731,2,Verre
-0.8062838025300326,-1.302806156003448,1,Plastique
-0.6576567739229487,-0.3151708852595694,1,Plastique
-0.8801971891831901,0.7029661043779425,1,Papier
-0.4841487400351191,0.2814202918395532,0,Métal
-0.7405932848105957,-0.311766582996865,1,Plastique
-0.5066359596607731,1.6605320598330324,1,Papier
-0.9787670610393531,-0.2877323125341362,1,Plastique
1.9502232557096577,0.38652065344392117,2,Verre
-0.33532699062294996,1.6319728271483,1,Plastique
-0.9083002672362167,-0.2902770440650495,1,Papier
-0.540361053327665,1.657188152240421,1,Papier
2.31712886389263,0.34044855320519396,2,Verre
-0.6849162559076836,0.672661850583846,1,Plastique
2.403964097061919,0.33176721109469365,2,Verre
-0.48879781411962087,1.645675890797025,1,Plastique
-0.4034674703958562,-0.3464287312888781,1,Plastique
-0.5665200596613078,-0.3154734448321799,1,Papier
-0.4548055134868053,-0.3375523158003846,1,Plastique
-0.5596017237227476,0.2797873499673651,0,Plastique
-0.699862065374213,1.6782080834279045,1,Papier
-1.1910232253474509,-1.2486971518323253,1,Papier
-0.48551756245118527,1.2574220493813282,0,Métal
-0.1600564972065247,1.6173407570390632,1,Plastique
-0.7771572242845469,-0.3048908945893103,1,Plastique
-0.701051813344313,-0.30657465568942044,1,Papier
-0.4545040651524843,1.6433764300176754,1,Plastique
0.8833852397271555,-1.4923624901834462,2,Verre
-0.5966167549706543,0.6755749618662061,1,Plastique
-0.9737925784825799,-1.2700186133879976,1,Papier
0.8328473398414693,-0.45080877709118794,2,Verre
-0.4078387000637409,0.3333612128381458,0,Métal
-0.9261332986312321,0.708204949189642,1,Plastique
-0.017371730754969575,-1.3790680428601676,1,Métal
-0.3319342642455402,1.6358594633296895,1,Plastique
-0.8027929184208659,-0.29642171735222034,1,Plastique
-0.39887070883872566,-1.7232888652159435,0,Métal
-0.9030287090365763,-0.6733711965485272,0,Métal
-0.701051813344313,-0.30657465568942044,1,Papier
-0.6951143769026371,0.6832902394873017,1,Papier
-0.8128231224418527,0.6991259173933064,1,Papier
1.737701584179428,1.4042731863392837,2,Verre
2.154073220007338,-1.62583204501358,2,Verre
-0.31696795982073384,1.2628590891230267,0,Plastique
-0.4841487400351191,0.2814202918395532,0,Métal
-0.5274795096811298,-0.32835181708543915,1,Plastique
1.7324985023978652,-0.59448609599032,2,Verre
2.545065340345822,0.31389745340551434,2,Verre
-0.5330427374604132,0.34515063991828465,0,Métal
-0.4587317696296421,-0.33817787404612587,1,Plastique
-0.975413539788579,-1.6566949699266198,0,Métal
-0.8141736240100425,-0.291423848808094,1,Papier
-1.111478982213392,-1.2612775879810538,1,Papier
-0.5904971625965353,-0.33157099791026146,1,Plastique
1.3181849074584269,-0.5410019564110311,2,Verre
-0.6146047574049739,-0.322312258888114,1,Plastique
-0.6315895884384479,0.6721466716654787,1,Plastique
-1.000002816956471,-0.2844360498394247,1,Plastique
-0.48862578310850224,1.6552490141393201,1,Papier
2.1845598060478246,1.3479492105102102,2,Verre
-0.4566623277794465,0.656448672100659,1,Plastique
-0.6699275953344423,-1.2985261636945387,1,Papier
-0.3659438284510086,0.28419001508154307,0,Métal
-0.6005131681931574,1.329910430290303,0,Métal
-0.2976555066986955,1.6320825941416726,1,Plastique
-0.6356591582350053,0.6715847266054802,1,Papier
-0.5829278809651275,-0.3309948406707719,1,Plastique
1.8344283459131536,-0.6007623510003622,2,Verre
-0.47294710830861864,-1.330639734711023,1,Plastique
2.403964097061919,0.33176721109469365,2,Verre
-0.30300233970257684,1.6283170549337818,1,Plastique
-0.575663503317866,-0.3268284157460146,1,Plastique
-0.3078505546141349,-0.35203172545155437,1,Métal
-0.7292786056368712,-1.307351054211889,1,Plastique
0.16533612333111644,1.538358114418173,1,Papier
-0.7825540279237578,-0.29730152029838286,1,Papier
0.20593353945872137,1.2322720053648786,0,Métal
1.371816563530918,0.44821456190763076,2,Verre
-0.6088071939829125,-1.3191543651194089,1,Plastique
-0.4882488649756205,0.3351520239147392,0,Métal
1.6961141597596452,-0.5835470698328395,2,Verre
-0.4310168167202475,-1.3364779486316878,1,Plastique
-0.48573504024041314,-0.7114258380708898,0,Métal
-0.736024419423014,-0.3014595399499418,1,Papier
1.8746060188359834,-1.5940379919333376,2,Verre
-0.9739775484790479,-0.6078045433297743,0,Métal
-0.08907304258487675,1.238792846773695,0,Métal
-0.3946012673657632,-1.728356083773694,0,Plastique
-0.7451685835286328,0.687543619890939,1,Papier
-0.9806698622665229,-1.6544515810343865,0,Métal
-0.3726621478800962,1.63733565984413,1,Plastique
-0.9723152213174152,-1.2694519241927127,1,Papier
-0.5880508581809202,-1.3163214341962026,1,Plastique
-0.6817424552162119,-0.32303724231556896,1,Plastique
-0.40108385383809486,-0.6634339050616849,0,Métal
-0.19755959596049363,0.6247256652879523,1,Métal
1.6977690746955234,-0.5752131926321316,2,Verre
-0.1834338112463702,-0.7012047960859582,0,Métal
2.1818285195759266,1.3509252880223037,2,Verre
-0.8880206288015478,1.6952171353251277,1,Papier
-1.1576259102034672,-1.5752121909156327,0,Métal
-0.23389759288757397,-0.3655318976757316,1,Plastique
-0.6167764370869511,-0.6640105855051113,0,Métal
-0.6360481566948296,0.35199946351770284,0,Métal
2.0653038631880154,-0.6231086410291611,2,Verre
-0.6040332217347734,0.6688594955369711,1,Papier
-0.9024479468198003,-1.2844662535847904,1,Papier
-0.5779198846397141,0.6657752088656761,1,Plastique
-0.8442349180063133,-0.29250413064731595,1,Papier
-0.8492879258864774,-0.6641983922350453,0,Métal
-0.5501496247851172,1.6622135950511312,1,Papier
1.8052017804011071,-1.5861502688732896,2,Verre
1.664546084626264,-0.580203385484249,2,Verre
-0.48971070418027396,1.6532389801577405,1,Plastique
-0.9578645213361481,-1.272917539320281,1,Plastique
-0.9787670610393531,-0.2877323125341362,1,Plastique
1.5507528182516355,0.4232302741255396,2,Verre
1.4358448999528644,1.431787135807822,2,Verre
-0.9321403197956872,-1.2830891874562156,1,Plastique
-0.45862959225050826,1.2175517312736692,3,Métal
-0.7765907027930472,-0.2973155250009536,1,Papier
1.3038512097901358,1.4867195447223571,2,Verre
1.38577570860854,0.4870438284480447,2,Verre
-0.8383555856085874,0.6992872146016584,1,Papier
-0.2524944427079837,1.2597174140824785,0,Métal
-0.734603237837965,0.6718251779310871,1,Plastique
-0.7961884866817304,-1.3001629994574309,1,Plastique
1.7241757020487318,-0.58779071615764,2,Verre
-0.7168241342555814,-0.31534238361715294,1,Plastique
-0.5274507659123394,-0.3215941293445679,1,Papier
2.9658320686982704,0.2727252364467474,2,Verre
-0.5622759666314197,-0.32801435830213266,1,Plastique
-1.0392716035547906,-0.2729884157121565,1,Papier
0.45753150682365484,-1.4141864554162298,2,Verre
-0.6003315866422831,1.347916399805542,0,Métal
-0.9882841712259446,-1.273207422498419,1,Plastique
-0.8502310390537782,-0.28734520297433686,1,Papier
0.9139882373912858,-1.4948782594554126,2,Verre
-0.5990822501053771,0.668432866535688,1,Papier
2.54753716955863,0.3181963390978686,2,Verre
2.3860537565669206,1.3230693665381,2,Verre
-0.9405251872373519,0.71168461158329,1,Papier
-0.9714321085669924,-0.2815466078433184,1,Papier
-0.43120576259261545,-0.34202877461101355,1,Plastique
-1.0544235667893755,0.7181651843476857,1,Papier
-0.7540607968105223,-0.617851867592865,0,Métal
-0.6451741253002613,-1.3140839757241145,1,Plastique
1.5345042785335,-1.560221577004525,2,Verre
-0.43527654743890976,-0.34043271041039813,1,Plastique
1.5908114613608155,-0.5208235947937886,2,Verre
-0.3540792910242916,1.6303384348870245,1,Plastique
-0.43666390633588326,0.26244320978989855,0,Métal
2.5531782611051184,1.3102466863730282,2,Verre
2.069142289655625,-1.6235081340431767,2,Verre
-0.1544052802156436,1.6166738517048567,1,Plastique
-0.26265836551913413,-1.7105391816735334,0,Métal
-0.8208016190232102,1.6894422954303472,1,Papier
3.4179960372936478,1.218774342596656,2,Verre
-0.5412620175707316,1.6637550861011359,1,Papier
1.4372902531679512,-1.5493670675251308,2,Verre
-0.45242751299386685,1.6469473772246566,1,Plastique
-0.6607540637849005,1.3407280051756578,0,Métal
2.0861977566403347,0.3639185314538098,2,Verre
1.984904841285477,-0.6126572770937543,2,Verre
2.978109084287743,0.26702546811631334,2,Verre
-0.257928703742095,0.6339926590160581,1,Plastique
-0.29783547068685057,-1.3446518832254384,1,Métal
-0.23107094699315517,1.6234956736300863,1,Plastique
2.180024288492194,-0.6375370997647691,2,Verre
-0.658280667730542,0.6735340393315512,1,Papier
1.664546084626264,-0.580203385484249,2,Verre
2.054895535749814,1.3607439301356312,2,Verre
-0.6953317204851555,0.6767909569103583,1,Plastique
1.0638033858570657,1.4720870706261657,2,Verre
-0.47697668022420725,-1.685439494001578,0,Métal
-0.680149585206026,1.6767506352889587,1,Papier
0.11206471018826994,-1.386922699717164,1,Métal
-0.7972420531857902,1.6790973380135295,1,Plastique
-0.45862959225050826,1.2175517312736692,3,Métal
-0.4711982995800523,-0.7157404350018883,0,Métal
2.2191815445005734,1.344000237463394,2,Verre
-0.9414017226479275,-1.275283054220382,1,Papier
-0.680840892247854,-1.2955649793307917,1,Papier
-0.01681806498523966,1.5727756735945826,1,Papier
-0.7170532683067711,-0.3063303462235005,1,Papier
0.38486921059927615,1.521681961680722,1,Verre
-0.32682045555469197,0.6401491105484365,1,Plastique
1.4937829284116917,-0.5633962664619733,2,Verre
-0.6146047574049739,-0.322312258888114,1,Plastique
-0.7203584898797664,-1.305673702994365,1,Plastique
-0.8248241222957199,-1.2923900031163214,1,Papier
-0.48573504024041314,-0.7114258380708898,0,Métal
-0.6326325498597457,0.32995710789617694,0,Plastique
2.1922612585419206,-0.6393434612885951,2,Verre
-0.6818850656245297,0.684308599872473,1,Papier
-0.9117784695406165,-0.6571637570883377,0,Métal
-1.1462923840975963,1.3682244939450772,0,Métal
-0.6457135039392177,-0.319233495784913,1,Plastique
-0.396906652332896,-1.6709321895648825,0,Métal
-1.000163276806059,-0.2755031730771167,1,Papier
1.9623852457170576,-1.60596131284802,2,Verre
-0.7131138815819223,1.2967320385525174,0,Métal
-0.4566623277794465,0.656448672100659,1,Plastique
-0.652084469091131,1.6638812774061702,1,Plastique
-0.635693988583889,0.6816596436414801,1,Plastique
-0.4259718144852034,1.6446676695070874,1,Papier
-0.6404253340155753,-0.3084637464110618,1,Papier
-1.0544235667893755,0.7181651843476857,1,Papier
-0.45242751299386685,1.6469473772246566,1,Papier
-0.887071139087408,0.7013180144518276,1,Papier
-0.11768846124668936,1.605578406113559,1,Plastique
2.0954441407882274,-0.6274315985082338,2,Verre
-0.33403895795100136,0.6407501489620524,1,Plastique
-0.500625453387885,-0.335031182586468,1,Plastique
-0.8087623630337011,-1.2884030909100204,1,Papier
-0.8441166648015376,-1.2921811042578017,1,Plastique
0.7807904946840283,0.5118079714877404,2,Verre
-0.34508984980896285,1.3126984837748827,0,Métal
-0.15508253510399594,1.6174776567365734,1,Plastique
-0.6411771487081366,-0.3204511565003827,1,Plastique
-0.824579948150941,-0.2919002800282686,1,Papier
1.4613938516739429,1.4299726924416658,2,Verre
2.292657340298296,1.3397923820365654,2,Verre
-0.8361057286527616,-1.2957545835032147,1,Plastique
-1.1462923840975963,1.3682244939450772,0,Métal
2.0235108375509574,0.3724466144486678,2,Verre
3.0540031100874767,0.25799175717841205,2,Verre
0.7184294527465065,0.5450003730444299,2,Verre
-0.9242958020114177,-0.2844468133650271,1,Papier
2.274729612024223,-0.646777402663811,2,Verre
0.011356252912694237,1.5952792694601314,1,Plastique
-0.545529405493546,-0.33139479027317287,1,Plastique
-0.8027929184208659,-0.29642171735222034,1,Papier
-0.7521278995202817,1.6806756196830837,1,Papier
0.9139882373912858,-1.4948782594554126,2,Verre
-0.2270817719879436,1.285756402056016,0,Métal
2.444954401089233,1.3229200290320524,2,Verre
-0.6486802009483352,0.35986289161012475,0,Métal
-1.1565823119835485,-1.6031114153625903,0,Métal
1.7434020530072873,0.4031496404808137,2,Verre
1.967323848916529,-0.6183145166994869,2,Plastique
2.31712886389263,0.34044855320519396,2,Verre
-0.18125867369442633,1.618569565751813,1,Plastique
-0.9950084561539059,-0.2787676825507772,1,Papier
-0.9031364306425226,-1.285324613518144,1,Plastique
-0.5280579940536058,-1.678003210941433,0,Métal
-1.1545672592845366,-0.6947236540772534,3,Plastique
-0.34085517611270316,1.6358889943901118,1,Plastique
-0.5501496247851172,1.6622135950511312,1,Papier
-0.4217043929240377,1.6362990415730783,1,Plastique
2.0670666768255668,1.3629693837079417,2,Verre
-0.3603174245846962,1.268219366023746,0,Métal
-0.8087623630337011,-1.2884030909100204,1,Papier
2.54753716955863,0.3181963390978686,2,Verre
-0.9242958020114177,-0.2844468133650271,1,Papier
-0.31711369381047116,-0.7340137418131141,0,Métal
1.8454947045862538,0.3922446998255542,2,Plastique
-0.77032922661588,-1.6648603988764372,0,Métal
-0.7020795209940158,0.6864760490851431,1,Papier
-0.4545040651524843,1.6433764300176754,1,Plastique
-0.6817424552162119,-0.32303724231556896,1,Plastique
-0.5990822501053771,0.668432866535688,1,Papier
-1.111478982213392,-1.2612775879810538,1,Papier
-0.7168241342555814,-0.31534238361715294,1,Plastique
1.5345042785335,-1.560221577004525,2,Verre
-0.7118568658078139,0.6817316664896087,1,Plastique
2.2991045577964733,-1.6418870400595444,2,Verre
-1.0178027723475886,-0.6069839567903971,0,Métal
-0.7937961360535258,-1.2976091689005627,1,Plastique
-0.4771630695091046,-0.34279712954020547,1,Plastique
-0.7749705740813226,0.6942961371098344,1,Papier
-0.24551787127483077,1.628636557951263,1,Plastique
2.069142289655625,-1.6235081340431767,2,Verre
2.154073220007338,-1.62583204501358,2,Verre
-0.6934848148391054,-0.6438788448455137,0,Métal
1.6823827414176042,1.4534288248244167,2,Verre
-0.40814189288454594,-1.3339367153639032,1,Plastique
0.0007383451702840382,0.2701021968854904,0,Plastique
-0.3603174245846962,1.268219366023746,0,Métal
-0.6535830398941834,-1.688312651022957,0,Métal
-0.48862578310850224,1.6552490141393201,1,Papier
0.6916469308351553,-1.4670365454005556,2,Verre
-0.9715944083673255,-1.2747992751611728,1,Papier
-0.742374780542198,-1.3062225468321829,1,Papier
1.60261025296309,-0.5701921807617876,2,Verre
-0.7849852709451784,1.6806313677816285,1,Plastique
-0.8767284858254923,-1.2888511610681994,1,Plastique
-0.46265438569984974,-0.6613944029406145,0,Métal
-1.000163276806059,-0.2755031730771167,1,Papier
0.9249670952152522,0.5268570802361416,2,Verre
1.862821760832301,-1.5946915047565375,2,Verre
1.801829206663734,1.3934800692919647,2,Verre
-0.6189068714640983,0.6811456052856466,1,Papier
-0.7849852709451784,1.6806313677816285,1,Plastique
-0.5345518352218331,-0.330812998103595,1,Plastique
2.440558517315604,-1.6600404516175498,2,Verre
-0.5181633655120941,1.6542603624199421,1,Plastique
1.1275898097315493,1.5564532142815948,2,Verre
1.4218894340917716,-0.5615914095839692,2,Verre
1.371816563530918,0.44821456190763076,2,Verre
0.20593353945872137,1.2322720053648786,0,Métal
-0.7894887272274049,-1.3021627021137294,1,Papier
0.35204967817291954,1.1246557202172485,3,Verre
-0.3341007155081218,-0.3547055877778904,1,Plastique
2.463208699398891,1.320089678916798,2,Verre
-0.7714781113134025,1.68551007699366,1,Papier
1.8889655951417774,0.39000794471675215,2,Verre
-0.44815807152090437,1.6418801586669056,1,Papier
1.8105928495881995,0.39579165549753736,2,Verre
-0.2270817719879436,1.285756402056016,0,Métal
-0.7797760873777331,-0.6437983594300378,0,Métal
-0.7176837303088315,-1.6430212082252742,0,Métal
-0.5214896847210976,-0.3272457899535086,1,Plastique
-0.5458801833121547,1.6571463764933807,1,Papier
1.2795095021835043,1.4485013883528801,2,Verre
-1.4146072258231073,-1.1887716929327505,1,Papier
-0.9950084561539059,-0.2787676825507772,1,Papier
-0.47697668022420725,-1.685439494001578,0,Métal
1.983303599460092,-0.6086104749453641,2,Verre
-0.6933057369130003,-0.31047744695650636,1,Plastique
1.60261025296309,-0.5701921807617876,2,Verre
-0.7124459244221616,1.3202432961956376,0,Métal
3.1593232695156743,0.24955025389694274,2,Verre
-0.2840334904426872,0.6379941884297338,1,Plastique
2.132620031664344,-1.6242955368395646,2,Verre
-0.118012134375906,-0.7448100936927078,0,Métal
-0.4234608262860532,-1.3405125386047834,1,Plastique
-0.8785074692694552,0.6921583973263294,1,Plastique
-0.5282295436636871,-0.33189106320900463,1,Plastique
2.248034125870655,-1.6382697709603018,2,Verre
-0.23212926981322263,1.6235868701146472,1,Plastique
1.3314695449965086,0.45087657249735846,2,Verre
-0.539393037452385,0.28985043791651965,0,Métal
2.180024288492194,-0.6375370997647691,2,Verre
-0.5790903201135489,-0.7138512372531521,0,Métal
2.399284962138049,0.3352581457954744,2,Verre
-0.701051813344313,-0.30657465568942044,1,Papier
1.8356559472894907,0.3938051353127041,2,Verre
1.9502232557096577,0.38652065344392117,2,Verre
-1.184009932169721,0.30431939003230446,3,Papier
-0.7118979195540176,1.6693061400493157,1,Papier
-0.658280667730542,0.6735340393315512,1,Papier
-0.7027036009045038,-0.3057876947895126,1,Papier
-0.5840330101413332,-0.32844573674429767,1,Plastique
-1.1533564687305047,-1.5802794094733834,0,Métal
-0.3015435197624925,0.6411728021070624,1,Métal
-0.6368831898041856,-0.677116938950979,0,Métal
-0.6418199338394378,-0.32011023314369424,1,Plastique
-0.08907304258487675,1.238792846773695,0,Métal
-0.6911654983786755,-1.3058898175337683,1,Plastique
-0.9882841712259446,-1.273207422498419,1,Plastique
-0.8031894269860695,1.3192385087418208,0,Métal
-0.9942133883773274,-0.27894116420495996,1,Papier
-0.7613929058215607,0.6927698986034223,1,Papier
2.0776432612048863,-1.6193040939469543,2,Verre
-0.7626880268786814,-1.3065710826523707,1,Plastique
-0.26503385005150737,0.6351057674140164,1,Plastique
-0.539393037452385,0.28985043791651965,0,Plastique
-0.44119526793696984,-0.7075253191506943,0,Métal
-0.49673038918625123,-0.33360251787561346,1,Plastique
-0.8002383685510026,-0.30602658703815466,1,Plastique
0.9836080948201618,-0.46878905308317964,2,Verre
-0.9122757026772939,0.704701675315843,1,Papier
-0.7797760873777331,-0.6437983594300378,0,Métal
1.983303599460092,-0.6086104749453641,2,Verre
-0.8879272873709956,-0.28727859268891187,1,Papier
2.270714526169941,-1.6362384517384296,2,Verre
-0.8178563377883776,-1.679136461192903,0,Métal
1.3686473673086872,-0.548187174403014,2,Verre
-0.672939899232476,0.6759848595880891,1,Plastique
-0.4195093913200536,0.2567246239801133,0,Métal
-0.7776316063225828,-1.6794378337075102,0,Métal
0.007177788428238602,0.25992144217043234,0,Métal
-0.6829355989139066,-1.3044007901569574,1,Papier
-0.594820645399215,-1.3174698772651472,1,Plastique
-0.5935427275666555,-1.3106001104219327,1,Papier
0.07832203012568409,0.593518877062021,1,Métal
-0.9000058562948081,1.6979895238023388,1,Papier
-0.3875945039933001,-0.3479026878999265,1,Plastique
-0.48028854863331993,1.6467610255461664,1,Plastique
-0.3084282408050044,0.6411203963552883,1,Plastique
1.1650737523832686,0.5074916855704674,2,Verre
1.5619208238397602,-1.5656104978486511,2,Verre
-0.5887285200155368,-1.321728841589371,1,Plastique
-0.5823987971452674,-1.317282520141313,1,Plastique
-0.4440648608539335,-1.6756912202147973,0,Métal
-0.31338569645877634,-1.7150469153220715,0,Métal
3.1593232695156743,0.24955025389694274,2,Verre
-1.048067333866515,-1.619625893077357,0,Métal
1.9546287693916682,-0.6132949906282282,2,Verre
1.5390889577769842,1.430488915198721,2,Plastique
1.9546287693916682,-0.6132949906282282,2,Verre
-0.9917443280150029,-1.6003812940482816,0,Métal
-0.9973080255112141,-0.28306332038022686,1,Plastique
-0.8998272402663612,-0.28590502874368773,1,Papier
-0.15127051848350226,-1.7461117888432116,0,Métal
2.082071645927091,0.3701216464793118,2,Verre
-0.5641841397549132,1.6551423059854329,1,Plastique
-0.6911654983786755,-1.3058898175337683,1,Plastique
1.5928522845804658,-1.5686586134194358,2,Verre
-0.2793994474969379,0.6325629730006226,1,Plastique
-0.396906652332896,-1.6709321895648825,0,Métal
0.2911448079977259,-1.399580755724986,1,Verre
0.5807614857959665,1.4963950508079724,1,Verre
2.0051697680262435,1.3674021043547147,2,Verre
-0.5746749219786876,1.3258625518093579,0,Métal
-0.6315895884384479,0.6721466716654787,1,Plastique
1.4670516321145217,-1.5507500896786268,2,Verre
-0.584544834808447,1.6583320276078843,1,Papier
-0.4545040651524843,1.6433764300176754,1,Plastique
1.664546084626264,-0.580203385484249,2,Verre
-0.4993441908332764,-0.7183554491991243,0,Métal
-0.931642998527467,-0.28379991003068517,1,Papier
-0.547565464646186,-1.324872981473367,1,Plastique
2.3363037890784155,-1.6507697350956283,2,Verre
-0.9461437484038446,0.7116296482616853,1,Papier
2.791742577783431,0.28796972545305555,2,Verre
-0.15127051848350226,-1.7461117888432116,0,Métal
-0.5282295436636871,-0.33189106320900463,1,Plastique
1.60261025296309,-0.5701921807617876,2,Verre
-0.2843151723862761,0.6354961921033759,1,Plastique
2.2991045577964733,-1.6418870400595444,2,Verre
-0.35943758552129446,1.6480871361186422,1,Papier
-0.8670556923830681,1.6864306540440788,1,Papier
-0.855863526026901,-0.2914125356722921,1,Papier
-0.7329207488240747,-1.3049949686571984,1,Plastique
-0.03403171142777042,-0.3797118895692251,1,Métal
2.069142289655625,-1.6235081340431767,2,Verre
-0.8244191906391864,-0.29556462239835857,1,Papier
-0.32781941175127555,1.6408371108420867,1,Métal
-1.135998214941523,-1.258087455686123,1,Plastique
1.9502232557096577,0.38652065344392117,2,Verre
-0.6200002631782534,-1.30509641080388,1,Papier
-0.8935972693633161,0.7001830394624575,1,Papier
1.60261025296309,-0.5701921807617876,2,Verre
-0.9461437484038446,0.7116296482616853,1,Papier
-0.5378884425193817,0.6683149301993219,1,Papier
-1.1287833665029363,-1.2568507759598044,1,Papier
0.5279198205533557,-0.45626493847569294,1,Verre
1.5145663380480643,0.430343106699012,2,Verre
-0.9027024889777379,-1.2877076683886612,1,Papier
-0.917183813818258,-1.2844693043671538,1,Plastique
-1.0493436720378517,-0.6315553565336511,0,Métal
-1.17853582471796,0.9270886444628139,3,Métal
-0.5898185332343572,-0.32591814091779825,1,Plastique
-0.6935936780877673,1.6782792544572198,1,Papier
-0.40563613448221836,-0.6616637904767921,0,Plastique
-0.701051813344313,-0.30657465568942044,1,Papier
-1.1672713981271996,-1.2577959875738594,1,Papier
-0.6866740101477201,-0.3048557745739915,1,Papier
-0.43666390633588326,0.26244320978989855,0,Métal
-0.39984011126749297,0.6515362010424053,1,Plastique
-0.5791041280904737,1.6664700087471267,1,Papier
-0.839127322213352,-1.2901419041674727,1,Plastique
-0.17245991369999825,1.2822726696787983,0,Métal
-0.7701255952448721,-0.3123228508570872,1,Plastique
1.301216384447898,-1.9949427387577088,0,Métal
-0.6818850656245297,0.684308599872473,1,Papier
-0.8804638270825674,-0.30020586238148317,1,Plastique
-0.5273049279654639,1.6511274877161959,1,Plastique
-0.6745879687167446,0.6835134527694191,1,Papier
0.6776024047498919,0.47960657156853337,1,Plastique
-0.9789241436265078,-1.280454885717953,1,Plastique
-1.0139282462395738,-0.6711473401555164,0,Métal
-0.8056250528621177,1.6884097158920828,1,Papier
1.175266689819234,1.4611040475877803,2,Verre
-0.8563446862676307,0.6906013668671986,1,Papier
-0.4738055422238686,1.6485157430716744,1,Plastique
1.9363913786600833,1.3764527811792637,2,Verre
-0.4135242998860692,0.6524431964450386,1,Papier
-0.9134322338552243,0.705042795482355,1,Papier
2.1818285195759266,1.3509252880223037,2,Verre
-0.8883081146121451,-0.28838103025012285,1,Papier
-1.063049170962041,0.7566575160314957,1,Plastique
-0.7960660065406343,-0.6401718339188833,0,Métal
-0.577632913181487,-1.638072795079811,0,Métal
-0.3659438284510086,0.28419001508154307,0,Métal
-0.8361057286527616,-1.2957545835032147,1,Plastique
0.9411464988988183,-0.4943343562653869,2,Verre
-0.15639006965542657,0.3053994641146094,0,Métal
-0.4379414076174276,0.6493293298804923,1,Plastique
-1.5526213733107526,0.4537732834231354,0,Métal
-1.4146072258231073,-1.1887716929327505,1,Papier
1.4477165486905907,-1.5511170629558535,2,Verre
1.4903947647951572,-1.556353801334604,2,Plastique
-0.5394782381364231,0.6590076991176812,1,Plastique
-1.4146072258231073,-1.1887716929327505,1,Plastique
-0.38916772616866224,1.6390594438568755,1,Plastique
0.9524760526530409,-0.4650153697349355,2,Verre
-0.8986834233504724,-1.2775168910585597,1,Plastique
0.46305961366971604,1.5477813020069473,1,Métal
-0.594820645399215,-1.3174698772651472,1,Plastique
0.3634048229792859,-0.47038098336555767,1,Verre
-0.614320869547749,0.35352154017493453,0,Métal
-0.2951792487243863,0.6389502968396419,1,Plastique
-0.5823987971452674,-1.317282520141313,1,Plastique
-0.6946288714314617,0.6832463019301407,1,Papier
-1.0165031840070615,0.7164318128188472,1,Papier
-0.9505105811518335,-1.6709447981934233,0,Métal
-0.44029259115219455,0.6521198496511686,1,Plastique
-0.8085536809688902,0.6940586988355555,1,Papier
-0.4379414076174276,0.6493293298804923,1,Plastique
-0.40920917157802084,1.63661970435863,1,Plastique
-0.5074897625389596,1.2936708639194874,0,Métal
-0.4711982995800523,-0.7157404350018883,0,Métal
-1.0209750694189785,-1.6282992660641855,0,Métal
-0.609216682796993,-0.6654900129910539,0,Métal
-0.4158376394348412,0.2934016526330252,0,Métal
-0.5378884425193817,0.6683149301993219,1,Papier
-0.723755578437331,-0.3118083915897183,1,Plastique
2.270714526169941,-1.6362384517384296,2,Verre
-0.9134322338552243,0.705042795482355,1,Papier
1.5390889577769842,1.430488915198721,2,Verre
-0.9882841712259446,-1.273207422498419,1,Plastique
0.32350636164853674,-1.4253367257723135,1,Verre
1.0637267694073882,-0.5775899885344185,2,Plastique
-0.5851167175389501,0.6741415747354182,1,Papier
2.357358005311352,1.3342716584061416,2,Verre
1.1760192448788052,0.46863035750276194,2,Verre
-0.6326325498597457,0.32995710789617694,0,Métal
0.907294378662082,1.5213217955585712,2,Verre
-0.48173934764870907,0.6553030276577265,1,Plastique
-0.8658681788447449,0.7014931765847654,1,Papier
-0.7714781113134025,1.68551007699366,1,Papier
-0.6040332217347734,0.6688594955369711,1,Papier
-0.558792814541993,-0.3269226497135387,1,Métal
-0.8912977526623647,0.3147451630770264,0,Métal
-0.6822928695197747,-0.6572952356506343,0,Métal
0.8371077597954381,-0.45586528839161855,2,Verre
-0.6853157353243764,1.3159930190010731,0,Métal
-0.8137661744734068,0.6913942349556665,1,Plastique
-0.7760107702266964,1.687413910827526,1,Plastique
-0.5113493170256205,-1.645060074508315,0,Métal
-0.37794086250123704,-0.6668570195103913,0,Métal
2.4035173275804045,0.3302349312020665,2,Verre
-0.30346519001769695,1.3102396102988145,0,Métal
-0.4162457037096573,1.6359278521808338,1,Plastique
-0.8329686118904299,1.6906194561121815,1,Papier
-0.7700356642417989,1.3407014476135937,0,Métal
11.953630085884878,-3.169838750382517,2,Verre
-0.8498199098249464,-1.292640920336551,1,Plastique
-0.3659438284510086,0.28419001508154307,0,Métal
-0.9334090985991822,-1.6641998261282462,0,Métal
-0.6683734225918619,-0.32327036399570774,1,Plastique
-0.6896912431428321,0.3515405246926804,0,Métal
1.5145828372399135,-1.5546853767518218,2,Verre
2.1922612585419206,-0.6393434612885951,2,Verre
-0.6334331186479537,-1.657002133117044,0,Métal
-0.81462377762891,-1.2984347096915831,1,Plastique
-0.6003315866422831,1.347916399805542,0,Métal
2.4990843149171913,1.3169802589847273,2,Verre
-0.963365513145539,1.696241420998686,1,Plastique
-0.41345902708322413,0.264045101778666,0,Métal
-0.8657448802223873,-0.628836739330542,0,Métal
2.0670666768255668,1.3629693837079417,2,Verre
-0.6802050592429182,1.678712792803003,1,Papier
0.8833852397271555,-1.4923624901834462,2,Verre
-0.6395187322466209,-1.6459526980408248,0,Métal
-0.5214896847210976,-0.3272457899535086,1,Plastique
0.994099385728908,-0.468930949846062,2,Verre
-0.324276577713028,0.6390334903924975,1,Plastique
2.3363037890784155,-1.6507697350956283,2,Verre
-0.6558974297705499,1.678212644171795,1,Papier
-0.7651464800252776,-0.3064838658651803,1,Plastique
-0.7646082430115468,0.6928387560377802,1,Papier
-0.3992518358295115,0.6494534231257181,1,Plastique
-0.29783547068685057,-1.3446518832254384,1,Métal
-0.671684222773963,0.6802144625304061,1,Papier
1.079446688735241,1.4700155743226768,2,Verre
-0.5887285200155368,-1.321728841589371,1,Plastique
2.4299865495963053,-1.6540119413099794,2,Verre
-0.30100987138754604,1.625952279005691,1,Plastique
-0.8935972693633161,0.7001830394624575,1,Papier
-0.8651498686989986,-0.29174259248924206,1,Papier
-0.8784526041189954,-0.29068621072658796,1,Plastique
1.7094302992010537,-1.5833534269157605,2,Verre
-0.6759536642469255,0.6852816810881566,1,Papier
-0.7378593938060786,-1.299375689022703,1,Plastique
-0.6855903661844034,1.6667694354137732,1,Plastique
-0.9110038057936755,-1.6197946324136132,0,Métal
2.0576049933775207,0.37592305756934463,2,Verre
-0.9339111445801374,-1.5958335638835894,0,Métal
-0.2843151723862761,0.6354961921033759,1,Plastique
-0.6497023090243648,-0.31973082205408687,1,Plastique
1.3922484581717265,-0.5485207285851648,2,Verre
-0.9578645213361481,-1.272917539320281,1,Papier
2.132620031664344,-1.6242955368395646,2,Verre
0.19736193280974926,-1.3371645252824624,2,Verre
-1.064466232979769,-0.6244454705004102,0,Plastique
-0.5895622389158212,-0.6994242424472285,0,Métal
-0.3603174245846962,1.268219366023746,0,Métal
-0.5755140193878766,-0.320413741044812,1,Papier
2.0861977566403347,0.3639185314538098,2,Verre
-0.33206083885165144,1.6324631262872231,1,Plastique
-0.9259873952338143,-1.2784171893482883,1,Papier
1.7738626757115217,-0.5920879255019454,2,Verre
-0.9614899924121717,-1.657340019882189,0,Métal
-0.4917312773433484,-0.33552873398347205,1,Plastique
1.8291838576478667,-0.5945378908614748,2,Verre
-0.5087063273866821,-0.3301884482121853,1,Plastique
-0.8801971891831901,0.7029661043779425,1,Papier
1.1057996871907427,-1.5149604909235481,2,Verre
1.0685149389806337,-0.4749933114118059,2,Verre
-0.6678960617231253,-1.6266811880736078,0,Métal
-1.290159556815612,-0.6802219496532936,3,Plastique
1.0329805243409276,0.5184947905271078,2,Verre
-0.40939130879904506,-0.34731096067895817,1,Plastique
-0.7020795209940158,0.6864760490851431,1,Papier
-0.44955236552836275,-0.345517921768304,1,Plastique
-0.9859258071794983,-1.2740411128879001,1,Plastique
-1.043202357668781,-1.2670803857262245,1,Papier
0.9454962949436045,-0.49949694424794955,2,Verre
1.2688644201949224,-0.5342261844340008,2,Verre
1.3314695449965086,0.45087657249735846,2,Verre
-0.6634010538004439,-0.32404934661175044,1,Plastique
3.2502525941901927,0.7109690881641961,2,Métal
-0.2793994474969379,0.6325629730006226,1,Plastique
-0.963365513145539,1.696241420998686,1,Plastique
-0.7661775515391699,-0.30182464595261727,1,Papier
1.4903947647951572,-1.556353801334604,2,Verre
-0.9321403197956872,-1.2830891874562156,1,Plastique
-0.5748208786405864,-0.7189184558109027,0,Métal
-0.9242958020114177,-0.2844468133650271,1,Papier
-0.4428040229712712,0.3369449208107971,0,Métal
-0.6439857278511388,-0.3185313191000616,1,Plastique
-0.8002383685510026,-0.30602658703815466,1,Plastique
-0.8329686118904299,1.6906194561121815,1,Papier
-0.609216682796993,-0.6654900129910539,0,Métal
-0.6699275953344423,-1.2985261636945387,1,Papier
1.1057996871907427,-1.5149604909235481,2,Verre
1.7419070567253119,-0.5897162736023569,2,Verre
-0.8725396303436437,-1.2864830080451184,1,Plastique
-0.9806698622665229,-1.6544515810343865,0,Métal
-0.7064128064952109,0.6871467387900985,1,Papier
-0.5775251724738499,-0.3281206332176212,1,Plastique
0.15692304196541748,1.5810507976371586,1,Métal
-0.4179554232273607,-1.713596227994715,0,Métal
2.1922612585419206,-0.6393434612885951,2,Verre
-1.0166884443119764,-1.266114541015213,1,Papier
-0.2690673404908577,1.6295311696397106,1,Plastique
-0.7161334997112356,0.32602629440147535,0,Métal
1.338161101313397,0.45207715937041426,2,Verre
-0.47851011677123023,-0.33693687800952077,1,Plastique
-0.8511021448367233,-0.2946443700309358,1,Papier
-0.8136798855255125,0.31555598482206126,0,Métal
-0.9856995201611705,-1.636669286250153,0,Métal
2.403964097061919,0.33176721109469365,2,Verre
-0.9031364306425226,-1.285324613518144,1,Plastique
-0.3770955409609996,1.2664239081116915,0,Métal
0.6916469308351553,-1.4670365454005556,2,Plastique
-0.19711933104950652,-1.3575436692837097,1,Plastique
-0.8383555856085874,0.6992872146016584,1,Papier
-0.05560415731325985,1.2468801544894885,0,Métal
-0.7903431438553862,1.6861172835081912,1,Papier
-1.064466232979769,-0.6244454705004102,0,Métal
-0.7383720964206539,0.6823487804112263,1,Plastique
-0.6395187322466209,-1.6459526980408248,0,Métal
1.3451538803935108,2.0029186279017788,3,Verre
-0.5492435773894538,1.6575728345143224,1,Papier
1.4657627778376594,0.43320421495434824,2,Verre
1.1057996871907427,-1.5149604909235481,2,Verre
-0.45862959225050826,1.2175517312736692,3,Métal
-0.4903799585293275,-0.33224181245982254,1,Plastique
1.5507528182516355,0.4232302741255396,2,Verre
-0.5931280335684784,-0.3284485290120458,1,Plastique
-0.8441166648015376,-1.2921811042578017,1,Plastique
-0.6059559743399326,-0.6531810932974362,0,Métal
-0.7776316063225828,-1.6794378337075102,0,Métal
-1.107862753489285,-0.6094327500156691,0,Métal
-0.5791041280904737,1.6664700087471267,1,Papier
-0.5841652709542486,-0.3293677245780444,1,Plastique
-0.7642583833750459,-0.3044840017333026,1,Plastique
1.922182698397696,-1.5992995511424617,2,Verre
-0.08087501292678881,-0.749034957572452,0,Métal
1.4657627778376594,0.43320421495434824,2,Verre
0.007468606939604355,0.6067740428896433,1,Métal
-0.9973080255112141,-0.28306332038022686,1,Plastique
-0.430346929306026,-1.334343480711561,1,Plastique
-0.8141736240100425,-0.291423848808094,1,Papier
-0.44244512782386536,1.649035911308497,1,Plastique
-0.1544052802156436,1.6166738517048567,1,Plastique
-0.8379853401162072,-1.2885489318276224,1,Plastique
1.637020912258993,1.413783094564972,2,Verre
0.9790753729613024,-0.4634093582294646,2,Verre
-0.6935936780877673,1.6782792544572198,1,Papier
-0.584076983008122,-0.3283935472183279,1,Plastique
-0.46745412571990674,-1.6914690032576911,0,Métal
-0.9334090985991822,-1.6641998261282462,0,Métal
-0.5829919790365816,-0.64581959064274,0,Métal
-0.6849162559076836,0.672661850583846,1,Plastique
-0.8660558759393759,0.7031539519886494,1,Papier
-0.05560415731325985,1.2468801544894885,0,Métal
-0.5749213587811339,1.3282261250945437,0,Métal
-0.433079511166254,0.6616227514400903,1,Papier
0.8706630922930811,-0.49377259465328627,2,Verre
2.978109084287743,0.26702546811631334,2,Verre
-0.8164337466855252,-0.2933291909336464,1,Papier
1.9639891993105656,-0.6088584999003511,2,Verre
-0.7588826194367508,0.6929029862434877,1,Papier
-0.7961884866817304,-1.3001629994574309,1,Plastique
-0.3726621478800962,1.63733565984413,1,Plastique
-0.6911654983786755,-1.3058898175337683,1,Plastique
-0.5975339453028382,-0.32673601492158433,1,Plastique
-0.808930090617002,-0.2973388412577631,1,Papier
-0.7521278995202817,1.6806756196830837,1,Papier
-0.9715944083673255,-1.2747992751611728,1,Papier
0.9555162416354743,-0.5002684918907118,2,Verre
-0.7540607968105223,-0.617851867592865,0,Métal
-0.8676137976537466,-1.2795363509679325,1,Papier
-0.4195093913200536,0.2567246239801133,0,Métal
-0.8880206288015478,1.6952171353251277,1,Papier
-0.9235480475932932,-1.2874143206860214,1,Plastique
-0.5280579940536058,-1.678003210941433,0,Métal
-0.8617595766569339,-0.29001438895548537,1,Papier
-0.18662163522728886,1.301263521057493,0,Métal
-0.894722767512414,-0.6589800491776416,0,Métal
-0.8361057286527616,-1.2957545835032147,1,Plastique
-0.36099434288719334,1.2686847815643463,0,Métal
1.5484774867382316,-1.5623984740839731,2,Verre
-0.7583593898401534,-1.2899560985989769,1,Papier
-0.6603515480029675,-0.6840700183947845,0,Métal
-0.23107094699315517,1.6234956736300863,1,Plastique
2.142501718851785,0.36374460937864717,2,Verre
-0.8291138071548492,-1.2857365243230154,1,Papier
2.142501718851785,0.36374460937864717,2,Verre
0.7807904946840283,0.5118079714877404,2,Verre
-0.4235249987060643,-0.3422284341544839,1,Plastique
-0.7368642525756368,-0.30966123757918473,1,Plastique
-0.5138407931736694,-0.33572412185507794,1,Plastique
-0.9973080255112141,-0.28306332038022686,1,Plastique
-0.7760107702266964,1.687413910827526,1,Papier
2.4990843149171913,1.3169802589847273,2,Verre
1.9639891993105656,-0.6088584999003511,2,Verre
-0.7749705740813226,0.6942961371098344,1,Papier
-0.9159015157911741,0.7054284193010363,1,Plastique
-0.9882841712259446,-1.273207422498419,1,Plastique
-0.8427751323509718,0.6941385249220031,1,Plastique
-0.4677906958776369,0.6670606846680285,1,Papier
-0.7937961360535258,-1.2976091689005627,1,Plastique
1.2643270430883318,-0.536731317970806,2,Verre
-0.8329686118904299,1.6906194561121815,1,Papier
-0.736024419423014,-0.3014595399499418,1,Papier
-0.4991512055558771,1.3216790023006182,0,Métal
-0.56914398348202,1.6568316735935265,1,Plastique
-0.8510821445728516,-1.2886994066321646,1,Papier
-0.7091415088923221,-0.3036212885489602,1,Papier
-0.7646082430115468,0.6928387560377802,1,Papier
1.8213425066903461,0.39498820741542606,2,Verre
-0.07393465054914525,0.257957422522896,0,Métal
-0.5982773190555647,-0.33086437060623464,1,Plastique
0.38625498504336453,0.5250218971904248,1,Plastique
-0.4813918890219451,1.6480705333420131,1,Plastique
-0.7492922120974896,1.684494740744196,1,Papier
-0.6385080760436705,1.662885968915073,1,Plastique
-0.1600564972065247,1.6173407570390632,1,Plastique
-0.7442946000125042,-0.3073251209091048,1,Plastique
-0.37710030993846544,1.3087700526819621,0,Métal
-0.8137661744734068,0.6913942349556665,1,Plastique
-0.5273049279654639,1.6511274877161959,1,Plastique
-0.7123064351617717,1.6763697079118052,1,Papier
-0.7765907027930472,-0.2973155250009536,1,Papier
-0.6486802009483352,0.35986289161012475,0,Métal
-0.9555133835387105,-1.2736377450120757,1,Papier
-0.12647339953489461,0.6186001135263541,1,Métal
-0.855863526026901,-0.2914125356722921,1,Papier
-1.0117596370950266,-0.2836395290409923,1,Plastique
-0.6745879687167446,0.6835134527694191,1,Papier
1.8093967968050289,1.3968349273885294,2,Plastique
-0.9723152213174152,-1.2694519241927127,1,Papier
10.468687675892507,-1.951641468588588,2,Verre
-0.6362338455031588,1.3047395025161552,0,Métal
-1.1576259102034672,-1.5752121909156327,0,Métal
2.173605059753751,1.3509929694415044,2,Verre
-0.7088012533452913,-1.3044162857465689,1,Papier
-0.6326325498597457,0.32995710789617694,0,Métal
-0.5181633655120941,1.6542603624199421,1,Plastique
-0.931642998527467,-0.28379991003068517,1,Papier
-0.5722773309559969,-0.3252988515267985,1,Plastique
-0.701307550984974,0.6870623571799734,1,Papier
-0.44244512782386536,1.649035911308497,1,Plastique
1.983833831657937,-1.6111430440731924,2,Verre
-0.36926951963667665,1.3026776879937139,0,Métal
-0.7960660065406343,-0.6401718339188833,0,Métal
-0.7749705740813226,0.6942961371098344,1,Papier
1.7738626757115217,-0.5920879255019454,2,Verre
-0.24551787127483077,1.628636557951263,1,Plastique
1.984695796858197,0.37357136486004117,2,Verre
-0.5559892807782659,1.6650365018026776,1,Papier
2.208798995212381,-0.6337516621535756,2,Verre
-0.45242751299386685,1.6469473772246566,1,Papier
2.142501718851785,0.36374460937864717,2,Verre
-0.9380689621039418,-1.6344479576647353,0,Métal
0.9082077358953082,-0.46140550140973713,2,Verre
2.1624706678296293,0.3596702825439049,2,Verre
-0.7960660065406343,-0.6401718339188833,0,Métal
1.5572796124309594,0.4268460965375558,2,Verre
-0.48173934764870907,0.6553030276577265,1,Plastique
-0.5336190010464192,0.6632477116415709,1,Papier
-0.9083002672362167,-0.2902770440650495,1,Papier
-0.43427903033790727,0.3217613421370711,0,Métal
-0.48265834745761815,1.2845441562374555,0,Métal
1.8920227322568466,-0.6040059172838974,2,Verre
1.8243490409759158,1.3893762743105464,2,Verre
-0.5066359596607731,1.6605320598330324,1,Papier
2.791742577783431,0.28796972545305555,2,Verre
-0.3864565360846951,1.6412626078300343,1,Papier
-0.43879637793490434,0.6546295785036056,1,Plastique
-0.6404253340155753,-0.3084637464110618,1,Papier
-0.6985970172426359,0.6836740750457933,1,Papier
1.637020912258993,1.413783094564972,2,Verre
-0.6190551753247835,-1.642992842235653,0,Métal
1.1057996871907427,-1.5149604909235481,2,Verre
1.8093967968050289,1.3968349273885294,2,Verre
1.801829206663734,1.3934800692919647,2,Verre
-0.31711369381047116,-0.7340137418131141,0,Métal
-0.6799444018384907,1.6707816860412337,1,Papier
-0.8498199098249464,-1.292640920336551,1,Plastique
-0.5601849874271755,1.6656037303311135,1,Papier
1.8781069703158524,-0.6034467625517462,2,Verre
-0.12647339953489461,0.6186001135263541,1,Métal
-0.37710030993846544,1.3087700526819621,0,Métal
-0.8726177983199979,-0.3043924768915294,1,Plastique
-0.10394533512842119,1.6169184021796428,1,Métal
-0.5218822357915678,-1.3228863687274073,1,Métal
-0.44174385498390456,-0.3370444285624632,1,Plastique
-0.14888412299756695,0.29707462920124983,0,Métal
2.701078364298307,-0.6947605356837439,2,Verre
1.6148152880663262,1.4104799589948975,2,Verre
-0.2777651685200593,-0.7125804450960556,0,Métal
-0.6166129066161944,-1.3188596522892428,1,Plastique
-0.26726958380528476,-0.6800800146964067,0,Métal
1.8781069703158524,-0.6034467625517462,2,Verre
-0.866294701108097,-1.2908449552366668,1,Papier
-0.36057663325426914,1.2814138318328443,0,Métal
2.545065340345822,0.31389745340551434,2,Verre
3.0540031100874767,0.25799175717841205,2,Verre
2.0776432612048863,-1.6193040939469543,2,Verre
-0.40108385383809486,-0.6634339050616849,0,Plastique
0.24822492803662397,-1.4493819043602016,1,Verre
-0.6106094838331237,-1.6766120248540561,0,Métal
0.615079041953659,-0.4376148273014244,2,Verre
-0.9159015157911741,0.7054284193010363,1,Papier
-0.5649266500457416,0.66157153873926,1,Plastique
-0.2651152956532157,-0.6801925666414451,0,Métal
-0.9110038057936755,-1.6197946324136132,0,Plastique
0.7389129431878823,0.5427829698880622,2,Verre
-0.8452464575799087,-0.2969266729000186,1,Papier
-0.6047524023977793,-1.6682344900841883,0,Métal
1.8344283459131536,-0.6007623510003622,2,Verre
2.6810335234940688,-1.6811610670806407,2,Verre
-1.4673308579203457,-0.20007741830723336,1,Plastique
-0.9714321085669924,-0.2815466078433184,1,Papier
1.7094302992010537,-1.5833534269157605,2,Verre
-0.771675763699287,0.6943567563308817,1,Papier
-0.7183757782758152,-0.635430529626668,0,Métal
1.8299174056747018,0.3995804661556013,2,Verre
-0.44119526793696984,-0.7075253191506943,0,Métal
-0.3100523472512204,1.2797667913635264,0,Métal
1.170292998927478,-0.5245959099221233,2,Verre
-0.46745412571990674,-1.6914690032576911,0,Métal
-0.31338569645877634,-1.7150469153220715,0,Métal
0.8833852397271555,-1.4923624901834462,2,Verre
-0.7118568658078139,0.6817316664896087,1,Plastique
3.047041014317721,-1.203624997660047,2,Métal
-0.5918248797704363,1.666757222350274,1,Papier
-1.048067333866515,-1.619625893077357,0,Métal
-0.24551787127483077,1.628636557951263,1,Plastique
-0.7330200930073866,-0.3032925233258128,1,Papier
-0.5394782381364231,0.6590076991176812,1,Plastique
-0.6362338455031588,1.3047395025161552,0,Métal
-0.37710030993846544,1.3087700526819621,0,Métal
-0.9817146563972893,-1.2785128200627343,1,Plastique
1.1699020704975878,0.4695523030507338,2,Verre
-0.5836553086860149,0.6653782929620478,1,Plastique
-0.4935772964578494,0.32089257730932874,0,Métal
-0.591115159015075,-1.3165061809079053,1,Plastique
-0.6542576628625004,1.6729194244836265,1,Papier
2.357358005311352,1.3342716584061416,2,Verre
-0.6319567061885151,-1.634108712961647,0,Métal
-0.41535755645816996,-0.7203156984787816,0,Métal
-0.5057549264555546,-0.6983304106236577,0,Métal
0.011356252912694237,1.5952792694601314,1,Plastique
-0.8923183059568482,0.7047093487639435,1,Papier
-0.9235480475932932,-1.2874143206860214,1,Plastique
-0.3936037165974692,1.6438474430072836,1,Plastique
-0.5966167549706543,0.6755749618662061,1,Papier
2.1433016338907427,-0.6302764793808754,2,Verre
-0.5887285200155368,-1.321728841589371,1,Plastique
-0.6319054785884691,-0.32332189871401895,1,Plastique
2.444954401089233,1.3229200290320524,2,Verre
2.5873984910224466,-0.6799170796138541,2,Verre
-1.0002844230198136,-0.2773740062903425,1,Papier
-0.5975339453028382,-0.32673601492158433,1,Plastique
-0.9723152213174152,-1.2694519241927127,1,Papier
-0.5895242337955309,1.6672896689838546,1,Papier
-0.5381612362726091,1.6521813041353044,1,Plastique
-0.2840334904426872,0.6379941884297338,1,Plastique
1.079446688735241,1.4700155743226768,2,Verre
1.1699020704975878,0.4695523030507338,2,Verre
0.5279198205533557,-0.45626493847569294,1,Verre
-0.8962203675931396,-0.28878705275143135,1,Papier
1.6382761147859868,1.4158644815461832,2,Verre
-0.5935427275666555,-1.3106001104219327,1,Papier
-0.8563446862676307,0.6906013668671986,1,Papier
-0.16486869234545762,0.2861967278086377,0,Métal
-0.6106094838331237,-1.6766120248540561,0,Plastique
1.059835371358288,0.5162014854257295,2,Verre
-0.8785074692694552,0.6921583973263294,1,Plastique
-0.17378544853894506,1.2415680161012401,0,Métal
1.6647584942842946,-1.570399174471992,2,Verre
-0.2840334904426872,0.6379941884297338,1,Plastique
-0.536261280965457,1.6626459890703698,1,Papier
2.459716990591288,-0.6709366393308731,2,Verre
1.8454947045862538,0.3922446998255542,2,Verre
-0.5073998503447277,-0.3344160836841643,1,Plastique
-0.3984809632768396,1.327396766361103,0,Métal
-0.8758646554079121,-0.2971850341586313,1,Plastique
-1.031616561861322,-0.2740718523867385,1,Papier
-1.0151352283064385,-0.2761155517157847,1,Papier
2.055191447665156,0.3690077398261917,2,Verre
-0.5559892807782659,1.6650365018026776,1,Papier
-0.7613929058215607,0.6927698986034223,1,Papier
2.2991045577964733,-1.6418870400595444,2,Verre
1.3910454959953222,1.4373193096580053,2,Verre
-0.24551787127483077,1.628636557951263,1,Plastique
-0.38916772616866224,1.6390594438568755,1,Plastique
-0.15849190605943303,1.6154838103292783,1,Plastique
-0.8638774017244396,-1.295752573298001,1,Papier
-0.7797760873777331,-0.6437983594300378,0,Métal
-0.5330427374604132,0.34515063991828465,0,Métal
1.6426397367905095,1.4106854841198564,2,Verre
1.4358448999528644,1.431787135807822,2,Verre
-0.8229512834394771,-0.2910804044443127,1,Papier
-0.8229512834394771,-0.2910804044443127,1,Papier
1.170292998927478,-0.5245959099221233,2,Verre
-0.6262088961241602,-1.3150528873217433,1,Plastique
-0.34085517611270316,1.6358889943901118,1,Plastique
-1.0633454358469145,-1.6385753793523958,0,Métal
-0.9774493558847646,-0.27932027052738295,1,Papier
-0.369328802906285,0.6435985675215481,1,Plastique
0.011356252912694237,1.5952792694601314,1,Plastique
-0.8784526041189954,-0.29068621072658796,1,Plastique
-0.34873888949887194,-0.348883995441275,1,Plastique
-0.48879781411962087,1.645675890797025,1,Plastique
-0.44152113912458124,-1.3282764392511548,1,Plastique
-0.8986834233504724,-1.2775168910585597,1,Papier
-0.887071139087408,0.7013180144518276,1,Papier
-0.9817146563972893,-1.2785128200627343,1,Plastique
-0.16143554860937206,0.23683360804677456,0,Métal
1.8388006927506912,1.3882215211805329,2,Plastique
-0.5501496247851172,1.6622135950511312,1,Papier
1.8144619267744257,1.392593582577249,2,Verre
-0.5394782381364231,0.6590076991176812,1,Plastique
-0.500625453387885,-0.335031182586468,1,Plastique
-0.4993441908332764,-0.7183554491991243,0,Métal
1.9639891993105656,-0.6088584999003511,2,Verre
-0.9944951592299116,-0.6590418542087709,0,Métal
-0.7097036961173911,-0.31646045899800157,1,Plastique
1.4898240360586694,-1.5499432488124067,2,Verre
-0.8229512834394771,-0.2910804044443127,1,Papier
-0.5746749219786876,1.3258625518093579,0,Métal
-0.9504655831311739,-1.2731683939218656,1,Plastique
1.5572796124309594,0.4268460965375558,2,Verre
1.7420577693768546,-0.5891050659668682,2,Verre
-0.6761597288636587,-1.3120060947285368,1,Plastique
-0.5388825193070791,0.67216410328814,1,Papier
-0.7123064351617717,1.6763697079118052,1,Papier
2.464995408810037,0.32301104745129594,2,Plastique
2.3860537565669206,1.3230693665381,2,Verre
-0.9754231408245537,1.381175040678073,0,Métal
-0.7714781113134025,1.68551007699366,1,Papier
-0.37926455344622867,1.6511932740561612,1,Papier
0.6916469308351553,-1.4670365454005556,2,Verre
-1.1910232253474509,-1.2486971518323253,1,Papier
-0.5851167175389501,0.6741415747354182,1,Papier
-0.701307550984974,0.6870623571799734,1,Papier
-0.5966167549706543,0.6755749618662061,1,Papier
-0.6595437753827321,-0.6841549927222046,0,Plastique
-1.1515903714309899,-0.26461373922538,1,Papier
-0.36099434288719334,1.2686847815643463,0,Métal
1.6294706554844596,-0.5737277594845674,2,Verre
1.8428264016285785,-1.5943445407134726,2,Verre
-0.592928360241521,1.6698642227179497,1,Papier
-0.6699275953344423,-1.2985261636945387,1,Papier
-0.6124934359707185,-1.3182147619525735,1,Plastique
-1.076935660651512,-1.2629509202252367,1,Papier
-0.6270210211519253,0.2834373525109317,0,Métal
-0.9859258071794983,-1.2740411128879001,1,Plastique
-0.4078387000637409,0.3333612128381458,0,Plastique
-0.31338569645877634,-1.7150469153220715,0,Métal
-0.8195386945695512,1.6890052043446564,1,Papier
-0.5536037742362334,1.654137851560509,1,Plastique
-1.0633454358469145,-1.6385753793523958,0,Métal
1.3910454959953222,1.4373193096580053,2,Verre
-0.8141982325884158,0.3775288680955864,0,Métal
-0.8141736240100425,-0.291423848808094,1,Papier
-0.38916772616866224,1.6390594438568755,1,Plastique
0.779529295349386,0.4635181818590086,1,Verre
-0.6951143769026371,0.6832902394873017,1,Papier
1.098463210867194,0.47940434688522404,2,Verre
-0.6849162559076836,0.672661850583846,1,Plastique
-0.38188281054468043,-1.3423704096186062,1,Plastique
-0.2934254539091693,-1.3509214569717458,1,Plastique
-0.6334331186479537,-1.657002133117044,0,Métal
-0.9303947069793291,-1.277791557378103,1,Papier
-0.3078505546141349,-0.35203172545155437,1,Métal
-0.7825540279237578,-0.29730152029838286,1,Papier
-0.9737925784825799,-1.2700186133879976,1,Papier
-0.6394042943860851,0.6719074478439373,1,Papier
2.1922612585419206,-0.6393434612885951,2,Verre
2.403964097061919,0.33176721109469365,2,Verre
-0.8784526041189954,-0.29068621072658796,1,Plastique
-0.3904358333401061,0.6509232649266556,1,Plastique
-0.7754370669899355,-1.3001742216685126,1,Plastique
-0.7945552240873017,-0.29857838873646947,1,Papier
-0.5494869661548962,0.6631770806282005,1,Plastique
1.5145828372399135,-1.5546853767518218,2,Verre
1.5167180488709628,-1.5515997824707526,2,Verre
-0.8273096540329419,0.7007851726700844,1,Plastique
-1.0139282462395738,-0.6711473401555164,0,Métal
-0.4310168167202475,-1.3364779486316878,1,Plastique
-0.6385080760436705,1.662885968915073,1,Plastique
-0.40814189288454594,-1.3339367153639032,1,Plastique
-0.15849190605943303,1.6154838103292783,1,Plastique
2.4515871968702854,1.3175374360526912,2,Verre
-0.5327954511112513,0.6565724872543861,1,Plastique
1.983303599460092,-0.6086104749453641,2,Verre
2.2583984930306347,0.34418864694444395,2,Verre
-0.22691264693283655,0.6322829338154785,1,Plastique
-1.111478982213392,-1.2612775879810538,1,Papier
1.143670426207248,1.499436852877854,2,Verre
-0.6953317204851555,0.6767909569103583,1,Plastique
-0.8658681788447449,0.7014931765847654,1,Papier
-0.5836553086860149,0.6653782929620478,1,Plastique
-0.4217043929240377,1.6362990415730783,1,Plastique
-0.4903799585293275,-0.33224181245982254,1,Plastique
-0.9610747164965863,1.2762607537064687,3,Papier
-0.6721655031960878,-1.6216139695158573,0,Métal
-0.41759020883470144,1.6527036676905287,1,Papier
-0.26768646676318375,-0.36109139623344233,1,Plastique
-0.611008710384928,-1.3195142872511745,1,Plastique
-0.652084469091131,1.6638812774061702,1,Plastique
-0.6822928695197747,-0.6572952356506343,0,Métal
-0.8660558759393759,0.7031539519886494,1,Papier
-0.7131138815819223,1.2967320385525174,0,Métal
-0.7566336196100197,-0.3048462771962852,1,Plastique
-0.70571610192182,-1.6879489869864845,0,Métal
-0.7097036961173911,-0.31646045899800157,1,Plastique
1.9580872148753636,0.37957458027434887,2,Verre
1.3257758839277232,1.4429289091009736,2,Verre
-1.0594155073419345,-0.6203324917895243,0,Métal
-0.5458513668226614,1.651518602091824,1,Plastique
-0.609216682796993,-0.6654900129910539,0,Métal
-0.4078387000637409,0.3333612128381458,0,Métal
-0.2955583887471736,-0.6803758417062483,0,Métal
-0.4917312773433484,-0.33552873398347205,1,Plastique
-0.5790903201135489,-0.7138512372531521,0,Métal
-0.1834338112463702,-0.7012047960859582,0,Métal
-0.5553770341342383,-1.3208287959799947,1,Plastique
1.8101604347393663,1.3976988405844388,2,Verre
-0.5075084705360261,1.657303714949853,1,Plastique
2.2024833355265576,1.3473330455646997,2,Verre
-0.8418243258081799,-1.29601318886491,1,Plastique
-0.6892218967552923,-0.6539957277703132,0,Métal
1.5928522845804658,-1.5686586134194358,2,Verre
-0.5106258317248382,-0.7187338217943999,0,Métal
-0.6088071939829125,-1.3191543651194089,1,Plastique
-0.7395498741072597,0.6810066880798147,1,Plastique
-0.256219193363161,0.6335354933678985,1,Plastique
-0.26489625559014823,1.6242930870510983,1,Plastique
-0.8195386945695512,1.6890052043446564,1,Papier
-0.734603237837965,0.6718251779310871,1,Plastique
-0.6672606730375245,-0.6766396775709508,0,Métal
-0.9626290614354107,-0.2794272986548012,1,Papier
-0.5280579940536058,-1.678003210941433,0,Métal
2.6810335234940688,-1.6811610670806407,2,Verre
-0.672939899232476,0.6759848595880891,1,Plastique
1.6977690746955234,-0.5752131926321316,2,Verre
-1.2673284499065915,-1.2443424236295801,1,Papier
-0.8031894269860695,1.3192385087418208,0,Métal
1.9598301989482136,-1.5973434556421704,2,Verre
-0.9774493558847646,-0.27932027052738295,1,Papier
-0.680149585206026,1.6767506352889587,1,Papier
-0.5459034416980083,1.6647125210044929,1,Papier
-0.9242958020114177,-0.2844468133650271,1,Papier
2.5531782611051184,1.3102466863730282,2,Verre
-0.8758646554079121,-0.2971850341586313,1,Plastique
-0.4666525062439203,-0.33756187337511867,1,Plastique
-0.70571610192182,-1.6879489869864845,0,Métal
-0.6222743013325562,-1.689686163365501,0,Métal
-0.5851167175389501,0.6741415747354182,1,Papier
-0.7124459244221616,1.3202432961956376,0,Métal
-0.20858627467393925,1.6169755980310898,1,Plastique
3.1593232695156743,0.24955025389694274,2,Verre
-0.6526413812531833,0.6730480977148592,1,Papier
-0.6404253340155753,-0.3084637464110618,1,Papier
-0.4976538407576008,-0.33469095369208124,1,Plastique
2.047678729464164,-0.620123497624052,2,Verre
-0.35480404221314576,1.6389180785359618,1,Plastique
-0.963365513145539,1.696241420998686,1,Plastique
-0.1715612626509465,0.3005997065927051,0,Métal
-0.7521278995202817,1.6806756196830837,1,Papier
-0.8651498686989986,-0.29174259248924206,1,Papier
0.2466665145514755,1.5718593263356617,1,Métal
-1.1545672592845366,-0.6947236540772534,3,Plastique
2.403964097061919,0.33176721109469365,2,Verre
0.07632147490732236,1.2207477534534241,0,Métal
-0.792898134381415,-0.3060177321335251,1,Plastique
-0.2934254539091693,-1.3509214569717458,1,Plastique
-0.30100987138754604,1.625952279005691,1,Plastique
2.039487680729956,1.368116238981542,2,Verre
-0.08907304258487675,1.238792846773695,0,Métal
1.8093967968050289,1.3968349273885294,2,Verre
-0.5887285200155368,-1.321728841589371,1,Plastique
2.2605021110526073,0.3502666969277375,2,Verre
-0.26265836551913413,-1.7105391816735334,0,Métal
-1.5665886341598436,-1.1803746565939157,1,Plastique
-0.15127051848350226,-1.7461117888432116,0,Métal
-1.3861581179303535,-1.6171374765455582,0,Métal
-0.8164437643495444,-1.6453785086017096,0,Métal
-0.2955583887471736,-0.6803758417062483,0,Métal
-0.45248101459381695,-0.344374966468014,1,Plastique
-0.5210958194835776,-1.3205910061405144,1,Papier
-0.5596017237227476,0.2797873499673651,0,Plastique
-0.9774493558847646,-0.27932027052738295,1,Papier
-0.6497023090243648,-0.31973082205408687,1,Plastique
-1.2582116448298073,-0.6499058005050623,0,Métal
-0.9380689621039418,-1.6344479576647353,0,Métal
-0.05560415731325985,1.2468801544894885,0,Plastique
0.6591107632374443,-1.4269896250164675,2,Verre
-0.2178121834804322,1.6191041445418752,1,Plastique
0.17539589214236193,1.592847355579387,1,Métal
-0.5330427374604132,0.34515063991828465,0,Métal
-0.7161334997112356,0.32602629440147535,0,Métal
-0.81462377762891,-1.2984347096915831,1,Plastique
-0.8248241222957199,-1.2923900031163214,1,Papier
-0.2840334904426872,0.6379941884297338,1,Plastique
-1.0556947493106912,-0.2751095908195371,1,Papier
-0.3230254057398104,0.6390247407967926,1,Plastique
-0.6872218168792226,1.668231179275521,1,Plastique
-0.7405932848105957,-0.311766582996865,1,Plastique
1.6736099820281718,0.4115698046284162,2,Verre
2.463208699398891,1.320089678916798,2,Verre
1.2938906059872908,1.4512368222106693,2,Verre
1.5484774867382316,-1.5623984740839731,2,Verre
1.4657119905054667,-0.5558537543883324,2,Verre
-0.7145738377225688,0.6819361021128343,1,Plastique
-0.8063422145771841,-0.2953824751002452,1,Papier
-0.4917312773433484,-0.33552873398347205,1,Plastique
-0.5105303916143268,-0.33074986404394324,1,Plastique
1.2875197158526344,-0.535173568489064,2,Verre
-0.17378544853894506,1.2415680161012401,0,Métal
-0.6431851095713752,0.35982163730138117,0,Métal
-0.8141982325884158,0.3775288680955864,0,Métal
-0.9042589558892188,-0.2838388763636861,1,Papier
0.6916469308351553,-1.4670365454005556,2,Verre
-0.8609345664502552,-1.6051953552725104,0,Métal
-1.0633454358469145,-1.6385753793523958,0,Métal
-0.8361057286527616,-1.2957545835032147,1,Plastique
-0.7203584898797664,-1.305673702994365,1,Plastique
-0.908906734351594,-0.6567579566383035,0,Plastique
-0.10716028569257952,1.608564799937956,1,Métal
-0.27257119155765985,1.6269996207921096,1,Plastique
-0.9762035546748562,-0.2789614922083463,1,Papier
-0.4078387000637409,0.3333612128381458,0,Métal
0.8706630922930811,-0.49377259465328627,2,Verre
-0.7613929058215607,0.6927698986034223,1,Papier
-0.5932879161777999,1.668003586603288,1,Papier
-0.7972420531857902,1.6790973380135295,1,Plastique
-0.975413539788579,-1.6566949699266198,0,Métal
0.4018226086934986,-0.4755709771887462,1,Verre
-0.28457349388453057,0.6357582230616285,1,Plastique
-0.30346519001769695,1.3102396102988145,0,Métal
-0.26265836551913413,-1.7105391816735334,0,Métal
-0.48573504024041314,-0.7114258380708898,0,Métal
-0.6944689982116934,0.6819750348486189,1,Papier
-1.0733703593164705,-1.2617404157814123,1,Papier
1.961950316591981,1.3718803032178484,2,Verre
-0.3283192166013778,1.3092982260087063,0,Métal
-0.6299572745590267,1.6672165283944629,1,Papier
-1.070713531947797,-0.2760381058693113,1,Plastique
-0.3979835869839049,-1.3381662844720053,1,Plastique
-0.8923183059568482,0.7047093487639435,1,Papier
-0.672939899232476,0.6759848595880891,1,Plastique
-0.6262088961241602,-1.3150528873217433,1,Plastique
0.3246393408269359,0.569789400396471,1,Métal
-0.6849162559076836,0.672661850583846,1,Plastique
-0.4711982995800523,-0.7157404350018883,0,Métal
-0.6712016969263384,-1.6665888989662263,0,Métal
2.132620031664344,-1.6242955368395646,2,Verre
-0.8657448802223873,-0.628836739330542,0,Métal
-0.7329207488240747,-1.3049949686571984,1,Plastique
-0.5280579940536058,-1.678003210941433,0,Métal
-0.8638774017244396,-1.295752573298001,1,Papier
1.7419070567253119,-0.5897162736023569,2,Plastique
-0.8293340951930894,-1.2832300743209115,1,Papier
1.9890309519987208,-0.6188603921192561,2,Verre
2.54753716955863,0.3181963390978686,2,Verre
-1.001383677944713,-1.2850954010203606,1,Plastique
-0.7521278995202817,1.6806756196830837,1,Papier
-0.4935772964578494,0.32089257730932874,0,Métal
-0.054421101128248384,1.600445966861254,1,Plastique
-1.000163276806059,-0.2755031730771167,1,Papier
-0.5465338481799517,1.65982273951194,1,Papier
-0.7760107702266964,1.687413910827526,1,Papier
-0.7617567452710687,0.3474040658426305,0,Métal
-0.9789241436265078,-1.280454885717953,1,Plastique
1.8299174056747018,0.3995804661556013,2,Verre
1.8428264016285785,-1.5943445407134726,2,Verre
-0.29783547068685057,-1.3446518832254384,1,Métal
-1.0900287906074508,-1.2687735103123474,1,Plastique
-0.1834338112463702,-0.7012047960859582,0,Métal
2.6810335234940688,-1.6811610670806407,2,Verre
1.5644935745048376,-0.5673277919560589,2,Verre
2.292657340298296,1.3397923820365654,2,Verre
-0.7145738377225688,0.6819361021128343,1,Plastique
-0.5790903201135489,-0.7138512372531521,0,Métal
-0.4175010458235816,0.6526272335528123,1,Plastique
-0.9414017226479275,-1.275283054220382,1,Papier
-0.3443543344829671,-0.34549751567808884,1,Plastique
-0.6946288714314617,0.6832463019301407,1,Papier
-0.05326847858903122,1.247543303752497,0,Métal
-0.6342267160319892,1.6722837469522134,1,Papier
1.0604621590748542,-1.508642944161318,2,Verre
-0.7124459244221616,1.3202432961956376,0,Métal
-0.6761597288636587,-1.3120060947285368,1,Plastique
-0.2083682389079013,1.617969278879542,1,Plastique
-0.4991512055558771,1.3216790023006182,0,Métal
-0.6451741253002613,-1.3140839757241145,1,Plastique
-1.0900287906074508,-1.2687735103123474,1,Plastique
-0.1834338112463702,-0.7012047960859582,0,Métal
-0.6911654983786755,-1.3058898175337683,1,Plastique
-0.6319567061885151,-1.634108712961647,0,Métal
-0.8617108853387647,-0.6483284271003908,0,Métal
-0.34508984980896285,1.3126984837748827,0,Métal
-0.4184519538569689,-0.6572139323774984,0,Métal
1.2402619828756398,-1.5180340982605962,2,Verre
2.2605021110526073,0.3502666969277375,2,Verre
-0.7937961360535258,-1.2976091689005627,1,Plastique
-0.3684075427004384,0.651491093613928,1,Plastique
-0.6362338455031588,1.3047395025161552,0,Métal
-0.17378544853894506,1.2415680161012401,0,Métal
0.07956018962778005,0.26565680625670973,0,Métal
3.4179960372936478,1.218774342596656,2,Plastique
-0.5439749870633245,-0.6408457355269965,0,Métal
3.0540031100874767,0.25799175717841205,2,Verre
-0.8273096540329419,0.7007851726700844,1,Papier
-0.6360481566948296,0.35199946351770284,0,Métal
-0.2955583887471736,-0.6803758417062483,0,Métal
1.8920227322568466,-0.6040059172838974,2,Verre
-0.5895242337955309,1.6672896689838546,1,Papier
1.4898240360586694,-1.5499432488124067,2,Verre
2.9658320686982704,0.2727252364467474,2,Verre
-0.607697196255941,-1.3135287876170092,1,Plastique
-0.6721655031960878,-1.6216139695158573,0,Plastique
-0.9045581367970423,-0.2925186243384088,1,Plastique
-0.7916218154069345,0.3145216969635767,0,Métal
-0.7617567452710687,0.3474040658426305,0,Métal
-0.7551394822191897,0.6900387858778407,1,Papier
-0.4798792985621566,0.2763530732818025,0,Métal
-0.8658681788447449,0.7014931765847654,1,Papier
-1.000163276806059,-0.2755031730771167,1,Papier
-0.8744940505457578,-1.2969609269961158,1,Plastique
1.646235248365673,-0.5796292830922523,2,Verre
-0.24513637207661768,0.6312049480962278,1,Plastique
1.9466826675481546,-1.6093169731781596,2,Verre
-0.33206083885165144,1.6324631262872231,1,Plastique
1.4372902531679512,-1.5493670675251308,2,Verre
-0.678758503778051,-0.3158532311539626,1,Papier
-0.5271037432931641,1.6473868132906306,1,Plastique
1.207861827764935,0.459037527700628,2,Verre
1.3451538803935108,2.0029186279017788,3,Verre
-0.6404253340155753,-0.3084637464110618,1,Papier
-0.09979819568744441,0.6132123395903186,1,Plastique
-0.775496656467258,-1.2895657757107455,1,Papier
1.4218894340917716,-0.5615914095839692,2,Verre
-0.6817424552162119,-0.32303724231556896,1,Plastique
0.672499063487286,0.549750875924867,2,Verre
0.007468606939604355,0.6067740428896433,1,Plastique
-0.9714321085669924,-0.2815466078433184,1,Papier
-0.483577174057758,-0.32553189681030137,1,Papier
-0.4379414076174276,0.6493293298804923,1,Plastique
1.7419070567253119,-0.5897162736023569,2,Verre
-0.7960660065406343,-0.6401718339188833,0,Métal
-0.6076525822413896,-0.32315873588180133,1,Plastique
1.8388006927506912,1.3882215211805329,2,Verre
1.371816563530918,0.44821456190763076,2,Verre
1.7907903389655908,-0.5963475945177907,2,Verre
2.173605059753751,1.3509929694415044,2,Verre
2.7729657930255653,1.2825756009002942,2,Verre
-0.05560415731325985,1.2468801544894885,0,Plastique
-0.7460944221948909,-0.2998681097069418,1,Papier
0.04926524303937635,-1.3837974107211126,1,Métal
-0.6933057369130003,-0.31047744695650636,1,Plastique
-0.5887285200155368,-1.321728841589371,1,Plastique
0.7669199047752203,0.08270421261153982,3,Verre
-0.29783547068685057,-1.3446518832254384,1,Métal
-0.9259873952338143,-1.2784171893482883,1,Papier
1.7907903389655908,-0.5963475945177907,2,Verre
1.862821760832301,-1.5946915047565375,2,Verre
-0.855863526026901,-0.2914125356722921,1,Papier
0.8191155195519879,-1.4453642209751973,2,Verre
-0.6634010538004439,-0.32404934661175044,1,Plastique
-0.699862065374213,1.6782080834279045,1,Papier
0.7184294527465065,0.5450003730444299,2,Verre
-0.9035090192187983,-1.2781613986733111,1,Papier
-0.2439986610196277,1.2774881360884824,0,Métal
-0.8040180954908118,-0.3019966973833652,1,Plastique
-0.66970237133161,1.676149158265855,1,Papier
-0.7572751672947274,-0.30334292307326827,1,Papier
2.0007757191057327,0.3816124479111056,2,Verre
-0.3979835869839049,-1.3381662844720053,1,Plastique
-0.3864565360846951,1.6412626078300343,1,Papier
-0.723755578437331,-0.3118083915897183,1,Plastique
0.9646252434279918,-0.5047558554351751,2,Verre
1.5928522845804658,-1.5686586134194358,2,Verre
-0.18662163522728886,1.301263521057493,0,Métal
-0.8293340951930894,-1.2832300743209115,1,Papier
2.778200328135683,-0.6983821435075748,2,Verre
-1.076935660651512,-1.2629509202252367,1,Papier
-0.8892550462549462,-1.2860033558510509,1,Plastique
1.3828106762141175,0.4427971508136932,2,Verre
0.07632147490732236,1.2207477534534241,0,Métal
-0.8094004487281377,-1.6096360895003647,0,Métal
-0.4958803332164604,-0.3387005660129354,1,Plastique
-0.5226528258846062,-0.6562596211374256,0,Métal
0.4669734381078522,-0.48582600025808564,1,Verre
-0.879887576738442,-1.2851017703806602,1,Plastique
-0.2651152956532157,-0.6801925666414451,0,Métal
1.7191249366240602,0.41660666644988575,2,Plastique
-0.44244512782386536,1.649035911308497,1,Plastique
-0.5982773190555647,-0.33086437060623464,1,Plastique
2.1624706678296293,0.3596702825439049,2,Verre
-0.318543103631164,0.6383448463916619,1,Plastique
-1.0166884443119764,-1.266114541015213,1,Papier
-0.6330166663505441,0.6695971168581083,1,Plastique
-0.47223826241727007,1.6486544846116173,1,Papier
-0.8476161520762926,-1.2932065330130031,1,Plastique
-0.8767284858254923,-1.2888511610681994,1,Plastique
-0.9303947069793291,-1.277791557378103,1,Papier
-0.8638774017244396,-1.295752573298001,1,Papier
-0.6822928695197747,-0.6572952356506343,0,Métal
-1.0002844230198136,-0.2773740062903425,1,Papier
-0.24535418724336336,0.634050513415062,1,Métal
-0.8923183059568482,0.7047093487639435,1,Papier
-0.9110038057936755,-1.6197946324136132,0,Métal
1.8781069703158524,-0.6034467625517462,2,Verre
-0.538115136268876,-0.3199234248036815,1,Papier
-0.5394782381364231,0.6590076991176812,1,Plastique
3.1593232695156743,0.24955025389694274,2,Plastique
-0.8164337466855252,-0.2933291909336464,1,Papier
-0.3986612923817092,1.2843704031334167,0,Métal
1.9087302417597436,1.3765498841600239,2,Verre
-0.5812025078360267,-0.31757161720771965,1,Papier
1.9639891993105656,-0.6088584999003511,2,Verre
1.684556058685523,-0.5778828434023814,2,Plastique
2.8929207875933507,1.2726661683437748,2,Verre
-0.826608516940933,0.6920288262714196,1,Papier
-0.3453553968359314,1.63877228912771,1,Plastique
-0.7472379485356221,-1.6376828701051025,0,Métal
-0.500625453387885,-0.335031182586468,1,Plastique
-0.707612549386079,0.6777850051979597,1,Papier
-0.6456835137657614,-0.3213788370505366,1,Plastique
1.9639891993105656,-0.6088584999003511,2,Verre
1.5542096089849355,-1.5543148731665315,2,Verre
2.664274096239459,-0.6892583871504951,2,Verre
-0.2651152956532157,-0.6801925666414451,0,Métal
-0.37401383021131585,1.6503706837992385,1,Papier
1.1963396138830107,-0.5283090340457274,2,Verre
-0.9194147309945724,1.2611468317736925,3,Plastique
1.818476703353801,1.3900864556138257,2,Verre
0.9547798899079625,-1.4939069173578658,2,Verre
-0.9261332986312321,0.708204949189642,1,Papier
-0.37438043152851125,-0.35106417091301756,1,Plastique
-0.7466442220151605,-1.3011553282744321,1,Papier
-1.1149695769892027,-1.589762880363463,0,Métal
-0.8510821445728516,-1.2886994066321646,1,Papier
2.1624706678296293,0.3596702825439049,2,Verre
1.829576436685831,-1.590007432376696,2,Verre
0.4025872059107255,0.5622173135686739,1,Métal
-0.408602256992902,-1.339036266334321,1,Plastique
-0.7170532683067711,-0.3063303462235005,1,Papier
-0.8235754457297161,-1.2945261060534936,1,Papier
-0.8043809421483596,-0.2957066527954255,1,Papier
1.8744809551567285,-0.6023841764732835,2,Verre
2.043849472189769,-0.6265380496050936,2,Verre
-1.1782107313687327,-1.2588082977826176,1,Papier
-0.8658681788447449,0.7014931765847654,1,Papier
-0.6119238181179297,-0.31285417945560323,1,Papier
0.5338106023228258,1.4894557254655647,1,Plastique
-0.39376152323495694,1.3255856502609051,0,Métal
-0.8273096540329419,0.7007851726700844,1,Papier
-0.7064128064952109,0.6871467387900985,1,Papier
-0.3770955409609996,1.2664239081116915,0,Métal
-0.658280667730542,0.6735340393315512,1,Papier
1.6426397367905095,1.4106854841198564,2,Plastique
1.1057996871907427,-1.5149604909235481,2,Verre
-0.8923183059568482,0.7047093487639435,1,Papier
-0.8409021574623275,-0.6516690340916693,0,Métal
-0.9629589049276568,-0.2807624298434286,1,Papier
-0.8324726408379068,-0.6142011159657262,0,Métal
1.3686473673086872,-0.548187174403014,2,Verre
-0.5094196861453688,0.6563976712851198,1,Plastique
-0.8301868976490008,-1.2860714468988788,1,Papier
-1.4103377843501448,-1.1938389114905013,1,Papier
-0.34949726987619334,0.6417080310772725,1,Plastique
1.3268970557571251,0.4472313965106882,2,Verre
-0.6174833381515717,-0.3136662663041836,1,Papier
1.6647584942842946,-1.570399174471992,2,Verre
-0.4500063057720447,0.650129075716227,1,Plastique
-0.5975339453028382,-0.32673601492158433,1,Plastique
1.984695796858197,0.37357136486004117,2,Plastique
-1.290159556815612,-0.6802219496532936,3,Plastique
0.7436277287050153,1.4668994257527632,1,Verre
-0.6076525822413896,-0.32315873588180133,1,Plastique
-0.31711369381047116,-0.7340137418131141,0,Métal
-0.3691283263457642,0.3251135073639835,0,Métal
1.371816563530918,0.44821456190763076,2,Plastique
0.4771152401968739,-1.4848848309778369,1,Verre
-0.2955699020262459,0.6355446151322173,1,Plastique
-0.4667739504333023,1.6481836206804694,1,Papier
-0.318543103631164,0.6383448463916619,1,Plastique
-0.4500276192281656,0.6642778806368284,1,Papier
3.0540031100874767,0.25799175717841205,2,Verre
-1.0868431275281067,1.2870983136053706,3,Papier
-0.7311237387907118,-1.6701711631722922,0,Métal
-0.31901247310664615,-0.3502980155027189,1,Métal
0.2845777775971987,-1.4558775832517175,1,Verre
-1.0394620128442849,-1.2662826100031703,1,Papier
-0.609216682796993,-0.6654900129910539,0,Métal
-0.6540112262575795,0.6684668207738007,1,Papier
-0.34320622843696413,0.638203318699597,1,Plastique
1.6961141597596452,-0.5835470698328395,2,Verre
-0.08087501292678881,-0.749034957572452,0,Métal
1.6426397367905095,1.4106854841198564,2,Verre
-0.48971070418027396,1.6532389801577405,1,Plastique
-0.6307894225957078,-0.32358521684552155,1,Plastique
1.998277336146613,-1.6102105220812997,2,Verre
0.7184294527465065,0.5450003730444299,2,Verre
1.207861827764935,0.459037527700628,2,Verre
-0.7712695887339711,-1.6624494101180352,0,Métal
2.978109084287743,0.26702546811631334,2,Verre
2.441539696762737,1.3269727964120552,2,Verre
-0.7668123773363635,-1.298787492739483,1,Plastique
-0.7731183103700952,-0.2968461702809908,1,Papier
-0.8141982325884158,0.3775288680955864,0,Métal
-0.8607813765629879,-1.2878786560467639,1,Plastique
-0.1189507740522851,1.6105851814924106,1,Plastique
-0.8017235471794557,-0.30471999921537063,1,Plastique
-0.4777563540758115,0.6522589597767363,1,Plastique
-1.0556947493106912,-0.2751095908195371,1,Plastique
-0.38949208176199446,1.3205184317031542,0,Plastique
-0.6849162559076836,0.672661850583846,1,Plastique
-1.5665886341598436,-1.1803746565939157,1,Plastique
-0.4841487400351191,0.2814202918395532,0,Métal
1.0638033858570657,1.4720870706261657,2,Plastique
-1.0300980927925258,-1.6123796443208804,0,Métal
-0.5904971625965353,-0.33157099791026146,1,Plastique
-0.8917796922076858,-1.2795928189938135,1,Papier
1.7191249366240602,0.41660666644988575,2,Verre
1.2088946053553373,-1.4800842877219016,2,Verre
-0.6242259446309354,-0.32166726092225706,1,Plastique
0.04926524303937635,-1.3837974107211126,1,Métal
-0.7408991420556703,0.6824764013331881,1,Papier
-1.17853582471796,0.9270886444628139,3,Métal
-0.6408215887417539,-1.3018344945347313,1,Papier
-0.05326847858903122,1.247543303752497,0,Métal
-0.12647339953489461,0.6186001135263541,1,Métal
3.4179960372936478,1.218774342596656,2,Verre
1.7613557622801956,-0.5911369960131299,2,Verre
-0.7027036009045038,-0.3057876947895126,1,Plastique
1.5390889577769842,1.430488915198721,2,Verre
-0.8676137976537466,-1.2795363509679325,1,Papier
0.46305961366971604,1.5477813020069473,1,Métal
-0.7960660065406343,-0.6401718339188833,0,Métal
1.9109325219846722,0.3888753402250862,2,Verre
1.984695796858197,0.37357136486004117,2,Plastique
0.01071669793345853,1.5992243450437804,1,Métal
-0.6799444018384907,1.6707816860412337,1,Plastique
-0.702908516491379,-0.30668388762441734,1,Papier
0.76283868136656,1.448160236636123,1,Plastique
-0.3576729105812925,-0.6982256391941228,0,Métal
-0.5734202261206166,-0.3311226617034586,1,Plastique
-0.8776371855881661,-1.2946068208584256,1,Plastique
2.4990843149171913,1.3169802589847273,2,Verre
-0.8803959049985056,-0.29847798250716284,1,Plastique
-0.5179191258182173,1.6624030427274603,1,Papier
-1.6100406490353818,-1.1719310458025294,1,Papier
1.4351888569224007,-1.6253552533345472,2,Plastique
-0.5696721304528861,-0.32803520416114784,1,Plastique
-0.8329686118904299,1.6906194561121815,1,Papier
-0.9787670610393531,-0.2877323125341362,1,Plastique
1.1498498509187027,1.4652893552554203,2,Verre
2.2522330888841804,1.336901751291817,2,Verre
0.8054632963762418,0.46319145713796006,1,Verre
1.9918911710306393,0.37827508933215803,2,Verre
-0.635693988583889,0.6816596436414801,1,Papier
-0.3603174245846962,1.268219366023746,0,Métal
-0.607697196255941,-1.3135287876170092,1,Plastique
-0.5138407931736694,-0.33572412185507794,1,Plastique
-0.6342267160319892,1.6722837469522134,1,Papier
-0.9504655831311739,-1.2731683939218656,1,Papier
-0.5282295436636871,-0.33189106320900463,1,Plastique
-0.5346130778341166,0.6670968847303895,1,Papier
1.7528159485141452,-0.5882018467227826,2,Verre
-1.1121381100040382,-1.259321754271792,1,Papier
-0.6573467104324129,-0.3155388864333233,1,Plastique
-0.57699510972612,1.3487215357177174,0,Métal
-0.5271037432931641,1.6473868132906306,1,Plastique
-0.5641841397549132,1.6551423059854329,1,Plastique
-1.1576259102034672,-1.5752121909156327,0,Métal
1.4123282270668354,-0.5049267461383717,2,Verre
-0.7387400652776355,-0.6353831891231481,0,Métal
-0.6497023090243648,-0.31973082205408687,1,Plastique
-0.6652777181768601,0.6713190247178111,1,Plastique
-0.6430391021096348,-0.3259223301803016,1,Plastique
2.270714526169941,-1.6362384517384296,2,Verre
-0.37794086250123704,-0.6668570195103913,0,Métal
-0.350965082159588,-0.344099440294394,1,Métal
-0.44592675040826857,0.3063580880791359,0,Métal
-0.5094965528362246,-1.3250313858999017,1,Plastique
-0.5138407931736694,-0.33572412185507794,1,Plastique
2.4143561368362643,1.3257867602623106,2,Verre
-0.7668123773363635,-1.298787492739483,1,Plastique
-0.7383720964206539,0.6823487804112263,1,Plastique
0.9174471901699663,0.5284150406357633,2,Verre
-0.7394401823639821,1.6825982854244639,1,Papier
1.5285252245087302,-0.5673067039336086,2,Verre
-0.6073254149383642,-1.6839290939322464,0,Métal
-0.6451741253002613,-1.3140839757241145,1,Plastique
-0.40939130879904506,-0.34731096067895817,1,Plastique
-0.6411771487081366,-0.3204511565003827,1,Plastique
-0.6208092614869715,-0.3257174302379293,1,Plastique
-0.5983034162972465,1.6568668475062795,1,Plastique
1.7191249366240602,0.41660666644988575,2,Verre
1.287143351781398,1.4880949068401097,2,Verre
2.0051697680262435,1.3674021043547147,2,Verre
-0.7855977964578778,-0.30990447656552433,1,Plastique
-0.8195386945695512,1.6890052043446564,1,Papier
0.9174471901699663,0.5284150406357633,2,Verre
-1.0556947493106912,-0.2751095908195371,1,Papier
-0.8563446862676307,0.6906013668671986,1,Papier
-0.7937961360535258,-1.2976091689005627,1,Plastique
-0.7262296866953358,-0.6257897008093831,0,Métal
-0.855863526026901,-0.2914125356722921,1,Papier
-0.658280667730542,0.6735340393315512,1,Papier
-0.7027271854697084,0.6781499445570811,1,Plastique
-0.5820440314611292,1.6685845271151007,1,Papier
-1.0556947493106912,-0.2751095908195371,1,Papier
-0.7797760873777331,-0.6437983594300378,0,Métal
-0.48028854863331993,1.6467610255461664,1,Plastique
-0.9754615174084789,-0.28075778336523505,1,Papier
-0.7069811670503067,-0.6417644755793681,0,Métal
-0.11768846124668936,1.605578406113559,1,Plastique
-0.2651152956532157,-0.6801925666414451,0,Plastique
1.8657536914709252,1.3850408468011748,2,Verre
-0.3078505546141349,-0.35203172545155437,1,Métal
1.198262146888976,1.4949460672329649,2,Verre
2.578632183742337,-0.6829822462458377,2,Verre
2.4639834694031695,-0.6696814508304607,2,Verre
0.253289978905458,1.5353767660556799,1,Plastique
1.4903947647951572,-1.556353801334604,2,Verre
0.9139882373912858,-1.4948782594554126,2,Plastique
1.862821760832301,-1.5946915047565375,2,Verre
-0.7395908917577229,-0.6705019460018466,0,Métal
1.1963396138830107,-0.5283090340457274,2,Verre
-0.2934254539091693,-1.3509214569717458,1,Plastique
-0.7712695887339711,-1.6624494101180352,0,Plastique
-0.6166129066161944,-1.3188596522892428,1,Plastique
-0.8013556113891552,1.6833424973343323,1,Papier
2.1350407589120333,1.3551403783487947,2,Verre
-0.6174833381515717,-0.3136662663041836,1,Papier
2.4990843149171913,1.3169802589847273,2,Verre
-0.951243942065748,-1.2787049635698264,1,Papier
-0.5465338481799517,1.65982273951194,1,Papier
-0.6910294162584709,-0.3059170423183164,1,Papier
-0.710319064410877,1.6796343801674072,1,Papier
-0.751640758506576,-1.2982945035142779,1,Plastique
1.420936873135522,0.44164002093487653,2,Verre
2.064975168829211,0.3695367347888536,2,Verre
-0.23448113333645565,1.2677573195729648,0,Métal
2.2991045577964733,-1.6418870400595444,2,Verre
0.5452633674221132,-1.4971185717537436,1,Verre
1.9087302417597436,1.3765498841600239,2,Verre
-0.6954711752498567,1.6720510737719592,1,Papier
-1.0509543339172827,-0.2690170360438653,1,Papier
2.248034125870655,-1.6382697709603018,2,Verre
0.5170817720216427,0.5039687445481884,1,Verre
2.0942612656334982,0.3699295301104877,2,Verre
2.29430532166844,-0.6473427304945659,2,Verre
-1.0303731597794725,-1.2675395548817407,1,Papier
1.9850677368596998,0.3745587597853566,2,Verre
0.6200297663649652,1.4867606747083373,1,Verre
-0.40814189288454594,-1.3339367153639032,1,Plastique
2.0115152983539932,-1.613105106939644,2,Verre
-0.6208092614869715,-0.3257174302379293,1,Plastique
1.9466826675481546,-1.6093169731781596,2,Plastique
0.5279198205533557,-0.45626493847569294,1,Verre
-0.7227406942065647,-1.3022405910207335,1,Plastique
-0.6085579836198532,1.6606871345204046,1,Plastique
1.983833831657937,-1.6111430440731924,2,Verre
-1.0493436720378517,-0.6315553565336511,0,Métal
2.1433016338907427,-0.6302764793808754,2,Verre
-0.6146047574049739,-0.322312258888114,1,Plastique
1.5390889577769842,1.430488915198721,2,Verre
-0.4958803332164604,-0.3387005660129354,1,Plastique
-1.17853582471796,0.9270886444628139,3,Métal
-0.059365125929696894,1.2738342983214281,0,Métal
2.54265738059874,0.32398795313732864,2,Verre
2.348080719821667,-0.1091938266461081,0,Métal
-0.38188281054468043,-1.3423704096186062,1,Plastique
0.3822924645276634,-0.4172633401764765,1,Verre
-0.23693391086650764,0.6280733357951755,1,Plastique
-0.8087623630337011,-1.2884030909100204,1,Papier
-0.6085579836198532,1.6606871345204046,1,Plastique
-0.6822928695197747,-0.6572952356506343,0,Métal
-0.45310338449912224,-0.3380800219039528,1,Plastique
-0.6593102272102281,-1.2989380223369937,1,Papier
2.1818285195759266,1.3509252880223037,2,Verre
-0.15849190605943303,1.6154838103292783,1,Plastique
-0.8676137976537466,-1.2795363509679325,1,Papier
-0.6331510099715674,-0.31978326367892373,1,Papier
-0.7778789225572764,-0.2978285929846807,1,Papier
2.0942612656334982,0.3699295301104877,2,Verre
-0.7442946000125042,-0.3073251209091048,1,Plastique
-1.5644976625619598,-1.1828563418802993,1,Plastique
2.54753716955863,0.3181963390978686,2,Plastique
-1.1565823119835485,-1.6031114153625903,0,Métal
-0.3354946961298634,1.6321718696840157,1,Plastique
-0.6179419024102033,1.2781679479854404,0,Métal
2.0115152983539932,-1.613105106939644,2,Verre
-0.7754229105233428,-0.3012692860942763,1,Papier
-0.3240794515744507,-0.35049598975758745,1,Plastique
2.54753716955863,0.3181963390978686,2,Verre
-0.40814189288454594,-1.3339367153639032,1,Plastique
-0.6338896103063858,-0.3249078659013238,1,Plastique
-1.0429534762885118,-0.27262732514511545,1,Papier
1.889939640410478,-0.6010207653939572,2,Verre
2.444954401089233,1.3229200290320524,2,Verre
-0.5829919790365816,-0.64581959064274,0,Métal
-0.6270210211519253,0.2834373525109317,0,Métal
-1.1149695769892027,-1.589762880363463,0,Métal
-0.2603432559635557,0.6343787367989917,1,Métal
-0.7044365458220153,-0.31794796262230207,1,Plastique
-0.5755140193878766,-0.320413741044812,1,Papier
-0.8476161520762926,-1.2932065330130031,1,Plastique
-0.7922811815442512,-0.299488684085764,1,Papier
-0.7466442220151605,-1.3011553282744321,1,Papier
-0.5649266500457416,0.66157153873926,1,Plastique
-0.6411771487081366,-0.3204511565003827,1,Plastique
-0.652084469091131,1.6638812774061702,1,Plastique
2.7755246397487245,0.2901916138925098,2,Verre
-0.7183757782758152,-0.635430529626668,0,Métal
-0.41345902708322413,0.264045101778666,0,Métal
-0.31696795982073384,1.2628590891230267,0,Métal
1.1529117693251412,-0.524206162582551,2,Verre
1.3038512097901358,1.4867195447223571,2,Verre
0.03944906910588397,-0.40279302820127416,1,Verre
2.2297868363059585,-0.6415166132664987,2,Verre
-0.8418243258081799,-1.29601318886491,1,Plastique
-0.4034674703958562,-0.3464287312888781,1,Plastique
-0.6534133585489156,-0.6527505434056451,0,Métal
-0.42111038160958814,1.2861331709786235,0,Métal
-1.2582116448298073,-0.6499058005050623,0,Métal
-0.5022805821133287,1.646679611570905,1,Plastique
-0.41917477282682203,0.6469547156174642,1,Plastique
1.5432437787256605,-0.5635357803355695,2,Verre
0.09513017587987957,0.5708918440944932,1,Verre
-0.9437474519526967,-1.606524426047802,0,Plastique
-0.5685528965363124,-0.3195533341147967,1,Papier
0.9952172133782848,-0.46951470396189454,2,Verre
-0.17245991369999825,1.2822726696787983,0,Métal
-0.9122757026772939,0.704701675315843,1,Papier
-0.7176837303088315,-1.6430212082252742,0,Métal
-1.1979056552266514,-1.2547925394775914,1,Plastique
-0.4234608262860532,-1.3405125386047834,1,Plastique
-0.6106094838331237,-1.6766120248540561,0,Métal
-0.2726825072885051,1.2867200265280323,0,Métal
-0.5133999385665494,1.651841279326714,1,Plastique
0.9646252434279918,-0.5047558554351751,2,Verre
-0.8510821445728516,-1.2886994066321646,1,Papier
0.09025356448137539,-1.4250393296121848,1,Verre
-0.6451741253002613,-1.3140839757241145,1,Plastique
-0.5601849874271755,1.6656037303311135,1,Papier
-0.2955583887471736,-0.6803758417062483,0,Métal
-0.7216385372486922,-0.314430359429936,1,Plastique
-0.5964372241123914,0.6644829977010407,1,Plastique
-0.8763799226645685,1.6895197412768204,1,Plastique
2.2024833355265576,1.3473330455646997,2,Verre
1.2643270430883318,-0.536731317970806,2,Verre
-0.6896912431428321,0.3515405246926804,0,Métal
-0.7778789225572764,-0.2978285929846807,1,Papier
-0.23107094699315517,1.6234956736300863,1,Plastique
-0.545529405493546,-0.33139479027317287,1,Plastique
-0.8056250528621177,1.6884097158920828,1,Papier
-0.8725396303436437,-1.2864830080451184,1,Plastique
2.9658320686982704,0.2727252364467474,2,Verre
1.5345042785335,-1.560221577004525,2,Verre
-0.4531067342158682,-0.3374215543199319,1,Plastique
2.069142289655625,-1.6235081340431767,2,Plastique
0.2098228254031377,0.5518882398620109,1,Verre
-0.6174833381515717,-0.3136662663041836,1,Papier
-0.8295689102923998,-1.2940096446410667,1,Papier
-0.5950508993530641,0.666325567520279,1,Plastique
1.4903947647951572,-1.556353801334604,2,Verre
-0.40939130879904506,-0.34731096067895817,1,Plastique
-0.4179554232273607,-1.713596227994715,0,Métal
-0.8201165309478446,-0.6749377736545884,0,Métal
-0.6360481566948296,0.35199946351770284,0,Métal
-0.8164437643495444,-1.6453785086017096,0,Métal
1.7896357663050961,1.3948338566033593,2,Verre
-0.5749231587174256,-0.33051996379632964,1,Plastique
-0.6332663893575894,-0.31993231169348313,1,Plastique
1.5579931380796663,-1.558805382982399,2,Verre
-0.8582957360161008,-1.2908287571283332,1,Plastique
-0.8758748154397742,-1.2884274646008638,1,Plastique
2.345200930512269,-0.6554908473872358,2,Verre
0.08231051975614942,-1.4232119562276984,1,Verre
0.9594408202083624,-0.4986026839451555,2,Verre
-0.41345902708322413,0.264045101778666,0,Métal
-1.0359319889364065,0.7118604489359865,1,Plastique
1.826712895309137,1.3905952886026018,2,Verre
-0.7825540279237578,-0.29730152029838286,1,Papier
2.2605021110526073,0.3502666969277375,2,Verre
-0.8660558759393759,0.7031539519886494,1,Papier
2.2651197940444767,0.34928378191713083,2,Verre
-0.8535651560990993,-1.6671439012765712,0,Métal
1.5145828372399135,-1.5546853767518218,2,Verre
-0.47697668022420725,-1.685439494001578,0,Métal
0.7807904946840283,0.5118079714877404,2,Verre
-0.37794086250123704,-0.6668570195103913,0,Métal
-0.839127322213352,-1.2901419041674727,1,Plastique
0.42067316629015095,-0.44255780219924756,1,Verre
-0.9261332986312321,0.708204949189642,1,Papier
1.8649770022564587,-0.60489505456369,2,Verre
2.403964097061919,0.33176721109469365,2,Verre
1.5145828372399135,-1.5546853767518218,2,Verre
-0.45261473943527897,-0.3400364753253502,1,Plastique
0.3286476695146211,-1.421436244664311,1,Métal
-0.45862959225050826,1.2175517312736692,3,Métal
-0.8441166648015376,-1.2921811042578017,1,Plastique
-0.5791041280904737,1.6664700087471267,1,Papier
0.3142208751380402,-0.4626691720298014,1,Verre
-0.5864957990422932,0.2961040289807684,0,Plastique
-0.46583343597853,-0.6512726662105832,0,Métal
-0.9067950886581917,-0.29620314471723286,1,Papier
-0.6872218168792226,1.668231179275521,1,Plastique
-0.6946288714314617,0.6832463019301407,1,Papier
-0.7405932848105957,-0.311766582996865,1,Plastique
-0.281237626078621,0.6326031289893674,1,Plastique
-0.4579574629232004,-0.3344767585849213,1,Plastique
-0.16143554860937206,0.23683360804677456,0,Métal
-0.9754231408245537,1.381175040678073,0,Métal
-0.9337461989282465,-1.274994517275454,1,Papier
-0.4195093913200536,0.2567246239801133,0,Métal
-0.39681441236513226,-0.6685011236194356,0,Métal
1.4937829284116917,-0.5633962664619733,2,Verre
-0.7492922120974896,1.684494740744196,1,Papier
-0.36592198475312976,0.6418189040743763,1,Plastique
-0.6325246125037338,-1.30753267585874,1,Papier
-0.5931039788455251,-1.3175778363808577,1,Plastique
-0.6872050403868691,-1.2993335715992067,1,Papier
-0.5983034162972465,1.6568668475062795,1,Plastique
-0.2951792487243863,0.6389502968396419,1,Plastique
1.734122961994921,0.40887508563244856,2,Plastique
2.2529318915755487,-0.6432506558745413,2,Verre
-1.1107001355162403,-1.5948300989212136,0,Métal
2.3625501859496736,-1.653715562903939,2,Verre
-0.6761597288636587,-1.3120060947285368,1,Plastique
-0.9083002672362167,-0.2902770440650495,1,Papier
-0.4756483478261667,0.6682916823127292,1,Papier
-1.001383677944713,-1.2850954010203606,1,Plastique
-0.9194147309945724,1.2611468317736925,3,Plastique
-1.1782107313687327,-1.2588082977826176,1,Papier
-0.4693064950461685,0.6578892568278374,1,Plastique
1.8454947045862538,0.3922446998255542,2,Verre
-0.4916340839469999,1.6490421388636867,1,Plastique
-0.652084469091131,1.6638812774061702,1,Plastique
1.6201283174911973,-0.5729642645688829,2,Verre
1.2892352480914688,1.4567620685624625,2,Verre
1.0638033858570657,1.4720870706261657,2,Verre
-0.38187426105041944,1.6516021167912636,1,Papier
-0.3453202131933435,-0.34928518048824375,1,Métal
-0.9681289126151577,-1.2704617792583945,1,Papier
-0.32682045555469197,0.6401491105484365,1,Plastique
-0.7394401823639821,1.6825982854244639,1,Papier
1.2643270430883318,-0.536731317970806,2,Verre
2.1624706678296293,0.3596702825439049,2,Verre
-0.5898185332343572,-0.32591814091779825,1,Plastique
-0.9707461943185319,-1.272653462755729,1,Papier
2.464995408810037,0.32301104745129594,2,Verre
-0.5932879161777999,1.668003586603288,1,Papier
10.793672326187249,-1.0115180281443148,2,Verre
-0.8575849550135124,0.34271803878750884,0,Métal
-0.8201165309478446,-0.6749377736545884,0,Métal
-0.5800063742168884,-0.32517580036361227,1,Plastique
-1.1287833665029363,-1.2568507759598044,1,Plastique
2.180024288492194,-0.6375370997647691,2,Verre
-0.16143554860937206,0.23683360804677456,0,Métal
1.7016093690338914,-0.5797710747021486,2,Verre
2.7568772177192047,1.2864159342162742,2,Verre
-0.3684075427004384,0.651491093613928,1,Métal
-0.32682045555469197,0.6401491105484365,1,Plastique
-0.9321403197956872,-1.2830891874562156,1,Plastique
1.8729619487838494,-0.5973403552495046,2,Verre
-0.6412148296199306,-0.32043021082601153,1,Plastique
-0.4310168167202475,-1.3364779486316878,1,Plastique
-0.4784966986762519,0.6559505078270516,1,Plastique
-0.9841230882407894,-1.2723626931666516,1,Papier
-0.7395498741072597,0.6810066880798147,1,Plastique
-0.4976223947716013,-1.3297902868482951,1,Plastique
-0.8726177983199979,-0.3043924768915294,1,Plastique
-0.8087623630337011,-1.2884030909100204,1,Papier
-0.7714781113134025,1.68551007699366,1,Papier
-0.7712695887339711,-1.6624494101180352,0,Métal
-0.5459034416980083,1.6647125210044929,1,Papier
-0.26503385005150737,0.6351057674140164,1,Plastique
-0.7437392831012231,0.6803614352839207,1,Plastique
-1.1462923840975963,1.3682244939450772,0,Métal
-0.7972420531857902,1.6790973380135295,1,Plastique
-0.054421101128248384,1.600445966861254,1,Plastique
-0.6935936780877673,1.6782792544572198,1,Papier
-0.2824454887537422,0.6361781898578862,1,Plastique
-0.37290238502707285,1.6374890295798907,1,Plastique
1.5928522845804658,-1.5686586134194358,2,Verre
-0.8543722460075781,-1.6446108183092647,0,Plastique
-0.4379414076174276,0.6493293298804923,1,Plastique
-0.23107094699315517,1.6234956736300863,1,Plastique
2.2024833355265576,1.3473330455646997,2,Plastique
-0.7776316063225828,-1.6794378337075102,0,Métal
-0.26489625559014823,1.6242930870510983,1,Plastique
-0.3691283263457642,0.3251135073639835,0,Métal
2.089927259648426,-1.618167165126803,2,Verre
-0.3659438284510086,0.28419001508154307,0,Plastique
-1.0392716035547906,-0.2729884157121565,1,Papier
-0.18662163522728886,1.301263521057493,0,Métal
1.5301662137504262,-1.5599131610304688,2,Verre
-1.171540839600162,-1.2527287690161086,1,Papier
0.4025872059107255,0.5622173135686739,1,Plastique
1.0685149389806337,-0.4749933114118059,2,Verre
-0.8617595766569339,-0.29001438895548537,1,Plastique
-1.0139282462395738,-0.6711473401555164,0,Métal
-0.4358660211586852,-1.3331678085483492,1,Plastique
-1.070713531947797,-0.2760381058693113,1,Plastique
-0.9042589558892188,-0.2838388763636861,1,Papier
-0.4379414076174276,0.6493293298804923,1,Plastique
-0.7492922120974896,1.684494740744196,1,Papier
2.322073224966372,0.337901266795098,2,Verre
1.8299174056747018,0.3995804661556013,2,Verre
-0.8229512834394771,-0.2910804044443127,1,Papier
-0.8883081146121451,-0.28838103025012285,1,Papier
-1.0349634759103088,-0.6544953251876848,0,Métal
-0.9031364306425226,-1.285324613518144,1,Plastique
-0.7446575211665657,-0.31323426529184406,1,Plastique
